{"level":"info","message":"📧 Nodemailer running in MOCK mode. Emails will be logged to combined.log","timestamp":"2026-06-10 17:18:06"}
{"level":"info","message":"📧 Nodemailer running in MOCK mode. Emails will be logged to combined.log","timestamp":"2026-06-10 17:18:07"}
{"level":"info","message":"📧 Nodemailer running in MOCK mode. Emails will be logged to combined.log","timestamp":"2026-06-10 17:18:08"}
{"level":"info","message":"📧 Nodemailer running in MOCK mode. Emails will be logged to combined.log","timestamp":"2026-06-10 17:21:05"}
{"level":"info","message":"📧 Nodemailer running in MOCK mode. Emails will be logged to combined.log","timestamp":"2026-06-10 17:21:05"}
{"level":"info","message":"📧 Nodemailer running in MOCK mode. Emails will be logged to combined.log","timestamp":"2026-06-10 17:21:05"}
{"level":"info","message":"📧 Nodemailer running in MOCK mode. Emails will be logged to combined.log","timestamp":"2026-06-10 17:23:12"}
{"level":"info","message":"📧 Nodemailer running in MOCK mode. Emails will be logged to combined.log","timestamp":"2026-06-10 17:23:12"}
{"level":"info","message":"📧 Nodemailer running in MOCK mode. Emails will be logged to combined.log","timestamp":"2026-06-10 17:23:12"}
{"level":"info","message":"📧 Nodemailer running in MOCK mode. Emails will be logged to combined.log","timestamp":"2026-06-10 17:23:33"}
{"level":"info","message":"POST /api/v1/leaves/apply 401","timestamp":"2026-06-10 17:23:33"}
{"level":"info","message":"GET /api/v1/leaves/balances 401","timestamp":"2026-06-10 17:23:33"}
{"level":"info","message":"📧 Nodemailer running in MOCK mode. Emails will be logged to combined.log","timestamp":"2026-06-10 17:23:34"}
{"level":"info","message":"GET /api/v1/employees 401","timestamp":"2026-06-10 17:23:34"}
{"level":"info","message":"GET /api/v1/employees/1 401","timestamp":"2026-06-10 17:23:34"}
{"level":"info","message":"📧 Nodemailer running in MOCK mode. Emails will be logged to combined.log","timestamp":"2026-06-10 17:23:34"}
{"level":"error","message":"POST /api/v1/auth/login — Invalid email or password","stack":"Error: Invalid email or password\n    at Module.loginUser (C:\\Users\\Rishi Garg\\OneDrive\\Desktop\\I soft\\I-soft-Project\\backend\\services\\authService.js:50:11)\n    at processTicksAndRejections (node:internal/process/task_queues:104:5)\n    at login (C:\\Users\\Rishi Garg\\OneDrive\\Desktop\\I soft\\I-soft-Project\\backend\\controllers\\authController.js:20:20)","timestamp":"2026-06-10 17:23:34"}
{"level":"info","message":"POST /api/v1/auth/login 500","timestamp":"2026-06-10 17:23:34"}
{"level":"info","message":"POST /api/v1/auth/login 400","timestamp":"2026-06-10 17:23:34"}
{"level":"info","message":"GET /api/v1/auth/profile 401","timestamp":"2026-06-10 17:23:34"}
{"level":"info","message":"📧 Nodemailer running in MOCK mode. Emails will be logged to combined.log","timestamp":"2026-06-10 17:24:05"}
{"level":"warn","message":"POST /api/v1/auth/login — 401: Invalid email or password","timestamp":"2026-06-10 17:24:05"}
{"level":"info","message":"POST /api/v1/auth/login 401","timestamp":"2026-06-10 17:24:05"}
{"level":"error","message":"POST /api/v1/auth/login — \"password\" is required","stack":"ValidationError: \"password\" is required","timestamp":"2026-06-10 17:24:05"}
{"level":"info","message":"POST /api/v1/auth/login 422","timestamp":"2026-06-10 17:24:05"}
{"level":"info","message":"GET /api/v1/auth/profile 401","timestamp":"2026-06-10 17:24:05"}
{"level":"info","message":"📧 Nodemailer running in MOCK mode. Emails will be logged to combined.log","timestamp":"2026-06-10 17:24:05"}
{"level":"info","message":"POST /api/v1/leaves/apply 401","timestamp":"2026-06-10 17:24:05"}
{"level":"info","message":"GET /api/v1/leaves/balances 401","timestamp":"2026-06-10 17:24:05"}
{"level":"info","message":"📧 Nodemailer running in MOCK mode. Emails will be logged to combined.log","timestamp":"2026-06-10 17:24:06"}
{"level":"info","message":"GET /api/v1/employees 401","timestamp":"2026-06-10 17:24:06"}
{"level":"info","message":"GET /api/v1/employees/1 401","timestamp":"2026-06-10 17:24:06"}
{"level":"info","message":"📧 Nodemailer running in MOCK mode. Emails will be logged to combined.log","timestamp":"2026-06-10 17:42:53"}
{"level":"info","message":"⏰ Background Jobs Engine initialized successfully.","timestamp":"2026-06-10 17:42:53"}
{"level":"info","message":"===================================================","timestamp":"2026-06-10 17:42:53"}
{"level":"info","message":" i-SOFTZONE Backend running on port 4000","timestamp":"2026-06-10 17:42:53"}
{"level":"info","message":" Environment             : DEVELOPMENT","timestamp":"2026-06-10 17:42:53"}
{"level":"info","message":" 🔒 Helmet + Rate Limiting: ACTIVE","timestamp":"2026-06-10 17:42:53"}
{"level":"info","message":" 📢 Notifications Engine  : ACTIVE","timestamp":"2026-06-10 17:42:53"}
{"level":"info","message":" 🗂️  Audit Trail (JSONB)   : ACTIVE","timestamp":"2026-06-10 17:42:53"}
{"level":"info","message":" ⏰ Cron Scheduler        : ACTIVE","timestamp":"2026-06-10 17:42:53"}
{"level":"info","message":" 📖 Swagger Docs          : http://localhost:4000/api-docs","timestamp":"2026-06-10 17:42:53"}
{"level":"info","message":"===================================================","timestamp":"2026-06-10 17:42:53"}
{"level":"info","message":"GET /api/v1/monitoring/stats 200","timestamp":"2026-06-10 17:42:55"}
{"level":"info","message":"GET /api/v1/monitoring/stats 200","timestamp":"2026-06-10 17:43:00"}
{"level":"info","message":"GET /api/v1/monitoring/stats 200","timestamp":"2026-06-10 17:43:05"}
{"level":"info","message":"GET /api/v1/monitoring/stats 200","timestamp":"2026-06-10 17:43:10"}
{"level":"info","message":"GET /api/v1/monitoring/stats 200","timestamp":"2026-06-10 17:43:15"}
{"level":"info","message":"GET /api/v1/monitoring/stats 200","timestamp":"2026-06-10 17:43:20"}
{"level":"info","message":"GET /api/v1/monitoring/stats 200","timestamp":"2026-06-10 17:43:25"}
{"level":"info","message":"GET /api/v1/monitoring/stats 200","timestamp":"2026-06-10 17:43:25"}
{"level":"info","message":"GET /api/v1/monitoring/stats 200","timestamp":"2026-06-10 17:43:25"}
{"level":"info","message":"GET /api/v1/monitoring/stats 200","timestamp":"2026-06-10 17:43:25"}
{"level":"info","message":"GET /api/v1/monitoring/stats 200","timestamp":"2026-06-10 17:43:25"}
{"level":"info","message":"GET /api/v1/monitoring/stats 200","timestamp":"2026-06-10 17:43:30"}
{"level":"info","message":"GET /api/v1/monitoring/stats 200","timestamp":"2026-06-10 17:43:35"}
{"level":"info","message":"GET /api/v1/monitoring/stats 200","timestamp":"2026-06-10 17:43:40"}
{"level":"info","message":"GET /api/v1/monitoring/stats 200","timestamp":"2026-06-10 17:43:45"}
{"level":"info","message":"GET /api/v1/monitoring/stats 200","timestamp":"2026-06-10 17:43:50"}
{"level":"info","message":"GET /api/v1/monitoring/stats 200","timestamp":"2026-06-10 17:43:55"}
{"level":"info","message":"GET /api/auth/profile 403","timestamp":"2026-06-10 17:43:55"}
{"level":"info","message":"GET /api/auth/profile 403","timestamp":"2026-06-10 17:43:55"}
{"level":"info","message":"GET /api/v1/monitoring/stats 200","timestamp":"2026-06-10 17:44:00"}
{"level":"info","message":"GET /api/v1/monitoring/stats 200","timestamp":"2026-06-10 17:44:05"}
{"level":"info","message":"GET /api/v1/monitoring/stats 200","timestamp":"2026-06-10 17:44:10"}
{"level":"info","message":"GET /api/v1/monitoring/stats 200","timestamp":"2026-06-10 17:44:15"}
{"level":"info","message":"GET /api/v1/monitoring/stats 200","timestamp":"2026-06-10 17:44:20"}
{"level":"info","message":"GET /api/v1/monitoring/stats 200","timestamp":"2026-06-10 17:44:25"}
{"level":"info","message":"GET /api/v1/monitoring/stats 200","timestamp":"2026-06-10 17:44:25"}
{"level":"info","message":"GET /api/v1/monitoring/stats 200","timestamp":"2026-06-10 17:44:25"}
{"level":"info","message":"GET /api/v1/monitoring/stats 200","timestamp":"2026-06-10 17:44:25"}
{"level":"info","message":"GET /api/v1/monitoring/stats 200","timestamp":"2026-06-10 17:44:25"}
{"level":"info","message":"GET /api/v1/monitoring/stats 200","timestamp":"2026-06-10 17:44:30"}
{"level":"info","message":"GET /api/v1/monitoring/stats 200","timestamp":"2026-06-10 17:44:35"}
{"level":"info","message":"GET /api/v1/monitoring/stats 200","timestamp":"2026-06-10 17:44:40"}
{"level":"info","message":"GET /api/v1/monitoring/stats 200","timestamp":"2026-06-10 17:44:45"}
{"level":"info","message":"GET /api/v1/monitoring/stats 200","timestamp":"2026-06-10 17:44:50"}
{"level":"info","message":"GET /api/v1/monitoring/stats 200","timestamp":"2026-06-10 17:44:55"}
{"level":"info","message":"GET /api/v1/monitoring/stats 200","timestamp":"2026-06-10 17:45:00"}
{"level":"info","message":"GET /api/v1/monitoring/stats 200","timestamp":"2026-06-10 17:45:05"}
{"level":"info","message":"GET /api/v1/monitoring/stats 200","timestamp":"2026-06-10 17:45:10"}
{"level":"info","message":"GET /api/v1/monitoring/stats 200","timestamp":"2026-06-10 17:45:15"}
{"level":"info","message":"GET /api/v1/monitoring/stats 200","timestamp":"2026-06-10 17:45:20"}
{"level":"info","message":"GET /api/v1/monitoring/stats 200","timestamp":"2026-06-10 17:45:25"}
{"level":"info","message":"GET /api/v1/monitoring/stats 200","timestamp":"2026-06-10 17:45:25"}
{"level":"info","message":"GET /api/v1/monitoring/stats 200","timestamp":"2026-06-10 17:45:25"}
{"level":"info","message":"GET /api/v1/monitoring/stats 200","timestamp":"2026-06-10 17:45:25"}
{"level":"info","message":"GET /api/v1/monitoring/stats 200","timestamp":"2026-06-10 17:45:25"}
{"level":"info","message":"GET /api/v1/monitoring/stats 200","timestamp":"2026-06-10 17:45:30"}
{"level":"info","message":"GET /api/v1/monitoring/stats 200","timestamp":"2026-06-10 17:45:35"}
{"level":"info","message":"GET /api/v1/monitoring/stats 200","timestamp":"2026-06-10 17:45:40"}
{"level":"info","message":"GET /api/v1/monitoring/stats 200","timestamp":"2026-06-10 17:45:45"}
{"level":"info","message":"GET /api/v1/monitoring/stats 200","timestamp":"2026-06-10 17:45:50"}
{"level":"info","message":"GET /api/v1/monitoring/stats 200","timestamp":"2026-06-10 17:45:55"}
{"level":"info","message":"GET /api/v1/monitoring/stats 200","timestamp":"2026-06-10 17:46:00"}
{"level":"info","message":"GET /api/v1/monitoring/stats 200","timestamp":"2026-06-10 17:46:05"}
{"level":"info","message":"GET /api/v1/monitoring/stats 200","timestamp":"2026-06-10 17:46:09"}
{"level":"info","message":"GET /api/v1/monitoring/stats 200","timestamp":"2026-06-10 17:46:10"}
{"level":"info","message":"GET /api/v1/monitoring/stats 200","timestamp":"2026-06-10 17:46:15"}
{"level":"info","message":"GET /api/v1/monitoring/stats 200","timestamp":"2026-06-10 17:46:20"}
{"level":"info","message":"GET /api/auth/profile 403","timestamp":"2026-06-10 17:46:21"}
{"level":"info","message":"GET /api/auth/profile 403","timestamp":"2026-06-10 17:46:21"}
{"level":"info","message":"GET /api/v1/monitoring/stats 200","timestamp":"2026-06-10 17:46:25"}
{"level":"info","message":"GET /api/v1/monitoring/stats 200","timestamp":"2026-06-10 17:46:25"}
{"level":"info","message":"GET /api/v1/monitoring/stats 200","timestamp":"2026-06-10 17:46:25"}
{"level":"info","message":"GET /api/v1/monitoring/stats 200","timestamp":"2026-06-10 17:46:25"}
{"level":"info","message":"GET /api/v1/monitoring/stats 200","timestamp":"2026-06-10 17:47:25"}
{"level":"info","message":"GET /api/v1/monitoring/stats 200","timestamp":"2026-06-10 17:47:25"}
{"level":"info","message":"GET /api/v1/monitoring/stats 200","timestamp":"2026-06-10 17:47:25"}
{"level":"info","message":"GET /api/v1/monitoring/stats 200","timestamp":"2026-06-10 17:47:25"}
{"level":"warn","message":"POST /api/auth/login — 401: Invalid email or password","timestamp":"2026-06-10 17:47:49"}
{"level":"info","message":"POST /api/auth/login 401","timestamp":"2026-06-10 17:47:49"}
{"level":"info","message":"GET /api/v1/monitoring/stats 200","timestamp":"2026-06-10 17:48:25"}
{"level":"info","message":"GET /api/v1/monitoring/stats 200","timestamp":"2026-06-10 17:48:25"}
{"level":"info","message":"GET /api/v1/monitoring/stats 200","timestamp":"2026-06-10 17:48:25"}
{"level":"info","message":"GET /api/v1/monitoring/stats 200","timestamp":"2026-06-10 17:48:25"}
{"level":"warn","message":"POST /api/auth/login — 401: Invalid email or password","timestamp":"2026-06-10 17:48:54"}
{"level":"info","message":"POST /api/auth/login 401","timestamp":"2026-06-10 17:48:54"}
{"level":"info","message":"GET /api/v1/monitoring/stats 200","timestamp":"2026-06-10 17:49:25"}
{"level":"info","message":"GET /api/v1/monitoring/stats 200","timestamp":"2026-06-10 17:49:25"}
{"level":"info","message":"GET /api/v1/monitoring/stats 200","timestamp":"2026-06-10 17:49:25"}
{"level":"info","message":"GET /api/v1/monitoring/stats 200","timestamp":"2026-06-10 17:49:25"}
{"level":"warn","message":"POST /api/auth/login — 401: Invalid email or password","timestamp":"2026-06-10 17:50:21"}
{"level":"info","message":"POST /api/auth/login 401","timestamp":"2026-06-10 17:50:21"}
{"level":"info","message":"GET /api/v1/monitoring/stats 200","timestamp":"2026-06-10 17:50:25"}
{"level":"info","message":"GET /api/v1/monitoring/stats 200","timestamp":"2026-06-10 17:50:25"}
{"level":"info","message":"GET /api/v1/monitoring/stats 200","timestamp":"2026-06-10 17:50:25"}
{"level":"info","message":"GET /api/v1/monitoring/stats 200","timestamp":"2026-06-10 17:50:25"}
{"level":"info","message":"GET /api/v1/employees 401","timestamp":"2026-06-10 17:50:43"}
{"level":"info","message":"GET /api/v1/monitoring/stats 200","timestamp":"2026-06-10 17:51:25"}
{"level":"info","message":"GET /api/v1/monitoring/stats 200","timestamp":"2026-06-10 17:51:25"}
{"level":"info","message":"GET /api/v1/monitoring/stats 200","timestamp":"2026-06-10 17:51:25"}
{"level":"info","message":"GET /api/v1/monitoring/stats 200","timestamp":"2026-06-10 17:51:25"}
{"level":"warn","message":"POST /api/auth/login — 401: Invalid email or password","timestamp":"2026-06-10 17:51:57"}
{"level":"info","message":"POST /api/auth/login 401","timestamp":"2026-06-10 17:51:57"}
{"level":"info","message":"GET /api/v1/monitoring/stats 200","timestamp":"2026-06-10 17:52:25"}
{"level":"info","message":"GET /api/v1/monitoring/stats 200","timestamp":"2026-06-10 17:52:25"}
{"level":"info","message":"GET /api/v1/monitoring/stats 200","timestamp":"2026-06-10 17:52:25"}
{"level":"info","message":"GET /api/v1/monitoring/stats 200","timestamp":"2026-06-10 17:52:25"}
{"level":"info","message":"GET /api/v1/monitoring/stats 200","timestamp":"2026-06-10 17:53:25"}
{"level":"info","message":"GET /api/v1/monitoring/stats 200","timestamp":"2026-06-10 17:53:25"}
{"level":"info","message":"GET /api/v1/monitoring/stats 200","timestamp":"2026-06-10 17:53:25"}
{"level":"info","message":"GET /api/v1/monitoring/stats 200","timestamp":"2026-06-10 17:53:25"}
{"level":"info","message":"[MOCK EMAIL SENT]\n      TO:      testadmin@demo.com\n      SUBJECT: Welcome to i-SOFTZONE Technologies Pvt Ltd!\n      BODY:    Welcome to i-SOFTZONE!\n      Hi Test Admin,\n      Your user profile has been successfully set up in the Employee leave and attendance tracker system portal.\n      You can now log in using your registered email and password to track leave balances, attendance logs, and manage allocations.\n      \n      i-SOFTZONE Technologies Pvt Ltd &copy; 2026\n    ","timestamp":"2026-06-10 17:54:03"}
{"level":"info","message":"POST /api/auth/register 201","timestamp":"2026-06-10 17:54:03"}
{"level":"info","message":"GET /api/v1/monitoring/stats 200","timestamp":"2026-06-10 17:54:25"}
{"level":"info","message":"GET /api/v1/monitoring/stats 200","timestamp":"2026-06-10 17:54:25"}
{"level":"info","message":"GET /api/v1/monitoring/stats 200","timestamp":"2026-06-10 17:54:25"}
{"level":"info","message":"GET /api/v1/monitoring/stats 200","timestamp":"2026-06-10 17:54:25"}
{"level":"info","message":"POST /api/auth/login 200","timestamp":"2026-06-10 17:54:53"}
{"level":"info","message":"Cache MISS: Fetching departments list from Database","timestamp":"2026-06-10 17:54:53"}
{"level":"info","message":"Cache MISS: Fetching skills list from Database","timestamp":"2026-06-10 17:54:53"}
{"level":"info","message":"GET /api/leaves/analytics 403","timestamp":"2026-06-10 17:54:53"}
{"level":"info","message":"GET /api/employees?limit=100 304","timestamp":"2026-06-10 17:54:53"}
{"level":"info","message":"GET /api/v1/monitoring/stats 200","timestamp":"2026-06-10 17:54:53"}
{"level":"info","message":"GET /api/leaves/analytics 403","timestamp":"2026-06-10 17:54:53"}
{"level":"info","message":"GET /api/departments 200","timestamp":"2026-06-10 17:54:53"}
{"level":"info","message":"GET /api/skills 200","timestamp":"2026-06-10 17:54:53"}
{"level":"info","message":"GET /api/employees?limit=100 304","timestamp":"2026-06-10 17:54:53"}
{"level":"info","message":"GET /api/v1/monitoring/stats 200","timestamp":"2026-06-10 17:54:53"}
{"level":"info","message":"Cache HIT: Serving departments list from Node-Cache","timestamp":"2026-06-10 17:54:53"}
{"level":"info","message":"GET /api/departments 304","timestamp":"2026-06-10 17:54:53"}
{"level":"info","message":"Cache HIT: Serving skills list from Node-Cache","timestamp":"2026-06-10 17:54:53"}
{"level":"info","message":"GET /api/skills 304","timestamp":"2026-06-10 17:54:53"}
{"level":"info","message":"GET /api/v1/monitoring/stats 200","timestamp":"2026-06-10 17:54:58"}
{"level":"info","message":"GET /api/v1/monitoring/stats 200","timestamp":"2026-06-10 17:55:03"}
{"level":"info","message":"GET /api/v1/monitoring/stats 200","timestamp":"2026-06-10 17:55:08"}
{"level":"info","message":"GET /api/v1/monitoring/stats 200","timestamp":"2026-06-10 17:55:13"}
{"level":"info","message":"GET /api/v1/monitoring/stats 200","timestamp":"2026-06-10 17:55:18"}
{"level":"info","message":"GET /api/v1/monitoring/stats 200","timestamp":"2026-06-10 17:55:23"}
{"level":"info","message":"GET /api/v1/monitoring/stats 200","timestamp":"2026-06-10 17:55:25"}
{"level":"info","message":"GET /api/v1/monitoring/stats 200","timestamp":"2026-06-10 17:55:25"}
{"level":"info","message":"GET /api/v1/monitoring/stats 200","timestamp":"2026-06-10 17:55:25"}
{"level":"info","message":"GET /api/v1/monitoring/stats 200","timestamp":"2026-06-10 17:55:25"}
{"level":"info","message":"GET /api/v1/monitoring/stats 200","timestamp":"2026-06-10 17:55:28"}
{"level":"info","message":"GET /api/auth/profile 200","timestamp":"2026-06-10 17:55:29"}
{"level":"info","message":"GET /api/auth/profile 304","timestamp":"2026-06-10 17:55:29"}
{"level":"info","message":"GET /api/v1/monitoring/stats 200","timestamp":"2026-06-10 17:56:25"}
{"level":"info","message":"GET /api/v1/monitoring/stats 200","timestamp":"2026-06-10 17:56:25"}
{"level":"info","message":"GET /api/v1/monitoring/stats 200","timestamp":"2026-06-10 17:56:25"}
{"level":"info","message":"GET /api/v1/monitoring/stats 200","timestamp":"2026-06-10 17:56:25"}
{"level":"warn","message":"POST /api/auth/login — 401: Invalid email or password","timestamp":"2026-06-10 17:56:36"}
{"level":"info","message":"POST /api/auth/login 401","timestamp":"2026-06-10 17:56:36"}
{"level":"info","message":"GET /api/v1/monitoring/stats 200","timestamp":"2026-06-10 17:57:25"}
{"level":"info","message":"GET /api/v1/monitoring/stats 200","timestamp":"2026-06-10 17:57:25"}
{"level":"info","message":"GET /api/v1/monitoring/stats 200","timestamp":"2026-06-10 17:57:25"}
{"level":"info","message":"GET /api/v1/monitoring/stats 200","timestamp":"2026-06-10 17:57:25"}
{"level":"warn","message":"POST /api/auth/login — 401: Invalid email or password","timestamp":"2026-06-10 17:57:34"}
{"level":"info","message":"POST /api/auth/login 401","timestamp":"2026-06-10 17:57:34"}
{"level":"info","message":"GET /api/v1/monitoring/stats 200","timestamp":"2026-06-10 17:58:25"}
{"level":"info","message":"GET /api/v1/monitoring/stats 200","timestamp":"2026-06-10 17:58:25"}
{"level":"info","message":"GET /api/v1/monitoring/stats 200","timestamp":"2026-06-10 17:58:25"}
{"level":"info","message":"GET /api/v1/monitoring/stats 200","timestamp":"2026-06-10 17:58:25"}
{"level":"info","message":"POST /api/auth/login 200","timestamp":"2026-06-10 17:58:33"}
{"level":"info","message":"Cache HIT: Serving departments list from Node-Cache","timestamp":"2026-06-10 17:58:33"}
{"level":"info","message":"GET /api/departments 304","timestamp":"2026-06-10 17:58:33"}
{"level":"info","message":"GET /api/employees?limit=100 304","timestamp":"2026-06-10 17:58:33"}
{"level":"info","message":"Cache HIT: Serving skills list from Node-Cache","timestamp":"2026-06-10 17:58:33"}
{"level":"info","message":"GET /api/skills 304","timestamp":"2026-06-10 17:58:33"}
{"level":"info","message":"GET /api/leaves/analytics 403","timestamp":"2026-06-10 17:58:33"}
{"level":"info","message":"Cache HIT: Serving departments list from Node-Cache","timestamp":"2026-06-10 17:58:33"}
{"level":"info","message":"GET /api/departments 304","timestamp":"2026-06-10 17:58:33"}
{"level":"info","message":"GET /api/v1/monitoring/stats 200","timestamp":"2026-06-10 17:58:33"}
{"level":"info","message":"Cache HIT: Serving skills list from Node-Cache","timestamp":"2026-06-10 17:58:33"}
{"level":"info","message":"GET /api/skills 304","timestamp":"2026-06-10 17:58:33"}
{"level":"info","message":"GET /api/leaves/analytics 403","timestamp":"2026-06-10 17:58:33"}
{"level":"info","message":"GET /api/v1/monitoring/stats 200","timestamp":"2026-06-10 17:58:33"}
{"level":"info","message":"GET /api/employees?limit=100 304","timestamp":"2026-06-10 17:58:33"}
{"level":"info","message":"GET /api/v1/monitoring/stats 200","timestamp":"2026-06-10 17:58:38"}
{"level":"info","message":"GET /api/v1/monitoring/stats 200","timestamp":"2026-06-10 17:58:43"}
{"level":"info","message":"GET /api/v1/monitoring/stats 200","timestamp":"2026-06-10 17:58:48"}
{"level":"info","message":"GET /api/v1/monitoring/stats 200","timestamp":"2026-06-10 17:58:53"}
{"level":"info","message":"GET /api/v1/monitoring/stats 200","timestamp":"2026-06-10 17:58:58"}
{"level":"info","message":"GET /api/v1/monitoring/stats 200","timestamp":"2026-06-10 17:59:03"}
{"level":"info","message":"GET /api/v1/monitoring/stats 200","timestamp":"2026-06-10 17:59:08"}
{"level":"info","message":"GET /api/v1/monitoring/stats 200","timestamp":"2026-06-10 17:59:13"}
{"level":"info","message":"GET /api/v1/monitoring/stats 200","timestamp":"2026-06-10 17:59:18"}
{"level":"info","message":"GET /api/v1/monitoring/stats 200","timestamp":"2026-06-10 17:59:23"}
{"level":"info","message":"GET /api/auth/profile 304","timestamp":"2026-06-10 17:59:24"}
{"level":"info","message":"GET /api/auth/profile 304","timestamp":"2026-06-10 17:59:24"}
{"level":"info","message":"Cache HIT: Serving departments list from Node-Cache","timestamp":"2026-06-10 17:59:24"}
{"level":"info","message":"GET /api/departments 304","timestamp":"2026-06-10 17:59:24"}
{"level":"info","message":"Cache HIT: Serving skills list from Node-Cache","timestamp":"2026-06-10 17:59:24"}
{"level":"info","message":"GET /api/skills 304","timestamp":"2026-06-10 17:59:24"}
{"level":"info","message":"GET /api/employees?limit=100 304","timestamp":"2026-06-10 17:59:24"}
{"level":"info","message":"GET /api/leaves/analytics 403","timestamp":"2026-06-10 17:59:24"}
{"level":"info","message":"GET /api/v1/monitoring/stats 200","timestamp":"2026-06-10 17:59:24"}
{"level":"info","message":"Cache HIT: Serving departments list from Node-Cache","timestamp":"2026-06-10 17:59:24"}
{"level":"info","message":"GET /api/departments 304","timestamp":"2026-06-10 17:59:24"}
{"level":"info","message":"Cache HIT: Serving skills list from Node-Cache","timestamp":"2026-06-10 17:59:24"}
{"level":"info","message":"GET /api/skills 304","timestamp":"2026-06-10 17:59:24"}
{"level":"info","message":"GET /api/employees?limit=100 304","timestamp":"2026-06-10 17:59:24"}
{"level":"info","message":"GET /api/leaves/analytics 403","timestamp":"2026-06-10 17:59:24"}
{"level":"info","message":"GET /api/v1/monitoring/stats 200","timestamp":"2026-06-10 17:59:24"}
{"level":"info","message":"GET /api/v1/monitoring/stats 200","timestamp":"2026-06-10 17:59:25"}
{"level":"info","message":"GET /api/v1/monitoring/stats 200","timestamp":"2026-06-10 17:59:25"}
{"level":"info","message":"GET /api/v1/monitoring/stats 200","timestamp":"2026-06-10 17:59:25"}
{"level":"info","message":"GET /api/v1/monitoring/stats 200","timestamp":"2026-06-10 17:59:25"}
{"level":"info","message":"GET /api/v1/monitoring/stats 200","timestamp":"2026-06-10 17:59:29"}
{"level":"info","message":"GET /api/v1/monitoring/stats 200","timestamp":"2026-06-10 17:59:34"}
{"level":"info","message":"GET /api/v1/monitoring/stats 200","timestamp":"2026-06-10 18:00:25"}
{"level":"info","message":"GET /api/v1/monitoring/stats 200","timestamp":"2026-06-10 18:00:25"}
{"level":"info","message":"GET /api/v1/monitoring/stats 200","timestamp":"2026-06-10 18:00:25"}
{"level":"info","message":"GET /api/v1/monitoring/stats 200","timestamp":"2026-06-10 18:00:25"}
{"level":"info","message":"[MOCK EMAIL SENT]\n      TO:      admin@demo.com\n      SUBJECT: Welcome to i-SOFTZONE Technologies Pvt Ltd!\n      BODY:    Welcome to i-SOFTZONE!\n      Hi Demo Admin,\n      Your user profile has been successfully set up in the Employee leave and attendance tracker system portal.\n      You can now log in using your registered email and password to track leave balances, attendance logs, and manage allocations.\n      \n      i-SOFTZONE Technologies Pvt Ltd &copy; 2026\n    ","timestamp":"2026-06-10 18:00:40"}
{"level":"info","message":"POST /api/auth/register 201","timestamp":"2026-06-10 18:00:40"}
{"level":"info","message":"GET /api/v1/monitoring/stats 200","timestamp":"2026-06-10 18:01:25"}
{"level":"info","message":"GET /api/v1/monitoring/stats 200","timestamp":"2026-06-10 18:01:25"}
{"level":"info","message":"GET /api/v1/monitoring/stats 200","timestamp":"2026-06-10 18:01:25"}
{"level":"info","message":"GET /api/v1/monitoring/stats 200","timestamp":"2026-06-10 18:01:25"}
{"level":"info","message":"POST /api/auth/login 200","timestamp":"2026-06-10 18:01:27"}
{"level":"info","message":"Cache MISS: Fetching departments list from Database","timestamp":"2026-06-10 18:01:27"}
{"level":"info","message":"GET /api/employees?limit=100 304","timestamp":"2026-06-10 18:01:27"}
{"level":"info","message":"Cache MISS: Fetching skills list from Database","timestamp":"2026-06-10 18:01:27"}
{"level":"info","message":"GET /api/leaves/analytics 403","timestamp":"2026-06-10 18:01:27"}
{"level":"info","message":"GET /api/skills 304","timestamp":"2026-06-10 18:01:27"}
{"level":"info","message":"GET /api/employees?limit=100 304","timestamp":"2026-06-10 18:01:27"}
{"level":"info","message":"GET /api/departments 304","timestamp":"2026-06-10 18:01:27"}
{"level":"info","message":"GET /api/v1/monitoring/stats 200","timestamp":"2026-06-10 18:01:27"}
{"level":"info","message":"GET /api/leaves/analytics 403","timestamp":"2026-06-10 18:01:27"}
{"level":"info","message":"Cache HIT: Serving skills list from Node-Cache","timestamp":"2026-06-10 18:01:27"}
{"level":"info","message":"GET /api/skills 304","timestamp":"2026-06-10 18:01:27"}
{"level":"info","message":"Cache HIT: Serving departments list from Node-Cache","timestamp":"2026-06-10 18:01:27"}
{"level":"info","message":"GET /api/departments 304","timestamp":"2026-06-10 18:01:27"}
{"level":"info","message":"GET /api/v1/monitoring/stats 200","timestamp":"2026-06-10 18:01:27"}
{"level":"info","message":"GET /api/v1/monitoring/stats 200","timestamp":"2026-06-10 18:01:32"}
{"level":"info","message":"GET /api/v1/monitoring/stats 200","timestamp":"2026-06-10 18:01:37"}
{"level":"info","message":"GET /api/v1/monitoring/stats 200","timestamp":"2026-06-10 18:01:42"}
{"level":"info","message":"GET /api/v1/monitoring/stats 200","timestamp":"2026-06-10 18:01:47"}
{"level":"info","message":"GET /api/v1/monitoring/stats 200","timestamp":"2026-06-10 18:01:52"}
{"level":"info","message":"GET /api/v1/monitoring/stats 200","timestamp":"2026-06-10 18:01:57"}
{"level":"info","message":"GET /api/v1/monitoring/stats 200","timestamp":"2026-06-10 18:02:02"}
{"level":"info","message":"GET /api/v1/monitoring/stats 200","timestamp":"2026-06-10 18:02:07"}
{"level":"info","message":"GET /api/v1/monitoring/stats 200","timestamp":"2026-06-10 18:02:12"}
{"level":"info","message":"GET /api/v1/monitoring/stats 200","timestamp":"2026-06-10 18:02:17"}
{"level":"info","message":"GET /api/v1/monitoring/stats 200","timestamp":"2026-06-10 18:02:22"}
{"level":"info","message":"GET /api/v1/monitoring/stats 200","timestamp":"2026-06-10 18:02:25"}
{"level":"info","message":"GET /api/v1/monitoring/stats 200","timestamp":"2026-06-10 18:02:25"}
{"level":"info","message":"GET /api/v1/monitoring/stats 200","timestamp":"2026-06-10 18:02:25"}
{"level":"info","message":"GET /api/v1/monitoring/stats 200","timestamp":"2026-06-10 18:02:25"}
{"level":"info","message":"GET /api/v1/monitoring/stats 200","timestamp":"2026-06-10 18:02:27"}
{"level":"info","message":"GET /api/v1/monitoring/stats 200","timestamp":"2026-06-10 18:02:32"}
{"level":"info","message":"GET /api/v1/monitoring/stats 200","timestamp":"2026-06-10 18:02:37"}
{"level":"info","message":"GET /api/v1/monitoring/stats 200","timestamp":"2026-06-10 18:02:42"}
{"level":"info","message":"GET /api/v1/monitoring/stats 200","timestamp":"2026-06-10 18:02:47"}
{"level":"info","message":"GET /api/v1/monitoring/stats 200","timestamp":"2026-06-10 18:02:52"}
{"level":"info","message":"GET /api/v1/monitoring/stats 200","timestamp":"2026-06-10 18:02:57"}
{"level":"info","message":"GET /api/v1/monitoring/stats 200","timestamp":"2026-06-10 18:03:02"}
{"level":"info","message":"GET /api/v1/monitoring/stats 200","timestamp":"2026-06-10 18:03:07"}
{"level":"info","message":"GET /api/v1/monitoring/stats 200","timestamp":"2026-06-10 18:03:12"}
{"level":"info","message":"GET /api/v1/monitoring/stats 200","timestamp":"2026-06-10 18:03:17"}
{"level":"info","message":"GET /api/v1/monitoring/stats 200","timestamp":"2026-06-10 18:03:22"}
{"level":"info","message":"GET /api/v1/monitoring/stats 200","timestamp":"2026-06-10 18:03:25"}
{"level":"info","message":"GET /api/v1/monitoring/stats 200","timestamp":"2026-06-10 18:03:25"}
{"level":"info","message":"GET /api/v1/monitoring/stats 200","timestamp":"2026-06-10 18:03:25"}
{"level":"info","message":"GET /api/v1/monitoring/stats 200","timestamp":"2026-06-10 18:03:25"}
{"level":"info","message":"GET /api/v1/monitoring/stats 200","timestamp":"2026-06-10 18:03:27"}
{"level":"info","message":"GET /api/v1/monitoring/stats 200","timestamp":"2026-06-10 18:03:32"}
{"level":"info","message":"GET /api/v1/monitoring/stats 200","timestamp":"2026-06-10 18:03:37"}
{"level":"info","message":"GET /api/v1/monitoring/stats 200","timestamp":"2026-06-10 18:03:42"}
{"level":"info","message":"GET /api/v1/monitoring/stats 200","timestamp":"2026-06-10 18:03:47"}
{"level":"info","message":"GET /api/v1/monitoring/stats 200","timestamp":"2026-06-10 18:03:52"}
{"level":"info","message":"GET /api/v1/monitoring/stats 200","timestamp":"2026-06-10 18:03:57"}
{"level":"info","message":"GET /api/v1/monitoring/stats 200","timestamp":"2026-06-10 18:04:02"}
{"level":"info","message":"GET /api/v1/monitoring/stats 200","timestamp":"2026-06-10 18:04:07"}
{"level":"info","message":"GET /api/v1/monitoring/stats 200","timestamp":"2026-06-10 18:04:12"}
{"level":"info","message":"GET /api/v1/monitoring/stats 200","timestamp":"2026-06-10 18:04:17"}
{"level":"info","message":"GET /api/v1/monitoring/stats 200","timestamp":"2026-06-10 18:04:22"}
{"level":"info","message":"GET /api/v1/monitoring/stats 200","timestamp":"2026-06-10 18:04:25"}
{"level":"info","message":"GET /api/v1/monitoring/stats 200","timestamp":"2026-06-10 18:04:25"}
{"level":"info","message":"GET /api/v1/monitoring/stats 200","timestamp":"2026-06-10 18:04:25"}
{"level":"info","message":"GET /api/v1/monitoring/stats 200","timestamp":"2026-06-10 18:04:25"}
{"level":"info","message":"GET /api/v1/monitoring/stats 200","timestamp":"2026-06-10 18:04:27"}
{"level":"info","message":"GET /api/v1/monitoring/stats 200","timestamp":"2026-06-10 18:04:32"}
{"level":"info","message":"GET /api/v1/monitoring/stats 200","timestamp":"2026-06-10 18:04:37"}
{"level":"info","message":"GET /api/v1/monitoring/stats 200","timestamp":"2026-06-10 18:04:42"}
{"level":"info","message":"GET /api/v1/monitoring/stats 200","timestamp":"2026-06-10 18:04:47"}
{"level":"info","message":"GET /api/v1/monitoring/stats 200","timestamp":"2026-06-10 18:04:52"}
{"level":"info","message":"GET /api/v1/monitoring/stats 200","timestamp":"2026-06-10 18:04:57"}
{"level":"info","message":"GET /api/v1/monitoring/stats 200","timestamp":"2026-06-10 18:05:02"}
{"level":"info","message":"GET /api/v1/monitoring/stats 200","timestamp":"2026-06-10 18:05:07"}
{"level":"info","message":"GET /api/v1/monitoring/stats 200","timestamp":"2026-06-10 18:05:12"}
{"level":"info","message":"GET /api/v1/monitoring/stats 200","timestamp":"2026-06-10 18:05:17"}
{"level":"info","message":"GET /api/v1/monitoring/stats 200","timestamp":"2026-06-10 18:05:22"}
{"level":"info","message":"GET /api/v1/monitoring/stats 200","timestamp":"2026-06-10 18:05:25"}
{"level":"info","message":"GET /api/v1/monitoring/stats 200","timestamp":"2026-06-10 18:05:25"}
{"level":"info","message":"GET /api/v1/monitoring/stats 200","timestamp":"2026-06-10 18:05:25"}
{"level":"info","message":"GET /api/v1/monitoring/stats 200","timestamp":"2026-06-10 18:05:25"}
{"level":"info","message":"GET /api/v1/monitoring/stats 200","timestamp":"2026-06-10 18:05:27"}
{"level":"info","message":"GET /api/v1/monitoring/stats 200","timestamp":"2026-06-10 18:05:32"}
{"level":"info","message":"GET /api/v1/monitoring/stats 200","timestamp":"2026-06-10 18:05:37"}
{"level":"info","message":"GET /api/v1/monitoring/stats 200","timestamp":"2026-06-10 18:05:42"}
{"level":"info","message":"GET /api/v1/monitoring/stats 200","timestamp":"2026-06-10 18:05:47"}
{"level":"info","message":"GET /api/v1/monitoring/stats 200","timestamp":"2026-06-10 18:05:52"}
{"level":"info","message":"GET /api/v1/monitoring/stats 200","timestamp":"2026-06-10 18:05:57"}
{"level":"info","message":"GET /api/v1/monitoring/stats 200","timestamp":"2026-06-10 18:06:02"}
{"level":"info","message":"GET /api/v1/monitoring/stats 200","timestamp":"2026-06-10 18:06:07"}
{"level":"info","message":"GET /api/v1/monitoring/stats 200","timestamp":"2026-06-10 18:06:12"}
{"level":"info","message":"GET /api/v1/monitoring/stats 200","timestamp":"2026-06-10 18:06:17"}
{"level":"info","message":"GET /api/v1/monitoring/stats 200","timestamp":"2026-06-10 18:06:22"}
{"level":"info","message":"GET /api/v1/monitoring/stats 200","timestamp":"2026-06-10 18:06:25"}
{"level":"info","message":"GET /api/v1/monitoring/stats 200","timestamp":"2026-06-10 18:06:25"}
{"level":"info","message":"GET /api/v1/monitoring/stats 200","timestamp":"2026-06-10 18:06:25"}
{"level":"info","message":"GET /api/v1/monitoring/stats 200","timestamp":"2026-06-10 18:06:25"}
{"level":"info","message":"GET /api/v1/monitoring/stats 200","timestamp":"2026-06-10 18:06:27"}
{"level":"info","message":"GET /api/v1/monitoring/stats 200","timestamp":"2026-06-10 18:06:32"}
{"level":"info","message":"GET /api/v1/monitoring/stats 200","timestamp":"2026-06-10 18:06:37"}
{"level":"info","message":"GET /api/v1/monitoring/stats 200","timestamp":"2026-06-10 18:06:42"}
{"level":"info","message":"GET /api/v1/monitoring/stats 200","timestamp":"2026-06-10 18:06:47"}
{"level":"info","message":"GET /api/v1/monitoring/stats 200","timestamp":"2026-06-10 18:06:59"}
{"level":"info","message":"GET /api/v1/monitoring/stats 200","timestamp":"2026-06-10 18:06:59"}
{"level":"info","message":"GET /api/v1/monitoring/stats 200","timestamp":"2026-06-10 18:07:02"}
{"level":"info","message":"GET /api/v1/monitoring/stats 200","timestamp":"2026-06-10 18:07:07"}
{"level":"info","message":"GET /api/v1/monitoring/stats 200","timestamp":"2026-06-10 18:07:12"}
{"level":"info","message":"GET /api/v1/monitoring/stats 200","timestamp":"2026-06-10 18:07:17"}
{"level":"info","message":"GET /api/v1/monitoring/stats 200","timestamp":"2026-06-10 18:07:22"}
{"level":"info","message":"GET /api/v1/monitoring/stats 200","timestamp":"2026-06-10 18:07:25"}
{"level":"info","message":"GET /api/v1/monitoring/stats 200","timestamp":"2026-06-10 18:07:25"}
{"level":"info","message":"GET /api/v1/monitoring/stats 200","timestamp":"2026-06-10 18:07:25"}
{"level":"info","message":"GET /api/v1/monitoring/stats 200","timestamp":"2026-06-10 18:07:25"}
{"level":"info","message":"GET /api/v1/monitoring/stats 200","timestamp":"2026-06-10 18:07:27"}
{"level":"info","message":"GET /api/v1/monitoring/stats 200","timestamp":"2026-06-10 18:07:32"}
{"level":"info","message":"GET /api/v1/monitoring/stats 200","timestamp":"2026-06-10 18:07:37"}
{"level":"info","message":"GET /api/v1/monitoring/stats 200","timestamp":"2026-06-10 18:07:42"}
{"level":"info","message":"GET /api/v1/monitoring/stats 200","timestamp":"2026-06-10 18:07:47"}
{"level":"info","message":"GET /api/v1/monitoring/stats 200","timestamp":"2026-06-10 18:07:52"}
{"level":"info","message":"GET /api/v1/monitoring/stats 200","timestamp":"2026-06-10 18:07:57"}
{"level":"info","message":"GET /api/v1/monitoring/stats 200","timestamp":"2026-06-10 18:08:02"}
{"level":"info","message":"GET /api/v1/monitoring/stats 200","timestamp":"2026-06-10 18:08:07"}
{"level":"info","message":"GET /api/v1/monitoring/stats 200","timestamp":"2026-06-10 18:08:12"}
{"level":"info","message":"GET /api/v1/monitoring/stats 200","timestamp":"2026-06-10 18:08:17"}
{"level":"info","message":"GET /api/v1/monitoring/stats 200","timestamp":"2026-06-10 18:08:22"}
{"level":"info","message":"GET /api/v1/monitoring/stats 200","timestamp":"2026-06-10 18:08:25"}
{"level":"info","message":"GET /api/v1/monitoring/stats 200","timestamp":"2026-06-10 18:08:25"}
{"level":"info","message":"GET /api/v1/monitoring/stats 200","timestamp":"2026-06-10 18:08:25"}
{"level":"info","message":"GET /api/v1/monitoring/stats 200","timestamp":"2026-06-10 18:08:25"}
{"level":"info","message":"GET /api/v1/monitoring/stats 200","timestamp":"2026-06-10 18:08:27"}
{"level":"info","message":"GET /api/v1/monitoring/stats 200","timestamp":"2026-06-10 18:08:32"}
{"level":"info","message":"GET /api/v1/monitoring/stats 200","timestamp":"2026-06-10 18:08:37"}
{"level":"info","message":"GET /api/v1/monitoring/stats 200","timestamp":"2026-06-10 18:08:42"}
{"level":"info","message":"GET /api/v1/monitoring/stats 200","timestamp":"2026-06-10 18:08:47"}
{"level":"info","message":"GET /api/v1/monitoring/stats 200","timestamp":"2026-06-10 18:08:52"}
{"level":"info","message":"GET /api/v1/monitoring/stats 200","timestamp":"2026-06-10 18:08:57"}
{"level":"info","message":"GET /api/v1/monitoring/stats 200","timestamp":"2026-06-10 18:09:02"}
{"level":"info","message":"GET /api/v1/monitoring/stats 200","timestamp":"2026-06-10 18:09:07"}
{"level":"info","message":"GET /api/v1/monitoring/stats 200","timestamp":"2026-06-10 18:09:12"}
{"level":"info","message":"GET /api/v1/monitoring/stats 200","timestamp":"2026-06-10 18:09:17"}
{"level":"info","message":"GET /api/v1/monitoring/stats 200","timestamp":"2026-06-10 18:09:22"}
{"level":"info","message":"GET /api/v1/monitoring/stats 200","timestamp":"2026-06-10 18:09:25"}
{"level":"info","message":"GET /api/v1/monitoring/stats 200","timestamp":"2026-06-10 18:09:25"}
{"level":"info","message":"GET /api/v1/monitoring/stats 200","timestamp":"2026-06-10 18:09:25"}
{"level":"info","message":"GET /api/v1/monitoring/stats 200","timestamp":"2026-06-10 18:09:25"}
{"level":"info","message":"GET /api/v1/monitoring/stats 200","timestamp":"2026-06-10 18:09:27"}
{"level":"info","message":"GET /api/v1/monitoring/stats 200","timestamp":"2026-06-10 18:09:32"}
{"level":"info","message":"GET /api/v1/monitoring/stats 200","timestamp":"2026-06-10 18:09:37"}
{"level":"info","message":"GET /api/v1/monitoring/stats 200","timestamp":"2026-06-10 18:09:42"}
{"level":"info","message":"GET /api/v1/monitoring/stats 200","timestamp":"2026-06-10 18:09:47"}
{"level":"info","message":"GET /api/v1/monitoring/stats 200","timestamp":"2026-06-10 18:09:52"}
{"level":"info","message":"GET /api/v1/monitoring/stats 200","timestamp":"2026-06-10 18:09:57"}
{"level":"info","message":"GET /api/v1/monitoring/stats 200","timestamp":"2026-06-10 18:10:02"}
{"level":"info","message":"GET /api/v1/monitoring/stats 200","timestamp":"2026-06-10 18:10:07"}
{"level":"info","message":"GET /api/v1/monitoring/stats 200","timestamp":"2026-06-10 18:10:12"}
{"level":"info","message":"GET /api/v1/monitoring/stats 200","timestamp":"2026-06-10 18:10:17"}
{"level":"info","message":"GET /api/v1/monitoring/stats 200","timestamp":"2026-06-10 18:10:22"}
{"level":"info","message":"GET /api/v1/monitoring/stats 200","timestamp":"2026-06-10 18:10:25"}
{"level":"info","message":"GET /api/v1/monitoring/stats 200","timestamp":"2026-06-10 18:10:25"}
{"level":"info","message":"GET /api/v1/monitoring/stats 200","timestamp":"2026-06-10 18:10:25"}
{"level":"info","message":"GET /api/v1/monitoring/stats 200","timestamp":"2026-06-10 18:10:25"}
{"level":"info","message":"GET /api/v1/monitoring/stats 200","timestamp":"2026-06-10 18:10:27"}
{"level":"info","message":"GET /api/v1/monitoring/stats 200","timestamp":"2026-06-10 18:10:32"}
{"level":"info","message":"GET /api/v1/monitoring/stats 200","timestamp":"2026-06-10 18:10:37"}
{"level":"info","message":"GET /api/v1/monitoring/stats 200","timestamp":"2026-06-10 18:10:42"}
{"level":"info","message":"GET /api/v1/monitoring/stats 200","timestamp":"2026-06-10 18:10:47"}
{"level":"info","message":"GET /api/v1/monitoring/stats 200","timestamp":"2026-06-10 18:10:52"}
{"level":"info","message":"GET /api/v1/monitoring/stats 200","timestamp":"2026-06-10 18:10:57"}
{"level":"info","message":"GET /api/v1/monitoring/stats 200","timestamp":"2026-06-10 18:11:02"}
{"level":"info","message":"GET /api/v1/monitoring/stats 200","timestamp":"2026-06-10 18:11:07"}
{"level":"info","message":"GET /api/v1/monitoring/stats 200","timestamp":"2026-06-10 18:11:12"}
{"level":"info","message":"GET /api/v1/monitoring/stats 200","timestamp":"2026-06-10 18:11:17"}
{"level":"info","message":"GET /api/v1/monitoring/stats 200","timestamp":"2026-06-10 18:11:22"}
{"level":"info","message":"GET /api/v1/monitoring/stats 200","timestamp":"2026-06-10 18:11:25"}
{"level":"info","message":"GET /api/v1/monitoring/stats 200","timestamp":"2026-06-10 18:11:25"}
{"level":"info","message":"GET /api/v1/monitoring/stats 200","timestamp":"2026-06-10 18:11:25"}
{"level":"info","message":"GET /api/v1/monitoring/stats 200","timestamp":"2026-06-10 18:11:25"}
{"level":"info","message":"GET /api/v1/monitoring/stats 200","timestamp":"2026-06-10 18:11:27"}
{"level":"info","message":"GET /api/v1/monitoring/stats 200","timestamp":"2026-06-10 18:11:32"}
{"level":"info","message":"GET /api/v1/monitoring/stats 200","timestamp":"2026-06-10 18:11:37"}
{"level":"info","message":"GET /api/v1/monitoring/stats 200","timestamp":"2026-06-10 18:11:42"}
{"level":"info","message":"GET /api/v1/monitoring/stats 200","timestamp":"2026-06-10 18:11:47"}
{"level":"info","message":"GET /api/v1/monitoring/stats 200","timestamp":"2026-06-10 18:11:52"}
{"level":"info","message":"GET /api/v1/monitoring/stats 200","timestamp":"2026-06-10 18:11:57"}
{"level":"info","message":"GET /api/v1/monitoring/stats 200","timestamp":"2026-06-10 18:12:02"}
{"level":"info","message":"GET /api/v1/monitoring/stats 200","timestamp":"2026-06-10 18:12:07"}
{"level":"info","message":"GET /api/v1/monitoring/stats 200","timestamp":"2026-06-10 18:12:12"}
{"level":"info","message":"GET /api/v1/monitoring/stats 200","timestamp":"2026-06-10 18:12:17"}
{"level":"info","message":"GET /api/v1/monitoring/stats 200","timestamp":"2026-06-10 18:12:22"}
{"level":"info","message":"GET /api/v1/monitoring/stats 200","timestamp":"2026-06-10 18:12:25"}
{"level":"info","message":"GET /api/v1/monitoring/stats 200","timestamp":"2026-06-10 18:12:25"}
{"level":"info","message":"GET /api/v1/monitoring/stats 200","timestamp":"2026-06-10 18:12:25"}
{"level":"info","message":"GET /api/v1/monitoring/stats 200","timestamp":"2026-06-10 18:12:25"}
{"level":"info","message":"GET /api/v1/monitoring/stats 200","timestamp":"2026-06-10 18:12:27"}
{"level":"info","message":"GET /api/v1/monitoring/stats 200","timestamp":"2026-06-10 18:12:32"}
{"level":"info","message":"GET /api/v1/monitoring/stats 200","timestamp":"2026-06-10 18:12:37"}
{"level":"info","message":"GET /api/v1/monitoring/stats 200","timestamp":"2026-06-10 18:12:42"}
{"level":"info","message":"GET /api/v1/monitoring/stats 200","timestamp":"2026-06-10 18:12:47"}
{"level":"info","message":"GET /api/v1/monitoring/stats 200","timestamp":"2026-06-10 18:12:52"}
{"level":"info","message":"GET /api/v1/monitoring/stats 200","timestamp":"2026-06-10 18:12:57"}
{"level":"info","message":"GET /api/v1/monitoring/stats 200","timestamp":"2026-06-10 18:13:02"}
{"level":"info","message":"GET /api/v1/monitoring/stats 200","timestamp":"2026-06-10 18:13:07"}
{"level":"info","message":"GET /api/v1/monitoring/stats 200","timestamp":"2026-06-10 18:13:12"}
{"level":"info","message":"GET /api/v1/monitoring/stats 200","timestamp":"2026-06-10 18:13:17"}
{"level":"info","message":"GET /api/v1/monitoring/stats 200","timestamp":"2026-06-10 18:13:22"}
{"level":"info","message":"GET /api/v1/monitoring/stats 200","timestamp":"2026-06-10 18:13:25"}
{"level":"info","message":"GET /api/v1/monitoring/stats 200","timestamp":"2026-06-10 18:13:25"}
{"level":"info","message":"GET /api/v1/monitoring/stats 200","timestamp":"2026-06-10 18:13:25"}
{"level":"info","message":"GET /api/v1/monitoring/stats 200","timestamp":"2026-06-10 18:13:25"}
{"level":"info","message":"GET /api/v1/monitoring/stats 200","timestamp":"2026-06-10 18:13:27"}
{"level":"info","message":"GET /api/v1/monitoring/stats 200","timestamp":"2026-06-10 18:13:32"}
{"level":"info","message":"GET /api/v1/monitoring/stats 200","timestamp":"2026-06-10 18:13:37"}
{"level":"info","message":"GET /api/v1/monitoring/stats 200","timestamp":"2026-06-10 18:13:42"}
{"level":"info","message":"GET /api/v1/monitoring/stats 200","timestamp":"2026-06-10 18:13:47"}
{"level":"info","message":"GET /api/v1/monitoring/stats 200","timestamp":"2026-06-10 18:13:52"}
{"level":"info","message":"GET /api/v1/monitoring/stats 200","timestamp":"2026-06-10 18:13:57"}
{"level":"info","message":"GET /api/v1/monitoring/stats 200","timestamp":"2026-06-10 18:14:02"}
{"level":"info","message":"GET /api/v1/monitoring/stats 200","timestamp":"2026-06-10 18:14:07"}
{"level":"info","message":"GET /api/v1/monitoring/stats 200","timestamp":"2026-06-10 18:14:12"}
{"level":"info","message":"GET /api/v1/monitoring/stats 200","timestamp":"2026-06-10 18:14:17"}
{"level":"info","message":"GET /api/v1/monitoring/stats 200","timestamp":"2026-06-10 18:14:22"}
{"level":"info","message":"GET /api/v1/monitoring/stats 200","timestamp":"2026-06-10 18:14:25"}
{"level":"info","message":"GET /api/v1/monitoring/stats 200","timestamp":"2026-06-10 18:14:25"}
{"level":"info","message":"GET /api/v1/monitoring/stats 200","timestamp":"2026-06-10 18:14:25"}
{"level":"info","message":"GET /api/v1/monitoring/stats 200","timestamp":"2026-06-10 18:14:25"}
{"level":"info","message":"GET /api/v1/monitoring/stats 200","timestamp":"2026-06-10 18:14:27"}
{"level":"info","message":"GET /api/v1/monitoring/stats 200","timestamp":"2026-06-10 18:14:32"}
{"level":"info","message":"GET /api/v1/monitoring/stats 200","timestamp":"2026-06-10 18:14:37"}
{"level":"info","message":"GET /api/v1/monitoring/stats 200","timestamp":"2026-06-10 18:14:42"}
{"level":"info","message":"GET /api/v1/monitoring/stats 200","timestamp":"2026-06-10 18:14:47"}
{"level":"info","message":"GET /api/v1/monitoring/stats 200","timestamp":"2026-06-10 18:14:52"}
{"level":"info","message":"GET /api/v1/monitoring/stats 200","timestamp":"2026-06-10 18:14:57"}
{"level":"info","message":"GET /api/v1/monitoring/stats 200","timestamp":"2026-06-10 18:15:02"}
{"level":"info","message":"GET /api/v1/monitoring/stats 200","timestamp":"2026-06-10 18:15:07"}
{"level":"info","message":"GET /api/v1/monitoring/stats 200","timestamp":"2026-06-10 18:15:12"}
{"level":"info","message":"GET /api/v1/monitoring/stats 200","timestamp":"2026-06-10 18:15:17"}
{"level":"info","message":"GET /api/v1/monitoring/stats 200","timestamp":"2026-06-10 18:15:22"}
{"level":"info","message":"GET /api/v1/monitoring/stats 200","timestamp":"2026-06-10 18:15:25"}
{"level":"info","message":"GET /api/v1/monitoring/stats 200","timestamp":"2026-06-10 18:15:25"}
{"level":"info","message":"GET /api/v1/monitoring/stats 200","timestamp":"2026-06-10 18:15:25"}
{"level":"info","message":"GET /api/v1/monitoring/stats 200","timestamp":"2026-06-10 18:15:25"}
{"level":"info","message":"GET /api/v1/monitoring/stats 200","timestamp":"2026-06-10 18:15:27"}
{"level":"info","message":"GET /api/v1/monitoring/stats 200","timestamp":"2026-06-10 18:15:32"}
{"level":"info","message":"GET /api/v1/monitoring/stats 200","timestamp":"2026-06-10 18:15:37"}
{"level":"info","message":"GET /api/v1/monitoring/stats 200","timestamp":"2026-06-10 18:15:42"}
{"level":"info","message":"GET /api/v1/monitoring/stats 200","timestamp":"2026-06-10 18:15:47"}
{"level":"info","message":"GET /api/v1/monitoring/stats 200","timestamp":"2026-06-10 18:15:52"}
{"level":"info","message":"GET /api/v1/monitoring/stats 200","timestamp":"2026-06-10 18:15:57"}
{"level":"info","message":"GET /api/v1/monitoring/stats 200","timestamp":"2026-06-10 18:16:02"}
{"level":"info","message":"GET /api/v1/monitoring/stats 200","timestamp":"2026-06-10 18:16:07"}
{"level":"info","message":"GET /api/v1/monitoring/stats 200","timestamp":"2026-06-10 18:16:12"}
{"level":"info","message":"GET /api/v1/monitoring/stats 200","timestamp":"2026-06-10 18:16:17"}
{"level":"info","message":"GET /api/v1/monitoring/stats 200","timestamp":"2026-06-10 18:16:22"}
{"level":"info","message":"GET /api/v1/monitoring/stats 200","timestamp":"2026-06-10 18:16:25"}
{"level":"info","message":"GET /api/v1/monitoring/stats 200","timestamp":"2026-06-10 18:16:25"}
{"level":"info","message":"GET /api/v1/monitoring/stats 200","timestamp":"2026-06-10 18:16:25"}
{"level":"info","message":"GET /api/v1/monitoring/stats 200","timestamp":"2026-06-10 18:16:25"}
{"level":"info","message":"GET /api/v1/monitoring/stats 200","timestamp":"2026-06-10 18:16:27"}
{"level":"info","message":"GET /api/v1/monitoring/stats 200","timestamp":"2026-06-10 18:16:32"}
{"level":"info","message":"GET /api/v1/monitoring/stats 200","timestamp":"2026-06-10 18:16:37"}
{"level":"info","message":"GET /api/v1/monitoring/stats 200","timestamp":"2026-06-10 18:16:42"}
{"level":"info","message":"GET /api/v1/monitoring/stats 200","timestamp":"2026-06-10 18:16:47"}
{"level":"info","message":"GET /api/v1/monitoring/stats 200","timestamp":"2026-06-10 18:16:52"}
{"level":"info","message":"GET /api/v1/monitoring/stats 200","timestamp":"2026-06-10 18:16:57"}
{"level":"info","message":"GET /api/v1/monitoring/stats 200","timestamp":"2026-06-10 18:17:02"}
{"level":"info","message":"GET /api/v1/monitoring/stats 200","timestamp":"2026-06-10 18:17:07"}
{"level":"info","message":"GET /api/v1/monitoring/stats 200","timestamp":"2026-06-10 18:17:12"}
{"level":"info","message":"GET /api/v1/monitoring/stats 200","timestamp":"2026-06-10 18:17:17"}
{"level":"info","message":"GET /api/v1/monitoring/stats 200","timestamp":"2026-06-10 18:17:22"}
{"level":"info","message":"GET /api/v1/monitoring/stats 200","timestamp":"2026-06-10 18:17:25"}
{"level":"info","message":"GET /api/v1/monitoring/stats 200","timestamp":"2026-06-10 18:17:25"}
{"level":"info","message":"GET /api/v1/monitoring/stats 200","timestamp":"2026-06-10 18:17:25"}
{"level":"info","message":"GET /api/v1/monitoring/stats 200","timestamp":"2026-06-10 18:17:25"}
{"level":"info","message":"GET /api/v1/monitoring/stats 200","timestamp":"2026-06-10 18:17:27"}
{"level":"info","message":"GET /api/v1/monitoring/stats 200","timestamp":"2026-06-10 18:17:32"}
{"level":"info","message":"GET /api/v1/monitoring/stats 200","timestamp":"2026-06-10 18:17:37"}
{"level":"info","message":"GET /api/v1/monitoring/stats 200","timestamp":"2026-06-10 18:17:42"}
{"level":"info","message":"GET /api/v1/monitoring/stats 200","timestamp":"2026-06-10 18:17:47"}
{"level":"info","message":"GET /api/v1/monitoring/stats 200","timestamp":"2026-06-10 18:17:52"}
{"level":"info","message":"GET /api/v1/monitoring/stats 200","timestamp":"2026-06-10 18:17:57"}
{"level":"info","message":"GET /api/v1/monitoring/stats 200","timestamp":"2026-06-10 18:18:02"}
{"level":"info","message":"GET /api/v1/monitoring/stats 200","timestamp":"2026-06-10 18:18:07"}
{"level":"info","message":"GET /api/v1/monitoring/stats 200","timestamp":"2026-06-10 18:18:12"}
{"level":"info","message":"GET /api/v1/monitoring/stats 200","timestamp":"2026-06-10 18:18:17"}
{"level":"info","message":"GET /api/v1/monitoring/stats 200","timestamp":"2026-06-10 18:18:22"}
{"level":"info","message":"GET /api/v1/monitoring/stats 200","timestamp":"2026-06-10 18:18:25"}
{"level":"info","message":"GET /api/v1/monitoring/stats 200","timestamp":"2026-06-10 18:18:25"}
{"level":"info","message":"GET /api/v1/monitoring/stats 200","timestamp":"2026-06-10 18:18:25"}
{"level":"info","message":"GET /api/v1/monitoring/stats 200","timestamp":"2026-06-10 18:18:25"}
{"level":"info","message":"GET /api/v1/monitoring/stats 200","timestamp":"2026-06-10 18:18:27"}
{"level":"info","message":"GET /api/v1/monitoring/stats 200","timestamp":"2026-06-10 18:18:32"}
{"level":"info","message":"GET /api/v1/monitoring/stats 200","timestamp":"2026-06-10 18:18:37"}
{"level":"info","message":"GET /api/v1/monitoring/stats 200","timestamp":"2026-06-10 18:18:42"}
{"level":"info","message":"GET /api/v1/monitoring/stats 200","timestamp":"2026-06-10 18:18:47"}
{"level":"info","message":"GET /api/v1/monitoring/stats 200","timestamp":"2026-06-10 18:18:52"}
{"level":"info","message":"GET /api/v1/monitoring/stats 200","timestamp":"2026-06-10 18:18:57"}
{"level":"info","message":"GET /api/v1/monitoring/stats 200","timestamp":"2026-06-10 18:19:02"}
{"level":"info","message":"GET /api/v1/monitoring/stats 200","timestamp":"2026-06-10 18:19:07"}
{"level":"info","message":"GET /api/v1/monitoring/stats 200","timestamp":"2026-06-10 18:19:12"}
{"level":"info","message":"GET /api/v1/monitoring/stats 200","timestamp":"2026-06-10 18:19:17"}
{"level":"info","message":"GET /api/v1/monitoring/stats 200","timestamp":"2026-06-10 18:19:22"}
{"level":"info","message":"GET /api/v1/monitoring/stats 200","timestamp":"2026-06-10 18:19:25"}
{"level":"info","message":"GET /api/v1/monitoring/stats 200","timestamp":"2026-06-10 18:19:25"}
{"level":"info","message":"GET /api/v1/monitoring/stats 200","timestamp":"2026-06-10 18:19:25"}
{"level":"info","message":"GET /api/v1/monitoring/stats 200","timestamp":"2026-06-10 18:19:25"}
{"level":"info","message":"GET /api/v1/monitoring/stats 200","timestamp":"2026-06-10 18:19:27"}
{"level":"info","message":"GET /api/v1/monitoring/stats 200","timestamp":"2026-06-10 18:19:32"}
{"level":"info","message":"GET /api/v1/monitoring/stats 200","timestamp":"2026-06-10 18:19:37"}
{"level":"info","message":"GET /api/v1/monitoring/stats 200","timestamp":"2026-06-10 18:19:42"}
{"level":"info","message":"GET /api/v1/monitoring/stats 200","timestamp":"2026-06-10 18:19:47"}
{"level":"info","message":"📧 Nodemailer running in MOCK mode. Emails will be logged to combined.log","timestamp":"2026-06-11 10:27:17"}
{"level":"warn","message":"POST /api/v1/auth/login — 401: Invalid email or password","timestamp":"2026-06-11 10:27:18"}
{"level":"info","message":"POST /api/v1/auth/login 401","timestamp":"2026-06-11 10:27:18"}
{"level":"error","message":"POST /api/v1/auth/login — \"password\" is required","stack":"ValidationError: \"password\" is required","timestamp":"2026-06-11 10:27:18"}
{"level":"info","message":"POST /api/v1/auth/login 422","timestamp":"2026-06-11 10:27:18"}
{"level":"info","message":"GET /api/v1/auth/profile 401","timestamp":"2026-06-11 10:27:18"}
{"level":"info","message":"📧 Nodemailer running in MOCK mode. Emails will be logged to combined.log","timestamp":"2026-06-11 10:27:19"}
{"level":"info","message":"POST /api/v1/leaves/apply 401","timestamp":"2026-06-11 10:27:19"}
{"level":"info","message":"GET /api/v1/leaves/balances 401","timestamp":"2026-06-11 10:27:19"}
{"level":"info","message":"📧 Nodemailer running in MOCK mode. Emails will be logged to combined.log","timestamp":"2026-06-11 10:27:19"}
{"level":"info","message":"GET /api/v1/employees 401","timestamp":"2026-06-11 10:27:19"}
{"level":"info","message":"GET /api/v1/employees/1 401","timestamp":"2026-06-11 10:27:19"}
{"level":"info","message":"📧 Nodemailer running in MOCK mode. Emails will be logged to combined.log","timestamp":"2026-06-11 10:30:05"}
{"level":"info","message":"⏰ Background Jobs Engine initialized successfully.","timestamp":"2026-06-11 10:30:06"}
{"level":"info","message":"===================================================","timestamp":"2026-06-11 10:30:06"}
{"level":"info","message":" i-SOFTZONE Backend running on port 4000","timestamp":"2026-06-11 10:30:06"}
{"level":"info","message":" Environment             : DEVELOPMENT","timestamp":"2026-06-11 10:30:06"}
{"level":"info","message":" 🔒 Helmet + Rate Limiting: ACTIVE","timestamp":"2026-06-11 10:30:06"}
{"level":"info","message":" 📢 Notifications Engine  : ACTIVE","timestamp":"2026-06-11 10:30:06"}
{"level":"info","message":" 🗂️  Audit Trail (JSONB)   : ACTIVE","timestamp":"2026-06-11 10:30:06"}
{"level":"info","message":" ⏰ Cron Scheduler        : ACTIVE","timestamp":"2026-06-11 10:30:06"}
{"level":"info","message":" 📖 Swagger Docs          : http://localhost:4000/api-docs","timestamp":"2026-06-11 10:30:06"}
{"level":"info","message":"===================================================","timestamp":"2026-06-11 10:30:06"}
{"level":"warn","message":"GET / — 404: Route Not Found — /","timestamp":"2026-06-11 10:31:46"}
{"level":"info","message":"GET / 404","timestamp":"2026-06-11 10:31:46"}
{"level":"error","message":"GET /api/auth/profile — User not found","stack":"Error: User not found\n    at Module.getUserProfile (file:///C:/Users/Rishi%20Garg/OneDrive/Desktop/I%20soft/I-soft-Project/backend/services/authService.js:88:11)\n    at process.processTicksAndRejections (node:internal/process/task_queues:104:5)\n    at async getProfile (file:///C:/Users/Rishi%20Garg/OneDrive/Desktop/I%20soft/I-soft-Project/backend/controllers/authController.js:29:25)","timestamp":"2026-06-11 10:36:59"}
{"level":"info","message":"GET /api/auth/profile 500","timestamp":"2026-06-11 10:36:59"}
{"level":"error","message":"GET /api/auth/profile — User not found","stack":"Error: User not found\n    at Module.getUserProfile (file:///C:/Users/Rishi%20Garg/OneDrive/Desktop/I%20soft/I-soft-Project/backend/services/authService.js:88:11)\n    at process.processTicksAndRejections (node:internal/process/task_queues:104:5)\n    at async getProfile (file:///C:/Users/Rishi%20Garg/OneDrive/Desktop/I%20soft/I-soft-Project/backend/controllers/authController.js:29:25)","timestamp":"2026-06-11 10:36:59"}
{"level":"info","message":"GET /api/auth/profile 500","timestamp":"2026-06-11 10:36:59"}
{"level":"info","message":"POST /api/auth/login 200","timestamp":"2026-06-11 10:38:01"}
{"level":"info","message":"Cache MISS: Fetching departments list from Database","timestamp":"2026-06-11 10:38:01"}
{"level":"info","message":"Cache MISS: Fetching skills list from Database","timestamp":"2026-06-11 10:38:01"}
{"level":"info","message":"GET /api/employees?limit=100 200","timestamp":"2026-06-11 10:38:01"}
{"level":"info","message":"GET /api/employees?limit=100 304","timestamp":"2026-06-11 10:38:01"}
{"level":"info","message":"GET /api/departments 200","timestamp":"2026-06-11 10:38:01"}
{"level":"info","message":"GET /api/skills 200","timestamp":"2026-06-11 10:38:01"}
{"level":"info","message":"Cache HIT: Serving departments list from Node-Cache","timestamp":"2026-06-11 10:38:01"}
{"level":"info","message":"GET /api/departments 304","timestamp":"2026-06-11 10:38:01"}
{"level":"info","message":"Cache HIT: Serving skills list from Node-Cache","timestamp":"2026-06-11 10:38:01"}
{"level":"info","message":"GET /api/skills 304","timestamp":"2026-06-11 10:38:01"}
{"level":"info","message":"GET /api/v1/monitoring/stats 200","timestamp":"2026-06-11 10:38:01"}
{"level":"info","message":"GET /api/leaves/analytics 200","timestamp":"2026-06-11 10:38:01"}
{"level":"info","message":"GET /api/v1/monitoring/stats 200","timestamp":"2026-06-11 10:38:01"}
{"level":"info","message":"GET /api/leaves/analytics 304","timestamp":"2026-06-11 10:38:01"}
{"level":"info","message":"GET /api/v1/monitoring/stats 200","timestamp":"2026-06-11 10:38:06"}
{"level":"info","message":"GET /api/v1/monitoring/stats 200","timestamp":"2026-06-11 10:38:11"}
{"level":"info","message":"GET /api/v1/monitoring/stats 200","timestamp":"2026-06-11 10:38:16"}
{"level":"info","message":"GET /api/v1/monitoring/stats 200","timestamp":"2026-06-11 10:38:21"}
{"level":"info","message":"GET /api/v1/monitoring/stats 200","timestamp":"2026-06-11 10:38:26"}
{"level":"info","message":"GET /api/v1/monitoring/stats 200","timestamp":"2026-06-11 10:38:31"}
{"level":"info","message":"GET /api/v1/monitoring/stats 200","timestamp":"2026-06-11 10:38:36"}
{"level":"info","message":"GET /api/v1/monitoring/stats 200","timestamp":"2026-06-11 10:38:41"}
{"level":"info","message":"GET /api/v1/monitoring/stats 200","timestamp":"2026-06-11 10:38:46"}
{"level":"info","message":"GET /api/v1/monitoring/stats 200","timestamp":"2026-06-11 10:38:51"}
{"level":"info","message":"GET /api/v1/monitoring/stats 200","timestamp":"2026-06-11 10:38:56"}
{"level":"info","message":"GET /api/v1/monitoring/stats 200","timestamp":"2026-06-11 10:39:01"}
{"level":"info","message":"GET /api/v1/monitoring/stats 200","timestamp":"2026-06-11 10:39:06"}
{"level":"info","message":"GET /api/v1/monitoring/stats 200","timestamp":"2026-06-11 10:39:11"}
{"level":"info","message":"GET /api/v1/monitoring/stats 200","timestamp":"2026-06-11 10:39:16"}
{"level":"info","message":"GET /api/v1/monitoring/stats 200","timestamp":"2026-06-11 10:39:21"}
{"level":"info","message":"GET /api/v1/monitoring/stats 200","timestamp":"2026-06-11 10:39:26"}
{"level":"info","message":"GET /api/v1/monitoring/stats 200","timestamp":"2026-06-11 10:39:31"}
{"level":"info","message":"GET /api/v1/monitoring/stats 200","timestamp":"2026-06-11 10:39:36"}
{"level":"info","message":"GET /api/v1/monitoring/stats 200","timestamp":"2026-06-11 10:39:41"}
{"level":"info","message":"GET /api/v1/monitoring/stats 200","timestamp":"2026-06-11 10:39:46"}
{"level":"info","message":"GET /api/v1/monitoring/stats 200","timestamp":"2026-06-11 10:39:51"}
{"level":"info","message":"GET /api/v1/monitoring/stats 200","timestamp":"2026-06-11 10:39:56"}
{"level":"info","message":"GET /api/v1/monitoring/stats 200","timestamp":"2026-06-11 10:40:01"}
{"level":"info","message":"GET /api/v1/monitoring/stats 200","timestamp":"2026-06-11 10:40:06"}
{"level":"info","message":"GET /api/auth/profile 200","timestamp":"2026-06-11 10:40:11"}
{"level":"info","message":"GET /api/auth/profile 304","timestamp":"2026-06-11 10:40:11"}
{"level":"info","message":"Cache HIT: Serving departments list from Node-Cache","timestamp":"2026-06-11 10:40:11"}
{"level":"info","message":"GET /api/departments 304","timestamp":"2026-06-11 10:40:11"}
{"level":"info","message":"Cache HIT: Serving skills list from Node-Cache","timestamp":"2026-06-11 10:40:11"}
{"level":"info","message":"GET /api/skills 304","timestamp":"2026-06-11 10:40:11"}
{"level":"info","message":"GET /api/employees?limit=100 304","timestamp":"2026-06-11 10:40:11"}
{"level":"info","message":"GET /api/v1/monitoring/stats 200","timestamp":"2026-06-11 10:40:11"}
{"level":"info","message":"GET /api/employees?limit=100 304","timestamp":"2026-06-11 10:40:11"}
{"level":"info","message":"Cache HIT: Serving departments list from Node-Cache","timestamp":"2026-06-11 10:40:11"}
{"level":"info","message":"GET /api/departments 304","timestamp":"2026-06-11 10:40:11"}
{"level":"info","message":"Cache HIT: Serving skills list from Node-Cache","timestamp":"2026-06-11 10:40:11"}
{"level":"info","message":"GET /api/skills 304","timestamp":"2026-06-11 10:40:11"}
{"level":"info","message":"GET /api/v1/monitoring/stats 200","timestamp":"2026-06-11 10:40:11"}
{"level":"info","message":"GET /api/leaves/analytics 304","timestamp":"2026-06-11 10:40:11"}
{"level":"info","message":"GET /api/leaves/analytics 304","timestamp":"2026-06-11 10:40:11"}
{"level":"info","message":"GET /api/v1/monitoring/stats 200","timestamp":"2026-06-11 10:40:16"}
{"level":"info","message":"GET /api/v1/monitoring/stats 200","timestamp":"2026-06-11 10:40:21"}
{"level":"info","message":"GET /api/v1/monitoring/stats 200","timestamp":"2026-06-11 10:40:26"}
{"level":"info","message":"GET /api/v1/monitoring/stats 200","timestamp":"2026-06-11 10:40:31"}
{"level":"info","message":"GET /api/v1/monitoring/stats 200","timestamp":"2026-06-11 10:40:36"}
{"level":"info","message":"GET /api/v1/monitoring/stats 200","timestamp":"2026-06-11 10:40:41"}
{"level":"info","message":"GET /api/v1/monitoring/stats 200","timestamp":"2026-06-11 10:40:46"}
{"level":"info","message":"GET /api/v1/monitoring/stats 200","timestamp":"2026-06-11 10:40:51"}
{"level":"info","message":"GET /api/v1/monitoring/stats 200","timestamp":"2026-06-11 10:40:56"}
{"level":"info","message":"GET /api/v1/monitoring/stats 200","timestamp":"2026-06-11 10:41:01"}
{"level":"info","message":"GET /api/v1/monitoring/stats 200","timestamp":"2026-06-11 10:41:06"}
{"level":"info","message":"GET /api/v1/monitoring/stats 200","timestamp":"2026-06-11 10:41:11"}
{"level":"info","message":"GET /api/v1/monitoring/stats 200","timestamp":"2026-06-11 10:41:16"}
{"level":"info","message":"GET /api/v1/monitoring/stats 200","timestamp":"2026-06-11 10:41:21"}
{"level":"info","message":"GET /api/v1/monitoring/stats 200","timestamp":"2026-06-11 10:41:26"}
{"level":"info","message":"GET /api/v1/monitoring/stats 200","timestamp":"2026-06-11 10:41:31"}
{"level":"info","message":"GET /api/v1/monitoring/stats 200","timestamp":"2026-06-11 10:41:36"}
{"level":"info","message":"GET /api/v1/monitoring/stats 200","timestamp":"2026-06-11 10:41:41"}
{"level":"info","message":"GET /api/v1/monitoring/stats 200","timestamp":"2026-06-11 10:41:46"}
{"level":"info","message":"GET /api/v1/monitoring/stats 200","timestamp":"2026-06-11 10:41:51"}
{"level":"info","message":"GET /api/v1/monitoring/stats 200","timestamp":"2026-06-11 10:41:56"}
{"level":"info","message":"GET /api/v1/monitoring/stats 200","timestamp":"2026-06-11 10:42:01"}
{"level":"info","message":"GET /api/v1/monitoring/stats 200","timestamp":"2026-06-11 10:42:06"}
{"level":"info","message":"GET /api/v1/monitoring/stats 200","timestamp":"2026-06-11 10:42:11"}
{"level":"info","message":"GET /api/v1/monitoring/stats 200","timestamp":"2026-06-11 10:42:16"}
{"level":"info","message":"GET /api/v1/monitoring/stats 200","timestamp":"2026-06-11 10:42:21"}
{"level":"info","message":"GET /api/v1/monitoring/stats 200","timestamp":"2026-06-11 10:42:26"}
{"level":"info","message":"GET /api/v1/monitoring/stats 200","timestamp":"2026-06-11 10:42:31"}
{"level":"info","message":"GET /api/v1/monitoring/stats 200","timestamp":"2026-06-11 10:42:36"}
{"level":"info","message":"GET /api/v1/monitoring/stats 200","timestamp":"2026-06-11 10:42:41"}
{"level":"info","message":"GET /api/v1/monitoring/stats 200","timestamp":"2026-06-11 10:42:46"}
{"level":"info","message":"GET /api/v1/monitoring/stats 200","timestamp":"2026-06-11 10:42:51"}
{"level":"info","message":"GET /api/v1/monitoring/stats 200","timestamp":"2026-06-11 10:42:56"}
{"level":"info","message":"GET /api/v1/monitoring/stats 200","timestamp":"2026-06-11 10:43:01"}
{"level":"info","message":"GET /api/v1/monitoring/stats 200","timestamp":"2026-06-11 10:43:06"}
{"level":"info","message":"GET /api/v1/monitoring/stats 200","timestamp":"2026-06-11 10:43:11"}
{"level":"info","message":"GET /api/v1/monitoring/stats 200","timestamp":"2026-06-11 10:43:16"}
{"level":"info","message":"GET /api/v1/monitoring/stats 200","timestamp":"2026-06-11 10:43:21"}
{"level":"info","message":"GET /api/v1/monitoring/stats 200","timestamp":"2026-06-11 10:43:26"}
{"level":"info","message":"GET /api/v1/monitoring/stats 200","timestamp":"2026-06-11 10:43:31"}
{"level":"info","message":"GET /api/v1/monitoring/stats 200","timestamp":"2026-06-11 10:43:36"}
{"level":"info","message":"GET /api/v1/monitoring/stats 200","timestamp":"2026-06-11 10:43:41"}
{"level":"info","message":"GET /api/v1/monitoring/stats 200","timestamp":"2026-06-11 10:43:46"}
{"level":"info","message":"GET /api/v1/monitoring/stats 200","timestamp":"2026-06-11 10:43:51"}
{"level":"info","message":"GET /api/v1/monitoring/stats 200","timestamp":"2026-06-11 10:43:56"}
{"level":"info","message":"GET /api/v1/monitoring/stats 200","timestamp":"2026-06-11 10:44:01"}
{"level":"info","message":"GET /api/v1/monitoring/stats 200","timestamp":"2026-06-11 10:44:06"}
{"level":"info","message":"GET /api/v1/monitoring/stats 200","timestamp":"2026-06-11 10:44:11"}
{"level":"info","message":"GET /api/v1/monitoring/stats 200","timestamp":"2026-06-11 10:44:16"}
{"level":"info","message":"GET /api/v1/monitoring/stats 200","timestamp":"2026-06-11 10:44:21"}
{"level":"info","message":"GET /api/v1/monitoring/stats 200","timestamp":"2026-06-11 10:44:26"}
{"level":"info","message":"GET /api/v1/monitoring/stats 200","timestamp":"2026-06-11 10:44:31"}
{"level":"info","message":"GET /api/v1/monitoring/stats 200","timestamp":"2026-06-11 10:44:36"}
{"level":"info","message":"GET /api/v1/monitoring/stats 200","timestamp":"2026-06-11 10:44:41"}
{"level":"info","message":"GET /api/v1/monitoring/stats 200","timestamp":"2026-06-11 10:44:46"}
{"level":"info","message":"GET /api/v1/monitoring/stats 200","timestamp":"2026-06-11 10:44:51"}
{"level":"info","message":"GET /api/v1/monitoring/stats 200","timestamp":"2026-06-11 10:44:56"}
{"level":"info","message":"GET /api/v1/monitoring/stats 200","timestamp":"2026-06-11 10:45:01"}
{"level":"info","message":"GET /api/v1/monitoring/stats 200","timestamp":"2026-06-11 10:45:06"}
{"level":"info","message":"GET /api/v1/monitoring/stats 200","timestamp":"2026-06-11 10:45:11"}
{"level":"info","message":"GET /api/v1/monitoring/stats 200","timestamp":"2026-06-11 10:45:16"}
{"level":"info","message":"GET /api/v1/monitoring/stats 200","timestamp":"2026-06-11 10:45:21"}
{"level":"info","message":"GET /api/v1/monitoring/stats 200","timestamp":"2026-06-11 10:45:26"}
{"level":"info","message":"GET /api/v1/monitoring/stats 200","timestamp":"2026-06-11 10:45:31"}
{"level":"info","message":"GET /api/v1/monitoring/stats 200","timestamp":"2026-06-11 10:45:36"}
{"level":"info","message":"GET /api/v1/monitoring/stats 200","timestamp":"2026-06-11 10:45:41"}
{"level":"info","message":"GET /api/v1/monitoring/stats 200","timestamp":"2026-06-11 10:45:46"}
{"level":"info","message":"GET /api/v1/monitoring/stats 200","timestamp":"2026-06-11 10:45:51"}
{"level":"info","message":"GET /api/v1/monitoring/stats 200","timestamp":"2026-06-11 10:45:56"}
{"level":"info","message":"GET /api/v1/monitoring/stats 200","timestamp":"2026-06-11 10:46:01"}
{"level":"info","message":"GET /api/v1/monitoring/stats 200","timestamp":"2026-06-11 10:46:06"}
{"level":"info","message":"GET /api/v1/monitoring/stats 200","timestamp":"2026-06-11 10:46:11"}
{"level":"info","message":"GET /api/v1/monitoring/stats 200","timestamp":"2026-06-11 10:46:16"}
{"level":"info","message":"GET /api/v1/monitoring/stats 200","timestamp":"2026-06-11 10:46:21"}
{"level":"info","message":"GET /api/v1/monitoring/stats 200","timestamp":"2026-06-11 10:46:26"}
{"level":"info","message":"GET /api/v1/monitoring/stats 200","timestamp":"2026-06-11 10:46:31"}
{"level":"info","message":"GET /api/v1/monitoring/stats 200","timestamp":"2026-06-11 10:46:36"}
{"level":"info","message":"GET /api/v1/monitoring/stats 200","timestamp":"2026-06-11 10:46:41"}
{"level":"info","message":"GET /api/v1/monitoring/stats 200","timestamp":"2026-06-11 10:46:46"}
{"level":"info","message":"GET /api/v1/monitoring/stats 200","timestamp":"2026-06-11 10:46:51"}
{"level":"info","message":"GET /api/v1/monitoring/stats 200","timestamp":"2026-06-11 10:46:56"}
{"level":"info","message":"GET /api/v1/monitoring/stats 200","timestamp":"2026-06-11 10:47:01"}
{"level":"info","message":"GET /api/v1/monitoring/stats 200","timestamp":"2026-06-11 10:47:06"}
{"level":"info","message":"GET /api/v1/monitoring/stats 200","timestamp":"2026-06-11 10:47:11"}
{"level":"info","message":"GET /api/v1/monitoring/stats 200","timestamp":"2026-06-11 10:47:16"}
{"level":"info","message":"GET /api/v1/monitoring/stats 200","timestamp":"2026-06-11 10:47:21"}
{"level":"info","message":"GET /api/v1/monitoring/stats 200","timestamp":"2026-06-11 10:47:26"}
{"level":"info","message":"GET /api/v1/monitoring/stats 200","timestamp":"2026-06-11 10:47:31"}
{"level":"info","message":"GET /api/v1/monitoring/stats 200","timestamp":"2026-06-11 10:47:36"}
{"level":"info","message":"GET /api/v1/monitoring/stats 200","timestamp":"2026-06-11 10:47:41"}
{"level":"info","message":"GET /api/v1/monitoring/stats 200","timestamp":"2026-06-11 10:47:46"}
{"level":"info","message":"GET /api/v1/monitoring/stats 200","timestamp":"2026-06-11 10:47:51"}
{"level":"info","message":"GET /api/v1/monitoring/stats 200","timestamp":"2026-06-11 10:47:56"}
{"level":"info","message":"GET /api/v1/monitoring/stats 200","timestamp":"2026-06-11 10:48:01"}
{"level":"info","message":"GET /api/v1/monitoring/stats 200","timestamp":"2026-06-11 10:48:06"}
{"level":"info","message":"GET /api/v1/monitoring/stats 200","timestamp":"2026-06-11 10:48:11"}
{"level":"info","message":"GET /api/v1/monitoring/stats 200","timestamp":"2026-06-11 10:48:16"}
{"level":"info","message":"GET /api/v1/monitoring/stats 200","timestamp":"2026-06-11 10:48:21"}
{"level":"info","message":"GET /api/v1/monitoring/stats 200","timestamp":"2026-06-11 10:48:26"}
{"level":"info","message":"GET /api/v1/monitoring/stats 200","timestamp":"2026-06-11 10:48:31"}
{"level":"info","message":"GET /api/v1/monitoring/stats 200","timestamp":"2026-06-11 10:48:36"}
{"level":"info","message":"GET /api/v1/monitoring/stats 200","timestamp":"2026-06-11 10:48:41"}
{"level":"info","message":"GET /api/v1/monitoring/stats 200","timestamp":"2026-06-11 10:48:46"}
{"level":"info","message":"GET /api/v1/monitoring/stats 200","timestamp":"2026-06-11 10:48:51"}
{"level":"info","message":"GET /api/v1/monitoring/stats 200","timestamp":"2026-06-11 10:48:56"}
{"level":"info","message":"GET /api/v1/monitoring/stats 200","timestamp":"2026-06-11 10:49:01"}
{"level":"info","message":"GET /api/v1/monitoring/stats 200","timestamp":"2026-06-11 10:49:06"}
{"level":"info","message":"GET /api/v1/monitoring/stats 200","timestamp":"2026-06-11 10:49:11"}
{"level":"info","message":"GET /api/v1/monitoring/stats 200","timestamp":"2026-06-11 10:49:16"}
{"level":"info","message":"GET /api/v1/monitoring/stats 200","timestamp":"2026-06-11 10:49:21"}
{"level":"info","message":"GET /api/v1/monitoring/stats 200","timestamp":"2026-06-11 10:49:26"}
{"level":"info","message":"GET /api/v1/monitoring/stats 200","timestamp":"2026-06-11 10:49:31"}
{"level":"info","message":"GET /api/v1/monitoring/stats 200","timestamp":"2026-06-11 10:49:36"}
{"level":"info","message":"GET /api/v1/monitoring/stats 200","timestamp":"2026-06-11 10:49:41"}
{"level":"info","message":"GET /api/v1/monitoring/stats 200","timestamp":"2026-06-11 10:49:46"}
{"level":"info","message":"GET /api/v1/monitoring/stats 200","timestamp":"2026-06-11 10:49:51"}
{"level":"info","message":"GET /api/v1/monitoring/stats 200","timestamp":"2026-06-11 10:49:56"}
{"level":"info","message":"GET /api/v1/monitoring/stats 200","timestamp":"2026-06-11 10:50:01"}
{"level":"info","message":"GET /api/v1/monitoring/stats 200","timestamp":"2026-06-11 10:50:06"}
{"level":"info","message":"GET /api/v1/monitoring/stats 200","timestamp":"2026-06-11 10:50:11"}
{"level":"info","message":"GET /api/v1/monitoring/stats 200","timestamp":"2026-06-11 10:50:16"}
{"level":"info","message":"GET /api/v1/monitoring/stats 200","timestamp":"2026-06-11 10:50:21"}
{"level":"info","message":"GET /api/v1/monitoring/stats 200","timestamp":"2026-06-11 10:50:26"}
{"level":"info","message":"GET /api/v1/monitoring/stats 200","timestamp":"2026-06-11 10:50:31"}
{"level":"info","message":"GET /api/v1/monitoring/stats 200","timestamp":"2026-06-11 10:50:36"}
{"level":"info","message":"GET /api/v1/monitoring/stats 200","timestamp":"2026-06-11 10:50:41"}
{"level":"info","message":"GET /api/v1/monitoring/stats 200","timestamp":"2026-06-11 10:50:46"}
{"level":"info","message":"GET /api/v1/monitoring/stats 200","timestamp":"2026-06-11 10:50:51"}
{"level":"info","message":"GET /api/v1/monitoring/stats 200","timestamp":"2026-06-11 10:50:56"}
{"level":"info","message":"GET /api/v1/monitoring/stats 200","timestamp":"2026-06-11 10:51:01"}
{"level":"info","message":"GET /api/v1/monitoring/stats 200","timestamp":"2026-06-11 10:51:06"}
{"level":"info","message":"GET /api/v1/monitoring/stats 200","timestamp":"2026-06-11 10:51:11"}
{"level":"info","message":"GET /api/v1/monitoring/stats 200","timestamp":"2026-06-11 10:51:16"}
{"level":"info","message":"GET /api/v1/monitoring/stats 200","timestamp":"2026-06-11 10:51:21"}
{"level":"info","message":"GET /api/v1/monitoring/stats 200","timestamp":"2026-06-11 10:51:26"}
{"level":"info","message":"GET /api/v1/monitoring/stats 200","timestamp":"2026-06-11 10:51:31"}
{"level":"info","message":"GET /api/v1/monitoring/stats 200","timestamp":"2026-06-11 10:51:36"}
{"level":"info","message":"GET /api/v1/monitoring/stats 200","timestamp":"2026-06-11 10:51:41"}
{"level":"info","message":"GET /api/v1/monitoring/stats 200","timestamp":"2026-06-11 10:51:46"}
{"level":"info","message":"GET /api/v1/monitoring/stats 200","timestamp":"2026-06-11 10:51:51"}
{"level":"info","message":"GET /api/v1/monitoring/stats 200","timestamp":"2026-06-11 10:51:56"}
{"level":"info","message":"GET /api/v1/monitoring/stats 200","timestamp":"2026-06-11 10:52:01"}
{"level":"info","message":"GET /api/v1/monitoring/stats 200","timestamp":"2026-06-11 10:52:06"}
{"level":"info","message":"GET /api/v1/monitoring/stats 200","timestamp":"2026-06-11 10:52:11"}
{"level":"info","message":"GET /api/v1/monitoring/stats 200","timestamp":"2026-06-11 10:52:16"}
{"level":"info","message":"GET /api/v1/monitoring/stats 200","timestamp":"2026-06-11 10:52:21"}
{"level":"info","message":"GET /api/v1/monitoring/stats 200","timestamp":"2026-06-11 10:52:26"}
{"level":"info","message":"GET /api/v1/monitoring/stats 200","timestamp":"2026-06-11 10:52:31"}
{"level":"info","message":"GET /api/v1/monitoring/stats 200","timestamp":"2026-06-11 10:52:36"}
{"level":"info","message":"GET /api/v1/monitoring/stats 200","timestamp":"2026-06-11 10:52:41"}
{"level":"info","message":"GET /api/v1/monitoring/stats 200","timestamp":"2026-06-11 10:52:46"}
{"level":"info","message":"GET /api/v1/monitoring/stats 200","timestamp":"2026-06-11 10:52:51"}
{"level":"info","message":"GET /api/v1/monitoring/stats 200","timestamp":"2026-06-11 10:52:56"}
{"level":"info","message":"GET /api/v1/monitoring/stats 200","timestamp":"2026-06-11 10:53:01"}
{"level":"info","message":"GET /api/v1/monitoring/stats 200","timestamp":"2026-06-11 10:53:06"}
{"level":"info","message":"GET /api/v1/monitoring/stats 200","timestamp":"2026-06-11 10:53:11"}
{"level":"info","message":"GET /api/v1/monitoring/stats 200","timestamp":"2026-06-11 10:53:16"}
{"level":"info","message":"GET /api/v1/monitoring/stats 200","timestamp":"2026-06-11 10:53:21"}
{"level":"info","message":"GET /api/v1/monitoring/stats 200","timestamp":"2026-06-11 10:53:26"}
{"level":"info","message":"GET /api/v1/monitoring/stats 200","timestamp":"2026-06-11 10:53:31"}
{"level":"info","message":"GET /api/v1/monitoring/stats 200","timestamp":"2026-06-11 10:53:36"}
{"level":"info","message":"GET /api/v1/monitoring/stats 200","timestamp":"2026-06-11 10:54:34"}
{"level":"info","message":"GET /api/v1/monitoring/stats 200","timestamp":"2026-06-11 10:54:37"}
{"level":"info","message":"GET /api/v1/monitoring/stats 200","timestamp":"2026-06-11 10:55:23"}
{"level":"info","message":"📧 Nodemailer running in MOCK mode. Emails will be logged to combined.log","timestamp":"2026-06-11 10:56:39"}
{"level":"info","message":"⏰ Background Jobs Engine initialized successfully.","timestamp":"2026-06-11 10:56:40"}
{"level":"info","message":"===================================================","timestamp":"2026-06-11 10:56:40"}
{"level":"info","message":" i-SOFTZONE Backend running on port 4000","timestamp":"2026-06-11 10:56:40"}
{"level":"info","message":" Environment             : DEVELOPMENT","timestamp":"2026-06-11 10:56:40"}
{"level":"info","message":" 🔒 Helmet + Rate Limiting: ACTIVE","timestamp":"2026-06-11 10:56:40"}
{"level":"info","message":" 📢 Notifications Engine  : ACTIVE","timestamp":"2026-06-11 10:56:40"}
{"level":"info","message":" 🗂️  Audit Trail (JSONB)   : ACTIVE","timestamp":"2026-06-11 10:56:40"}
{"level":"info","message":" ⏰ Cron Scheduler        : ACTIVE","timestamp":"2026-06-11 10:56:40"}
{"level":"info","message":" 📖 Swagger Docs          : http://localhost:4000/api-docs","timestamp":"2026-06-11 10:56:40"}
{"level":"info","message":"===================================================","timestamp":"2026-06-11 10:56:40"}
{"level":"info","message":"📧 Nodemailer running in MOCK mode. Emails will be logged to combined.log","timestamp":"2026-06-11 10:56:58"}
{"level":"info","message":"⏰ Background Jobs Engine initialized successfully.","timestamp":"2026-06-11 10:56:58"}
{"level":"info","message":"===================================================","timestamp":"2026-06-11 10:56:58"}
{"level":"info","message":" i-SOFTZONE Backend running on port 4000","timestamp":"2026-06-11 10:56:58"}
{"level":"info","message":" Environment             : DEVELOPMENT","timestamp":"2026-06-11 10:56:58"}
{"level":"info","message":" 🔒 Helmet + Rate Limiting: ACTIVE","timestamp":"2026-06-11 10:56:58"}
{"level":"info","message":" 📢 Notifications Engine  : ACTIVE","timestamp":"2026-06-11 10:56:58"}
{"level":"info","message":" 🗂️  Audit Trail (JSONB)   : ACTIVE","timestamp":"2026-06-11 10:56:58"}
{"level":"info","message":" ⏰ Cron Scheduler        : ACTIVE","timestamp":"2026-06-11 10:56:58"}
{"level":"info","message":" 📖 Swagger Docs          : http://localhost:4000/api-docs","timestamp":"2026-06-11 10:56:58"}
{"level":"info","message":"===================================================","timestamp":"2026-06-11 10:56:58"}
{"level":"info","message":"📧 Nodemailer running in MOCK mode. Emails will be logged to combined.log","timestamp":"2026-06-11 10:58:33"}
{"level":"warn","message":"POST /api/v1/auth/login — 401: Invalid email or password","timestamp":"2026-06-11 10:58:34"}
{"level":"info","message":"POST /api/v1/auth/login 401","timestamp":"2026-06-11 10:58:34"}
{"level":"error","message":"POST /api/v1/auth/login — \"password\" is required","stack":"ValidationError: \"password\" is required","timestamp":"2026-06-11 10:58:34"}
{"level":"info","message":"POST /api/v1/auth/login 422","timestamp":"2026-06-11 10:58:34"}
{"level":"info","message":"GET /api/v1/auth/profile 401","timestamp":"2026-06-11 10:58:35"}
{"level":"info","message":"📧 Nodemailer running in MOCK mode. Emails will be logged to combined.log","timestamp":"2026-06-11 10:58:38"}
{"level":"info","message":"POST /api/v1/leaves/apply 401","timestamp":"2026-06-11 10:58:38"}
{"level":"info","message":"GET /api/v1/leaves/balances 401","timestamp":"2026-06-11 10:58:38"}
{"level":"info","message":"📧 Nodemailer running in MOCK mode. Emails will be logged to combined.log","timestamp":"2026-06-11 10:58:41"}
{"level":"info","message":"GET /api/v1/employees 401","timestamp":"2026-06-11 10:58:41"}
{"level":"info","message":"GET /api/v1/employees/1 401","timestamp":"2026-06-11 10:58:41"}
{"level":"warn","message":"POST /api/auth/login — 401: Invalid email or password","timestamp":"2026-06-11 11:00:12"}
{"level":"info","message":"POST /api/auth/login 401","timestamp":"2026-06-11 11:00:12"}
{"level":"warn","message":"POST /api/auth/login — 401: Invalid email or password","timestamp":"2026-06-11 11:00:20"}
{"level":"info","message":"POST /api/auth/login 401","timestamp":"2026-06-11 11:00:20"}
{"level":"info","message":"[PASSWORD RESET] Code for rishigarg1290@gmail.com is 405686","timestamp":"2026-06-11 11:00:26"}
{"level":"info","message":"POST /api/auth/forgot-password 200","timestamp":"2026-06-11 11:00:26"}
{"level":"info","message":"Password successfully reset for user rishigarg1290@gmail.com","timestamp":"2026-06-11 11:00:47"}
{"level":"info","message":"POST /api/auth/reset-password 200","timestamp":"2026-06-11 11:00:47"}
{"level":"info","message":"POST /api/auth/login 200","timestamp":"2026-06-11 11:00:52"}
{"level":"info","message":"Cache MISS: Fetching departments list from Database","timestamp":"2026-06-11 11:00:52"}
{"level":"info","message":"GET /api/employees?limit=100 304","timestamp":"2026-06-11 11:00:52"}
{"level":"info","message":"Cache MISS: Fetching skills list from Database","timestamp":"2026-06-11 11:00:52"}
{"level":"info","message":"GET /api/skills 304","timestamp":"2026-06-11 11:00:52"}
{"level":"info","message":"GET /api/departments 304","timestamp":"2026-06-11 11:00:52"}
{"level":"info","message":"Cache HIT: Serving skills list from Node-Cache","timestamp":"2026-06-11 11:00:52"}
{"level":"info","message":"GET /api/skills 304","timestamp":"2026-06-11 11:00:52"}
{"level":"info","message":"GET /api/v1/monitoring/stats 200","timestamp":"2026-06-11 11:00:52"}
{"level":"info","message":"GET /api/employees?limit=100 304","timestamp":"2026-06-11 11:00:52"}
{"level":"info","message":"GET /api/leaves/analytics 304","timestamp":"2026-06-11 11:00:52"}
{"level":"info","message":"Cache HIT: Serving departments list from Node-Cache","timestamp":"2026-06-11 11:00:52"}
{"level":"info","message":"GET /api/departments 304","timestamp":"2026-06-11 11:00:52"}
{"level":"info","message":"GET /api/v1/monitoring/stats 200","timestamp":"2026-06-11 11:00:52"}
{"level":"info","message":"GET /api/leaves/analytics 304","timestamp":"2026-06-11 11:00:52"}
{"level":"info","message":"POST /api/auth/login 200","timestamp":"2026-06-11 11:00:56"}
{"level":"info","message":"Cache HIT: Serving departments list from Node-Cache","timestamp":"2026-06-11 11:00:56"}
{"level":"info","message":"GET /api/departments 200","timestamp":"2026-06-11 11:00:56"}
{"level":"info","message":"Cache HIT: Serving skills list from Node-Cache","timestamp":"2026-06-11 11:00:56"}
{"level":"info","message":"GET /api/skills 200","timestamp":"2026-06-11 11:00:56"}
{"level":"info","message":"Cache HIT: Serving departments list from Node-Cache","timestamp":"2026-06-11 11:00:56"}
{"level":"info","message":"GET /api/departments 304","timestamp":"2026-06-11 11:00:56"}
{"level":"info","message":"GET /api/employees?limit=100 200","timestamp":"2026-06-11 11:00:56"}
{"level":"info","message":"Cache HIT: Serving skills list from Node-Cache","timestamp":"2026-06-11 11:00:56"}
{"level":"info","message":"GET /api/skills 304","timestamp":"2026-06-11 11:00:56"}
{"level":"info","message":"GET /api/leaves/analytics 200","timestamp":"2026-06-11 11:00:56"}
{"level":"info","message":"GET /api/employees?limit=100 304","timestamp":"2026-06-11 11:00:56"}
{"level":"info","message":"GET /api/leaves/analytics 304","timestamp":"2026-06-11 11:00:56"}
{"level":"info","message":"GET /api/v1/monitoring/stats 200","timestamp":"2026-06-11 11:00:56"}
{"level":"info","message":"GET /api/v1/monitoring/stats 200","timestamp":"2026-06-11 11:00:56"}
{"level":"info","message":"GET /api/v1/monitoring/stats 200","timestamp":"2026-06-11 11:00:57"}
{"level":"info","message":"GET /api/v1/monitoring/stats 200","timestamp":"2026-06-11 11:01:01"}
{"level":"info","message":"GET /api/v1/monitoring/stats 200","timestamp":"2026-06-11 11:01:02"}
{"level":"info","message":"GET /api/v1/monitoring/stats 200","timestamp":"2026-06-11 11:01:06"}
{"level":"info","message":"GET /api/v1/monitoring/stats 200","timestamp":"2026-06-11 11:01:07"}
{"level":"info","message":"GET /api/v1/monitoring/stats 200","timestamp":"2026-06-11 11:01:11"}
{"level":"info","message":"GET /api/v1/monitoring/stats 200","timestamp":"2026-06-11 11:01:12"}
{"level":"info","message":"GET /api/v1/monitoring/stats 200","timestamp":"2026-06-11 11:01:16"}
{"level":"info","message":"GET /api/v1/monitoring/stats 200","timestamp":"2026-06-11 11:01:17"}
{"level":"info","message":"Cache HIT: Serving skills list from Node-Cache","timestamp":"2026-06-11 11:01:17"}
{"level":"info","message":"GET /api/skills 304","timestamp":"2026-06-11 11:01:17"}
{"level":"info","message":"Cache HIT: Serving skills list from Node-Cache","timestamp":"2026-06-11 11:01:17"}
{"level":"info","message":"GET /api/skills 304","timestamp":"2026-06-11 11:01:17"}
{"level":"info","message":"Cache HIT: Serving departments list from Node-Cache","timestamp":"2026-06-11 11:01:21"}
{"level":"info","message":"GET /api/departments 304","timestamp":"2026-06-11 11:01:21"}
{"level":"info","message":"Cache HIT: Serving departments list from Node-Cache","timestamp":"2026-06-11 11:01:21"}
{"level":"info","message":"GET /api/departments 304","timestamp":"2026-06-11 11:01:21"}
{"level":"info","message":"GET /api/v1/monitoring/stats 200","timestamp":"2026-06-11 11:01:22"}
{"level":"info","message":"GET /api/leaves/my 200","timestamp":"2026-06-11 11:01:25"}
{"level":"info","message":"GET /api/leaves/my 304","timestamp":"2026-06-11 11:01:25"}
{"level":"info","message":"GET /api/leaves/balances 200","timestamp":"2026-06-11 11:01:25"}
{"level":"info","message":"GET /api/leaves/balances 304","timestamp":"2026-06-11 11:01:25"}
{"level":"info","message":"GET /api/v1/monitoring/stats 200","timestamp":"2026-06-11 11:01:27"}
{"level":"info","message":"GET /api/v1/monitoring/stats 200","timestamp":"2026-06-11 11:01:32"}
{"level":"info","message":"GET /api/auth/profile 200","timestamp":"2026-06-11 11:01:36"}
{"level":"info","message":"GET /api/auth/profile 304","timestamp":"2026-06-11 11:01:36"}
{"level":"info","message":"GET /api/v1/monitoring/stats 200","timestamp":"2026-06-11 11:01:37"}
{"level":"info","message":"GET /api/v1/monitoring/stats 200","timestamp":"2026-06-11 11:01:42"}
{"level":"info","message":"GET /api/v1/monitoring/stats 200","timestamp":"2026-06-11 11:01:47"}
{"level":"info","message":"GET /api/v1/monitoring/stats 200","timestamp":"2026-06-11 11:01:52"}
{"level":"info","message":"GET /api/v1/monitoring/stats 200","timestamp":"2026-06-11 11:01:57"}
{"level":"info","message":"GET /api/v1/monitoring/stats 200","timestamp":"2026-06-11 11:02:02"}
{"level":"info","message":"GET /api/v1/monitoring/stats 200","timestamp":"2026-06-11 11:02:07"}
{"level":"info","message":"GET /api/v1/monitoring/stats 200","timestamp":"2026-06-11 11:02:12"}
{"level":"info","message":"GET /api/v1/monitoring/stats 200","timestamp":"2026-06-11 11:02:17"}
{"level":"info","message":"GET /api/v1/monitoring/stats 200","timestamp":"2026-06-11 11:02:22"}
{"level":"info","message":"GET /api/v1/monitoring/stats 200","timestamp":"2026-06-11 11:02:27"}
{"level":"info","message":"GET /api/v1/monitoring/stats 200","timestamp":"2026-06-11 11:02:32"}
{"level":"info","message":"GET /api/v1/monitoring/stats 200","timestamp":"2026-06-11 11:02:37"}
{"level":"info","message":"GET /api/v1/monitoring/stats 200","timestamp":"2026-06-11 11:02:42"}
{"level":"info","message":"GET /api/v1/monitoring/stats 200","timestamp":"2026-06-11 11:02:47"}
{"level":"info","message":"GET /api/v1/monitoring/stats 200","timestamp":"2026-06-11 11:02:52"}
{"level":"info","message":"GET /api/v1/monitoring/stats 200","timestamp":"2026-06-11 11:02:57"}
{"level":"info","message":"GET /api/v1/monitoring/stats 200","timestamp":"2026-06-11 11:03:02"}
{"level":"info","message":"GET /api/v1/monitoring/stats 200","timestamp":"2026-06-11 11:03:07"}
{"level":"info","message":"GET /api/v1/monitoring/stats 200","timestamp":"2026-06-11 11:03:12"}
{"level":"info","message":"GET /api/v1/monitoring/stats 200","timestamp":"2026-06-11 11:03:17"}
{"level":"info","message":"GET /api/v1/monitoring/stats 200","timestamp":"2026-06-11 11:03:22"}
{"level":"info","message":"GET /api/v1/monitoring/stats 200","timestamp":"2026-06-11 11:03:27"}
{"level":"info","message":"GET /api/v1/monitoring/stats 200","timestamp":"2026-06-11 11:03:32"}
{"level":"info","message":"GET /api/v1/monitoring/stats 200","timestamp":"2026-06-11 11:03:37"}
{"level":"info","message":"GET /api/v1/monitoring/stats 200","timestamp":"2026-06-11 11:03:42"}
{"level":"info","message":"GET /api/v1/monitoring/stats 200","timestamp":"2026-06-11 11:03:47"}
{"level":"info","message":"GET /api/v1/monitoring/stats 200","timestamp":"2026-06-11 11:03:52"}
{"level":"info","message":"GET /api/v1/monitoring/stats 200","timestamp":"2026-06-11 11:03:57"}
{"level":"info","message":"GET /api/v1/monitoring/stats 200","timestamp":"2026-06-11 11:04:02"}
{"level":"info","message":"GET /api/v1/monitoring/stats 200","timestamp":"2026-06-11 11:04:07"}
{"level":"info","message":"GET /api/v1/monitoring/stats 200","timestamp":"2026-06-11 11:04:12"}
{"level":"info","message":"GET /api/v1/monitoring/stats 200","timestamp":"2026-06-11 11:04:17"}
{"level":"info","message":"GET /api/v1/monitoring/stats 200","timestamp":"2026-06-11 11:04:22"}
{"level":"info","message":"GET /api/v1/monitoring/stats 200","timestamp":"2026-06-11 11:04:27"}
{"level":"info","message":"GET /api/v1/monitoring/stats 200","timestamp":"2026-06-11 11:04:32"}
{"level":"info","message":"GET /api/v1/monitoring/stats 200","timestamp":"2026-06-11 11:04:37"}
{"level":"info","message":"GET /api/v1/monitoring/stats 200","timestamp":"2026-06-11 11:04:42"}
{"level":"info","message":"GET /api/v1/monitoring/stats 200","timestamp":"2026-06-11 11:04:47"}
{"level":"info","message":"GET /api/v1/monitoring/stats 200","timestamp":"2026-06-11 11:04:52"}
{"level":"info","message":"GET /api/v1/monitoring/stats 200","timestamp":"2026-06-11 11:04:57"}
{"level":"info","message":"GET /api/v1/monitoring/stats 200","timestamp":"2026-06-11 11:05:02"}
{"level":"info","message":"GET /api/v1/monitoring/stats 200","timestamp":"2026-06-11 11:05:07"}
{"level":"info","message":"GET /api/v1/monitoring/stats 200","timestamp":"2026-06-11 11:05:12"}
{"level":"info","message":"GET /api/v1/monitoring/stats 200","timestamp":"2026-06-11 11:05:17"}
{"level":"info","message":"GET /api/v1/monitoring/stats 200","timestamp":"2026-06-11 11:05:22"}
{"level":"info","message":"GET /api/v1/monitoring/stats 200","timestamp":"2026-06-11 11:05:27"}
{"level":"info","message":"GET /api/v1/monitoring/stats 200","timestamp":"2026-06-11 11:05:32"}
{"level":"info","message":"GET /api/v1/monitoring/stats 200","timestamp":"2026-06-11 11:05:37"}
{"level":"info","message":"GET /api/v1/monitoring/stats 200","timestamp":"2026-06-11 11:05:42"}
{"level":"info","message":"GET /api/v1/monitoring/stats 200","timestamp":"2026-06-11 11:05:47"}
{"level":"info","message":"GET /api/v1/monitoring/stats 200","timestamp":"2026-06-11 11:05:52"}
{"level":"info","message":"GET /api/v1/monitoring/stats 200","timestamp":"2026-06-11 11:05:57"}
{"level":"info","message":"GET /api/v1/monitoring/stats 200","timestamp":"2026-06-11 11:06:02"}
{"level":"info","message":"GET /api/v1/monitoring/stats 200","timestamp":"2026-06-11 11:06:07"}
{"level":"info","message":"GET /api/v1/monitoring/stats 200","timestamp":"2026-06-11 11:06:12"}
{"level":"info","message":"GET /api/v1/monitoring/stats 200","timestamp":"2026-06-11 11:06:17"}
{"level":"info","message":"GET /api/v1/monitoring/stats 200","timestamp":"2026-06-11 11:06:22"}
{"level":"info","message":"Cache MISS: Fetching departments list from Database","timestamp":"2026-06-11 11:06:26"}
{"level":"info","message":"GET /api/departments 304","timestamp":"2026-06-11 11:06:26"}
{"level":"info","message":"GET /api/employees 200","timestamp":"2026-06-11 11:06:26"}
{"level":"info","message":"Cache MISS: Fetching skills list from Database","timestamp":"2026-06-11 11:06:26"}
{"level":"info","message":"GET /api/skills 304","timestamp":"2026-06-11 11:06:26"}
{"level":"info","message":"GET /api/auth/profile 200","timestamp":"2026-06-11 11:06:26"}
{"level":"info","message":"Cache HIT: Serving departments list from Node-Cache","timestamp":"2026-06-11 11:06:26"}
{"level":"info","message":"GET /api/departments 304","timestamp":"2026-06-11 11:06:26"}
{"level":"info","message":"GET /api/employees 304","timestamp":"2026-06-11 11:06:26"}
{"level":"info","message":"Cache HIT: Serving skills list from Node-Cache","timestamp":"2026-06-11 11:06:26"}
{"level":"info","message":"GET /api/skills 304","timestamp":"2026-06-11 11:06:26"}
{"level":"info","message":"GET /api/auth/profile 304","timestamp":"2026-06-11 11:06:26"}
{"level":"warn","message":"GET /api/users — 404: Route Not Found — /api/users","timestamp":"2026-06-11 11:06:26"}
{"level":"info","message":"GET /api/users 404","timestamp":"2026-06-11 11:06:26"}
{"level":"warn","message":"GET /api/users — 404: Route Not Found — /api/users","timestamp":"2026-06-11 11:06:26"}
{"level":"info","message":"GET /api/users 404","timestamp":"2026-06-11 11:06:26"}
{"level":"info","message":"GET /api/employees?limit=100 304","timestamp":"2026-06-11 11:08:43"}
{"level":"info","message":"Cache HIT: Serving departments list from Node-Cache","timestamp":"2026-06-11 11:08:43"}
{"level":"info","message":"GET /api/departments 304","timestamp":"2026-06-11 11:08:43"}
{"level":"info","message":"Cache HIT: Serving skills list from Node-Cache","timestamp":"2026-06-11 11:08:43"}
{"level":"info","message":"GET /api/skills 304","timestamp":"2026-06-11 11:08:43"}
{"level":"info","message":"GET /api/leaves/analytics 304","timestamp":"2026-06-11 11:08:43"}
{"level":"info","message":"GET /api/v1/monitoring/stats 200","timestamp":"2026-06-11 11:08:43"}
{"level":"info","message":"GET /api/employees?limit=100 304","timestamp":"2026-06-11 11:08:43"}
{"level":"info","message":"Cache HIT: Serving departments list from Node-Cache","timestamp":"2026-06-11 11:08:43"}
{"level":"info","message":"GET /api/departments 304","timestamp":"2026-06-11 11:08:43"}
{"level":"info","message":"Cache HIT: Serving skills list from Node-Cache","timestamp":"2026-06-11 11:08:43"}
{"level":"info","message":"GET /api/skills 304","timestamp":"2026-06-11 11:08:43"}
{"level":"info","message":"GET /api/leaves/analytics 304","timestamp":"2026-06-11 11:08:43"}
{"level":"info","message":"GET /api/v1/monitoring/stats 200","timestamp":"2026-06-11 11:08:43"}
{"level":"info","message":"GET /api/v1/monitoring/stats 200","timestamp":"2026-06-11 11:08:48"}
{"level":"info","message":"GET /api/v1/monitoring/stats 200","timestamp":"2026-06-11 11:08:53"}
{"level":"info","message":"GET /api/v1/monitoring/stats 200","timestamp":"2026-06-11 11:08:58"}
{"level":"info","message":"GET /api/v1/monitoring/stats 200","timestamp":"2026-06-11 11:09:03"}
{"level":"info","message":"GET /api/v1/monitoring/stats 200","timestamp":"2026-06-11 11:09:08"}
{"level":"info","message":"GET /api/v1/monitoring/stats 200","timestamp":"2026-06-11 11:09:13"}
{"level":"info","message":"GET /api/v1/monitoring/stats 200","timestamp":"2026-06-11 11:09:18"}
{"level":"info","message":"GET /api/v1/monitoring/stats 200","timestamp":"2026-06-11 11:09:23"}
{"level":"info","message":"GET /api/v1/monitoring/stats 200","timestamp":"2026-06-11 11:09:28"}
{"level":"info","message":"GET /api/v1/monitoring/stats 200","timestamp":"2026-06-11 11:09:33"}
{"level":"info","message":"GET /api/v1/monitoring/stats 200","timestamp":"2026-06-11 11:09:38"}
{"level":"info","message":"GET /api/v1/monitoring/stats 200","timestamp":"2026-06-11 11:09:43"}
{"level":"info","message":"GET /api/v1/monitoring/stats 200","timestamp":"2026-06-11 11:09:48"}
{"level":"info","message":"GET /api/v1/monitoring/stats 200","timestamp":"2026-06-11 11:09:53"}
{"level":"info","message":"GET /api/v1/monitoring/stats 200","timestamp":"2026-06-11 11:09:58"}
{"level":"info","message":"GET /api/v1/monitoring/stats 200","timestamp":"2026-06-11 11:10:04"}
{"level":"info","message":"GET /api/v1/monitoring/stats 200","timestamp":"2026-06-11 11:10:08"}
{"level":"info","message":"GET /api/v1/monitoring/stats 200","timestamp":"2026-06-11 11:10:13"}
{"level":"info","message":"GET /api/v1/monitoring/stats 200","timestamp":"2026-06-11 11:10:18"}
{"level":"info","message":"GET /api/v1/monitoring/stats 200","timestamp":"2026-06-11 11:10:23"}
{"level":"info","message":"GET /api/v1/monitoring/stats 200","timestamp":"2026-06-11 11:10:28"}
{"level":"info","message":"GET /api/v1/monitoring/stats 200","timestamp":"2026-06-11 11:10:33"}
{"level":"info","message":"GET /api/v1/monitoring/stats 200","timestamp":"2026-06-11 11:10:38"}
{"level":"info","message":"GET /api/v1/monitoring/stats 200","timestamp":"2026-06-11 11:10:43"}
{"level":"info","message":"GET /api/v1/monitoring/stats 200","timestamp":"2026-06-11 11:10:48"}
{"level":"info","message":"GET /api/v1/monitoring/stats 200","timestamp":"2026-06-11 11:10:53"}
{"level":"info","message":"GET /api/v1/monitoring/stats 200","timestamp":"2026-06-11 11:10:58"}
{"level":"info","message":"GET /api/v1/monitoring/stats 200","timestamp":"2026-06-11 11:11:03"}
{"level":"info","message":"GET /api/v1/monitoring/stats 200","timestamp":"2026-06-11 11:11:08"}
{"level":"info","message":"GET /api/v1/monitoring/stats 200","timestamp":"2026-06-11 11:11:13"}
{"level":"info","message":"GET /api/v1/monitoring/stats 200","timestamp":"2026-06-11 11:11:19"}
{"level":"info","message":"GET /api/v1/monitoring/stats 200","timestamp":"2026-06-11 11:11:23"}
{"level":"info","message":"GET /api/v1/monitoring/stats 200","timestamp":"2026-06-11 11:11:28"}
{"level":"info","message":"GET /api/v1/monitoring/stats 200","timestamp":"2026-06-11 11:11:33"}
{"level":"info","message":"GET /api/v1/monitoring/stats 200","timestamp":"2026-06-11 11:11:38"}
{"level":"info","message":"GET /api/assets?limit=1000 200","timestamp":"2026-06-11 11:11:42"}
{"level":"info","message":"GET /api/leaves/analytics 304","timestamp":"2026-06-11 11:11:42"}
{"level":"info","message":"GET /api/employees?limit=1000 200","timestamp":"2026-06-11 11:11:42"}
{"level":"info","message":"GET /api/assets?limit=1000 304","timestamp":"2026-06-11 11:11:43"}
{"level":"info","message":"GET /api/employees?limit=1000 304","timestamp":"2026-06-11 11:11:43"}
{"level":"info","message":"GET /api/leaves/analytics 304","timestamp":"2026-06-11 11:11:43"}
{"level":"info","message":"GET /api/auth/profile 304","timestamp":"2026-06-11 11:12:04"}
{"level":"info","message":"GET /api/auth/profile 304","timestamp":"2026-06-11 11:12:04"}
{"level":"info","message":"Cache MISS: Fetching departments list from Database","timestamp":"2026-06-11 11:12:04"}
{"level":"info","message":"Cache MISS: Fetching skills list from Database","timestamp":"2026-06-11 11:12:04"}
{"level":"info","message":"GET /api/employees?limit=100 304","timestamp":"2026-06-11 11:12:04"}
{"level":"info","message":"GET /api/departments 304","timestamp":"2026-06-11 11:12:04"}
{"level":"info","message":"GET /api/v1/monitoring/stats 200","timestamp":"2026-06-11 11:12:04"}
{"level":"info","message":"GET /api/skills 304","timestamp":"2026-06-11 11:12:04"}
{"level":"info","message":"GET /api/leaves/analytics 304","timestamp":"2026-06-11 11:12:04"}
{"level":"info","message":"GET /api/employees?limit=100 304","timestamp":"2026-06-11 11:12:04"}
{"level":"info","message":"Cache HIT: Serving departments list from Node-Cache","timestamp":"2026-06-11 11:12:04"}
{"level":"info","message":"GET /api/departments 304","timestamp":"2026-06-11 11:12:04"}
{"level":"info","message":"GET /api/v1/monitoring/stats 200","timestamp":"2026-06-11 11:12:04"}
{"level":"info","message":"Cache HIT: Serving skills list from Node-Cache","timestamp":"2026-06-11 11:12:04"}
{"level":"info","message":"GET /api/skills 304","timestamp":"2026-06-11 11:12:04"}
{"level":"info","message":"GET /api/leaves/analytics 304","timestamp":"2026-06-11 11:12:04"}
{"level":"info","message":"GET /api/v1/monitoring/stats 200","timestamp":"2026-06-11 11:12:09"}
{"level":"info","message":"GET /api/v1/monitoring/stats 200","timestamp":"2026-06-11 11:12:14"}
{"level":"info","message":"GET /api/v1/monitoring/stats 200","timestamp":"2026-06-11 11:12:19"}
{"level":"info","message":"GET /api/v1/monitoring/stats 200","timestamp":"2026-06-11 11:12:24"}
{"level":"info","message":"GET /api/v1/monitoring/stats 200","timestamp":"2026-06-11 11:12:29"}
{"level":"info","message":"GET /api/v1/monitoring/stats 200","timestamp":"2026-06-11 11:12:34"}
{"level":"info","message":"GET /api/v1/monitoring/stats 200","timestamp":"2026-06-11 11:12:39"}
{"level":"info","message":"GET /api/v1/monitoring/stats 200","timestamp":"2026-06-11 11:12:44"}
{"level":"info","message":"GET /api/v1/monitoring/stats 200","timestamp":"2026-06-11 11:12:49"}
{"level":"info","message":"GET /api/v1/monitoring/stats 200","timestamp":"2026-06-11 11:12:54"}
{"level":"info","message":"GET /api/v1/monitoring/stats 200","timestamp":"2026-06-11 11:12:59"}
{"level":"info","message":"GET /api/v1/monitoring/stats 200","timestamp":"2026-06-11 11:13:04"}
{"level":"info","message":"GET /api/v1/monitoring/stats 200","timestamp":"2026-06-11 11:13:09"}
{"level":"info","message":"GET /api/v1/monitoring/stats 200","timestamp":"2026-06-11 11:13:14"}
{"level":"info","message":"GET /api/v1/monitoring/stats 200","timestamp":"2026-06-11 11:13:19"}
{"level":"info","message":"GET /api/v1/monitoring/stats 200","timestamp":"2026-06-11 11:13:24"}
{"level":"info","message":"GET /api/v1/monitoring/stats 200","timestamp":"2026-06-11 11:13:29"}
{"level":"info","message":"GET /api/v1/monitoring/stats 200","timestamp":"2026-06-11 11:13:34"}
{"level":"info","message":"GET /api/v1/monitoring/stats 200","timestamp":"2026-06-11 11:13:39"}
{"level":"info","message":"GET /api/auth/profile 304","timestamp":"2026-06-11 11:13:40"}
{"level":"info","message":"GET /api/auth/profile 304","timestamp":"2026-06-11 11:13:40"}
{"level":"info","message":"Cache HIT: Serving departments list from Node-Cache","timestamp":"2026-06-11 11:13:40"}
{"level":"info","message":"GET /api/departments 304","timestamp":"2026-06-11 11:13:40"}
{"level":"info","message":"Cache HIT: Serving skills list from Node-Cache","timestamp":"2026-06-11 11:13:40"}
{"level":"info","message":"GET /api/skills 304","timestamp":"2026-06-11 11:13:40"}
{"level":"info","message":"GET /api/employees?limit=100 304","timestamp":"2026-06-11 11:13:40"}
{"level":"info","message":"Cache HIT: Serving departments list from Node-Cache","timestamp":"2026-06-11 11:13:40"}
{"level":"info","message":"GET /api/departments 304","timestamp":"2026-06-11 11:13:40"}
{"level":"info","message":"Cache HIT: Serving skills list from Node-Cache","timestamp":"2026-06-11 11:13:40"}
{"level":"info","message":"GET /api/skills 304","timestamp":"2026-06-11 11:13:40"}
{"level":"info","message":"GET /api/employees?limit=100 304","timestamp":"2026-06-11 11:13:40"}
{"level":"info","message":"GET /api/v1/monitoring/stats 200","timestamp":"2026-06-11 11:13:40"}
{"level":"info","message":"GET /api/leaves/analytics 304","timestamp":"2026-06-11 11:13:40"}
{"level":"info","message":"GET /api/v1/monitoring/stats 200","timestamp":"2026-06-11 11:13:40"}
{"level":"info","message":"GET /api/leaves/analytics 304","timestamp":"2026-06-11 11:13:40"}
{"level":"info","message":"GET /api/v1/monitoring/stats 200","timestamp":"2026-06-11 11:13:44"}
{"level":"info","message":"GET /api/v1/monitoring/stats 200","timestamp":"2026-06-11 11:13:45"}
{"level":"info","message":"GET /api/v1/monitoring/stats 200","timestamp":"2026-06-11 11:13:49"}
{"level":"info","message":"GET /api/v1/monitoring/stats 200","timestamp":"2026-06-11 11:13:50"}
{"level":"info","message":"GET /api/leaves/my 304","timestamp":"2026-06-11 11:13:51"}
{"level":"info","message":"GET /api/leaves/my 304","timestamp":"2026-06-11 11:13:51"}
{"level":"info","message":"GET /api/leaves/balances 304","timestamp":"2026-06-11 11:13:51"}
{"level":"info","message":"GET /api/leaves/balances 304","timestamp":"2026-06-11 11:13:52"}
{"level":"info","message":"GET /api/leaves/queue 200","timestamp":"2026-06-11 11:13:53"}
{"level":"info","message":"GET /api/leaves/queue 304","timestamp":"2026-06-11 11:13:53"}
{"level":"info","message":"GET /api/v1/monitoring/stats 200","timestamp":"2026-06-11 11:13:54"}
{"level":"info","message":"Cache HIT: Serving departments list from Node-Cache","timestamp":"2026-06-11 11:13:54"}
{"level":"info","message":"GET /api/departments 304","timestamp":"2026-06-11 11:13:54"}
{"level":"info","message":"Cache HIT: Serving skills list from Node-Cache","timestamp":"2026-06-11 11:13:54"}
{"level":"info","message":"GET /api/skills 304","timestamp":"2026-06-11 11:13:54"}
{"level":"info","message":"Cache HIT: Serving departments list from Node-Cache","timestamp":"2026-06-11 11:13:55"}
{"level":"info","message":"GET /api/departments 304","timestamp":"2026-06-11 11:13:55"}
{"level":"info","message":"Cache HIT: Serving skills list from Node-Cache","timestamp":"2026-06-11 11:13:55"}
{"level":"info","message":"GET /api/skills 304","timestamp":"2026-06-11 11:13:55"}
{"level":"info","message":"GET /api/employees?limit=100 304","timestamp":"2026-06-11 11:13:55"}
{"level":"info","message":"GET /api/employees?limit=100 304","timestamp":"2026-06-11 11:13:55"}
{"level":"info","message":"GET /api/leaves/analytics 304","timestamp":"2026-06-11 11:13:55"}
{"level":"info","message":"GET /api/v1/monitoring/stats 200","timestamp":"2026-06-11 11:13:55"}
{"level":"info","message":"GET /api/leaves/analytics 304","timestamp":"2026-06-11 11:13:55"}
{"level":"info","message":"GET /api/v1/monitoring/stats 200","timestamp":"2026-06-11 11:13:55"}
{"level":"info","message":"GET /api/v1/monitoring/stats 200","timestamp":"2026-06-11 11:13:59"}
{"level":"info","message":"GET /api/v1/monitoring/stats 200","timestamp":"2026-06-11 11:13:59"}
{"level":"info","message":"GET /api/v1/monitoring/stats 200","timestamp":"2026-06-11 11:14:04"}
{"level":"info","message":"GET /api/v1/monitoring/stats 200","timestamp":"2026-06-11 11:14:04"}
{"level":"info","message":"GET /api/employees 200","timestamp":"2026-06-11 11:14:06"}
{"level":"info","message":"GET /api/assets 200","timestamp":"2026-06-11 11:14:06"}
{"level":"info","message":"GET /api/assets 304","timestamp":"2026-06-11 11:14:06"}
{"level":"info","message":"GET /api/employees 304","timestamp":"2026-06-11 11:14:06"}
{"level":"info","message":"GET /api/v1/monitoring/stats 200","timestamp":"2026-06-11 11:14:09"}
{"level":"info","message":"GET /api/v1/monitoring/stats 200","timestamp":"2026-06-11 11:14:14"}
{"level":"info","message":"GET /api/v1/monitoring/stats 200","timestamp":"2026-06-11 11:14:19"}
{"level":"info","message":"GET /api/v1/monitoring/stats 200","timestamp":"2026-06-11 11:14:24"}
{"level":"info","message":"GET /api/employees?limit=1000 304","timestamp":"2026-06-11 11:14:25"}
{"level":"info","message":"GET /api/assets?limit=1000 304","timestamp":"2026-06-11 11:14:25"}
{"level":"info","message":"GET /api/leaves/analytics 304","timestamp":"2026-06-11 11:14:25"}
{"level":"info","message":"GET /api/assets?limit=1000 304","timestamp":"2026-06-11 11:14:25"}
{"level":"info","message":"GET /api/employees?limit=1000 304","timestamp":"2026-06-11 11:14:25"}
{"level":"info","message":"GET /api/leaves/analytics 304","timestamp":"2026-06-11 11:14:25"}
{"level":"info","message":"GET /api/auth/profile 304","timestamp":"2026-06-11 11:16:19"}
{"level":"info","message":"GET /api/auth/profile 304","timestamp":"2026-06-11 11:16:19"}
{"level":"info","message":"GET /api/auth/profile 304","timestamp":"2026-06-11 11:16:19"}
{"level":"info","message":"GET /api/auth/profile 304","timestamp":"2026-06-11 11:16:19"}
{"level":"info","message":"GET /api/auth/profile 304","timestamp":"2026-06-11 11:18:43"}
{"level":"info","message":"GET /api/auth/profile 304","timestamp":"2026-06-11 11:18:43"}
{"level":"info","message":"Cache MISS: Fetching departments list from Database","timestamp":"2026-06-11 11:18:43"}
{"level":"info","message":"GET /api/employees?limit=100 304","timestamp":"2026-06-11 11:18:43"}
{"level":"info","message":"Cache MISS: Fetching skills list from Database","timestamp":"2026-06-11 11:18:43"}
{"level":"info","message":"GET /api/skills 304","timestamp":"2026-06-11 11:18:43"}
{"level":"info","message":"GET /api/departments 304","timestamp":"2026-06-11 11:18:43"}
{"level":"info","message":"GET /api/v1/monitoring/stats 200","timestamp":"2026-06-11 11:18:43"}
{"level":"info","message":"Cache HIT: Serving skills list from Node-Cache","timestamp":"2026-06-11 11:18:43"}
{"level":"info","message":"GET /api/skills 304","timestamp":"2026-06-11 11:18:43"}
{"level":"info","message":"Cache HIT: Serving departments list from Node-Cache","timestamp":"2026-06-11 11:18:43"}
{"level":"info","message":"GET /api/departments 304","timestamp":"2026-06-11 11:18:43"}
{"level":"info","message":"GET /api/leaves/analytics 304","timestamp":"2026-06-11 11:18:43"}
{"level":"info","message":"GET /api/employees?limit=100 304","timestamp":"2026-06-11 11:18:43"}
{"level":"info","message":"GET /api/v1/monitoring/stats 200","timestamp":"2026-06-11 11:18:43"}
{"level":"info","message":"GET /api/leaves/analytics 304","timestamp":"2026-06-11 11:18:44"}
{"level":"info","message":"GET /api/v1/monitoring/stats 200","timestamp":"2026-06-11 11:18:48"}
{"level":"info","message":"GET /api/v1/monitoring/stats 200","timestamp":"2026-06-11 11:18:53"}
{"level":"info","message":"GET /api/v1/monitoring/stats 200","timestamp":"2026-06-11 11:18:58"}
{"level":"info","message":"GET /api/v1/monitoring/stats 200","timestamp":"2026-06-11 11:19:03"}
{"level":"info","message":"GET /api/v1/monitoring/stats 200","timestamp":"2026-06-11 11:19:08"}
{"level":"info","message":"GET /api/v1/monitoring/stats 200","timestamp":"2026-06-11 11:19:13"}
{"level":"info","message":"GET /api/v1/monitoring/stats 200","timestamp":"2026-06-11 11:19:18"}
{"level":"info","message":"GET /api/v1/monitoring/stats 200","timestamp":"2026-06-11 11:19:23"}
{"level":"info","message":"GET /api/v1/monitoring/stats 200","timestamp":"2026-06-11 11:19:28"}
{"level":"info","message":"GET /api/v1/monitoring/stats 200","timestamp":"2026-06-11 11:19:33"}
{"level":"info","message":"GET /api/v1/monitoring/stats 200","timestamp":"2026-06-11 11:19:38"}
{"level":"info","message":"GET /api/v1/monitoring/stats 200","timestamp":"2026-06-11 11:19:43"}
{"level":"info","message":"GET /api/v1/monitoring/stats 200","timestamp":"2026-06-11 11:19:48"}
{"level":"info","message":"Cache HIT: Serving departments list from Node-Cache","timestamp":"2026-06-11 11:19:50"}
{"level":"info","message":"GET /api/departments 304","timestamp":"2026-06-11 11:19:50"}
{"level":"info","message":"Cache HIT: Serving skills list from Node-Cache","timestamp":"2026-06-11 11:19:50"}
{"level":"info","message":"GET /api/skills 304","timestamp":"2026-06-11 11:19:50"}
{"level":"info","message":"GET /api/employees?limit=100 304","timestamp":"2026-06-11 11:19:50"}
{"level":"info","message":"GET /api/leaves/analytics 304","timestamp":"2026-06-11 11:19:50"}
{"level":"info","message":"GET /api/v1/monitoring/stats 200","timestamp":"2026-06-11 11:19:53"}
{"level":"info","message":"GET /api/v1/monitoring/stats 200","timestamp":"2026-06-11 11:19:58"}
{"level":"info","message":"GET /api/v1/monitoring/stats 200","timestamp":"2026-06-11 11:20:03"}
{"level":"info","message":"GET /api/v1/monitoring/stats 200","timestamp":"2026-06-11 11:20:08"}
{"level":"info","message":"GET /api/v1/monitoring/stats 200","timestamp":"2026-06-11 11:20:13"}
{"level":"info","message":"GET /api/v1/monitoring/stats 200","timestamp":"2026-06-11 11:20:18"}
{"level":"info","message":"GET /api/v1/monitoring/stats 200","timestamp":"2026-06-11 11:20:23"}
{"level":"info","message":"GET /api/v1/monitoring/stats 200","timestamp":"2026-06-11 11:20:28"}
{"level":"info","message":"GET /api/v1/monitoring/stats 200","timestamp":"2026-06-11 11:20:33"}
{"level":"info","message":"GET /api/v1/monitoring/stats 200","timestamp":"2026-06-11 11:20:38"}
{"level":"info","message":"GET /api/v1/monitoring/stats 200","timestamp":"2026-06-11 11:20:43"}
{"level":"info","message":"GET /api/v1/monitoring/stats 200","timestamp":"2026-06-11 11:20:48"}
{"level":"info","message":"GET /api/v1/monitoring/stats 200","timestamp":"2026-06-11 11:20:53"}
{"level":"info","message":"GET /api/v1/monitoring/stats 200","timestamp":"2026-06-11 11:20:58"}
{"level":"info","message":"GET /api/v1/monitoring/stats 200","timestamp":"2026-06-11 11:21:03"}
{"level":"info","message":"GET /api/v1/monitoring/stats 200","timestamp":"2026-06-11 11:21:08"}
{"level":"info","message":"GET /api/v1/monitoring/stats 200","timestamp":"2026-06-11 11:21:13"}
{"level":"info","message":"GET /api/v1/monitoring/stats 200","timestamp":"2026-06-11 11:21:18"}
{"level":"info","message":"GET /api/v1/monitoring/stats 200","timestamp":"2026-06-11 11:21:23"}
{"level":"info","message":"GET /api/v1/monitoring/stats 200","timestamp":"2026-06-11 11:21:28"}
{"level":"info","message":"GET /api/v1/monitoring/stats 200","timestamp":"2026-06-11 11:21:33"}
{"level":"info","message":"GET /api/v1/monitoring/stats 200","timestamp":"2026-06-11 11:21:38"}
{"level":"info","message":"GET /api/v1/monitoring/stats 200","timestamp":"2026-06-11 11:21:43"}
{"level":"info","message":"GET /api/v1/monitoring/stats 200","timestamp":"2026-06-11 11:21:48"}
{"level":"info","message":"GET /api/v1/monitoring/stats 200","timestamp":"2026-06-11 11:21:53"}
{"level":"info","message":"GET /api/v1/monitoring/stats 200","timestamp":"2026-06-11 11:21:58"}
{"level":"info","message":"GET /api/v1/monitoring/stats 200","timestamp":"2026-06-11 11:22:03"}
{"level":"info","message":"GET /api/v1/monitoring/stats 200","timestamp":"2026-06-11 11:22:08"}
{"level":"info","message":"GET /api/v1/monitoring/stats 200","timestamp":"2026-06-11 11:22:13"}
{"level":"info","message":"GET /api/v1/monitoring/stats 200","timestamp":"2026-06-11 11:22:18"}
{"level":"info","message":"GET /api/v1/monitoring/stats 200","timestamp":"2026-06-11 11:22:23"}
{"level":"info","message":"GET /api/v1/monitoring/stats 200","timestamp":"2026-06-11 11:22:28"}
{"level":"info","message":"GET /api/v1/monitoring/stats 200","timestamp":"2026-06-11 11:22:33"}
{"level":"info","message":"GET /api/v1/monitoring/stats 200","timestamp":"2026-06-11 11:22:38"}
{"level":"info","message":"GET /api/v1/monitoring/stats 200","timestamp":"2026-06-11 11:22:43"}
{"level":"info","message":"GET /api/v1/monitoring/stats 200","timestamp":"2026-06-11 11:22:48"}
{"level":"info","message":"GET /api/v1/monitoring/stats 200","timestamp":"2026-06-11 11:22:53"}
{"level":"info","message":"GET /api/v1/monitoring/stats 200","timestamp":"2026-06-11 11:22:58"}
{"level":"info","message":"GET /api/v1/monitoring/stats 200","timestamp":"2026-06-11 11:23:03"}
{"level":"info","message":"GET /api/v1/monitoring/stats 200","timestamp":"2026-06-11 11:23:08"}
{"level":"info","message":"GET /api/v1/monitoring/stats 200","timestamp":"2026-06-11 11:23:13"}
{"level":"info","message":"GET /api/v1/monitoring/stats 200","timestamp":"2026-06-11 11:23:18"}
{"level":"info","message":"GET /api/v1/monitoring/stats 200","timestamp":"2026-06-11 11:23:23"}
{"level":"info","message":"GET /api/v1/monitoring/stats 200","timestamp":"2026-06-11 11:23:28"}
{"level":"info","message":"GET /api/v1/monitoring/stats 200","timestamp":"2026-06-11 11:23:33"}
{"level":"info","message":"GET /api/v1/monitoring/stats 200","timestamp":"2026-06-11 11:23:38"}
{"level":"info","message":"GET /api/v1/monitoring/stats 200","timestamp":"2026-06-11 11:23:43"}
{"level":"info","message":"GET /api/v1/monitoring/stats 200","timestamp":"2026-06-11 11:23:48"}
{"level":"info","message":"GET /api/v1/monitoring/stats 200","timestamp":"2026-06-11 11:23:53"}
{"level":"info","message":"GET /api/v1/monitoring/stats 200","timestamp":"2026-06-11 11:23:58"}
{"level":"info","message":"GET /api/v1/monitoring/stats 200","timestamp":"2026-06-11 11:24:03"}
{"level":"info","message":"GET /api/v1/monitoring/stats 200","timestamp":"2026-06-11 11:24:08"}
{"level":"info","message":"GET /api/v1/monitoring/stats 200","timestamp":"2026-06-11 11:24:13"}
{"level":"info","message":"GET /api/v1/monitoring/stats 200","timestamp":"2026-06-11 11:24:18"}
{"level":"info","message":"GET /api/v1/monitoring/stats 200","timestamp":"2026-06-11 11:24:23"}
{"level":"info","message":"GET /api/v1/monitoring/stats 200","timestamp":"2026-06-11 11:24:28"}
{"level":"info","message":"GET /api/v1/monitoring/stats 200","timestamp":"2026-06-11 11:24:33"}
{"level":"info","message":"GET /api/v1/monitoring/stats 200","timestamp":"2026-06-11 11:24:38"}
{"level":"info","message":"GET /api/v1/monitoring/stats 200","timestamp":"2026-06-11 11:24:43"}
{"level":"info","message":"GET /api/v1/monitoring/stats 200","timestamp":"2026-06-11 11:24:48"}
{"level":"info","message":"GET /api/v1/monitoring/stats 200","timestamp":"2026-06-11 11:24:53"}
{"level":"info","message":"GET /api/v1/monitoring/stats 200","timestamp":"2026-06-11 11:24:58"}
{"level":"info","message":"GET /api/v1/monitoring/stats 200","timestamp":"2026-06-11 11:25:03"}
{"level":"info","message":"GET /api/v1/monitoring/stats 200","timestamp":"2026-06-11 11:25:08"}
{"level":"info","message":"GET /api/v1/monitoring/stats 200","timestamp":"2026-06-11 11:25:13"}
{"level":"info","message":"GET /api/v1/monitoring/stats 200","timestamp":"2026-06-11 11:25:18"}
{"level":"info","message":"GET /api/v1/monitoring/stats 200","timestamp":"2026-06-11 11:25:23"}
{"level":"info","message":"GET /api/v1/monitoring/stats 200","timestamp":"2026-06-11 11:25:28"}
{"level":"info","message":"GET /api/v1/monitoring/stats 200","timestamp":"2026-06-11 11:25:33"}
{"level":"info","message":"GET /api/v1/monitoring/stats 200","timestamp":"2026-06-11 11:25:38"}
{"level":"info","message":"GET /api/v1/monitoring/stats 200","timestamp":"2026-06-11 11:25:43"}
{"level":"info","message":"GET /api/v1/monitoring/stats 200","timestamp":"2026-06-11 11:25:48"}
{"level":"info","message":"GET /api/v1/monitoring/stats 200","timestamp":"2026-06-11 11:25:53"}
{"level":"info","message":"GET /api/v1/monitoring/stats 200","timestamp":"2026-06-11 11:25:58"}
{"level":"info","message":"GET /api/v1/monitoring/stats 200","timestamp":"2026-06-11 11:26:03"}
{"level":"info","message":"GET /api/v1/monitoring/stats 200","timestamp":"2026-06-11 11:26:08"}
{"level":"info","message":"GET /api/v1/monitoring/stats 200","timestamp":"2026-06-11 11:26:13"}
{"level":"info","message":"GET /api/v1/monitoring/stats 200","timestamp":"2026-06-11 11:26:18"}
{"level":"info","message":"GET /api/v1/monitoring/stats 200","timestamp":"2026-06-11 11:26:23"}
{"level":"info","message":"GET /api/v1/monitoring/stats 200","timestamp":"2026-06-11 11:26:28"}
{"level":"info","message":"GET /api/v1/monitoring/stats 200","timestamp":"2026-06-11 11:26:33"}
{"level":"info","message":"GET /api/v1/monitoring/stats 200","timestamp":"2026-06-11 11:26:38"}
{"level":"info","message":"GET /api/v1/monitoring/stats 200","timestamp":"2026-06-11 11:26:43"}
{"level":"info","message":"GET /api/v1/monitoring/stats 200","timestamp":"2026-06-11 11:26:48"}
{"level":"info","message":"GET /api/auth/profile 304","timestamp":"2026-06-11 11:26:53"}
{"level":"info","message":"GET /api/auth/profile 304","timestamp":"2026-06-11 11:26:53"}
{"level":"info","message":"Cache MISS: Fetching departments list from Database","timestamp":"2026-06-11 11:26:53"}
{"level":"info","message":"Cache MISS: Fetching skills list from Database","timestamp":"2026-06-11 11:26:53"}
{"level":"info","message":"GET /api/employees?limit=100 304","timestamp":"2026-06-11 11:26:53"}
{"level":"info","message":"GET /api/v1/monitoring/stats 200","timestamp":"2026-06-11 11:26:53"}
{"level":"info","message":"GET /api/employees?limit=100 304","timestamp":"2026-06-11 11:26:53"}
{"level":"info","message":"GET /api/v1/monitoring/stats 200","timestamp":"2026-06-11 11:26:53"}
{"level":"info","message":"GET /api/departments 304","timestamp":"2026-06-11 11:26:53"}
{"level":"info","message":"GET /api/skills 304","timestamp":"2026-06-11 11:26:53"}
{"level":"info","message":"GET /api/leaves/analytics 304","timestamp":"2026-06-11 11:26:53"}
{"level":"info","message":"Cache HIT: Serving departments list from Node-Cache","timestamp":"2026-06-11 11:26:53"}
{"level":"info","message":"GET /api/departments 304","timestamp":"2026-06-11 11:26:53"}
{"level":"info","message":"Cache HIT: Serving skills list from Node-Cache","timestamp":"2026-06-11 11:26:53"}
{"level":"info","message":"GET /api/skills 304","timestamp":"2026-06-11 11:26:53"}
{"level":"info","message":"GET /api/leaves/analytics 304","timestamp":"2026-06-11 11:26:53"}
{"level":"info","message":"GET /api/v1/monitoring/stats 200","timestamp":"2026-06-11 11:26:58"}
{"level":"info","message":"GET /api/auth/profile 304","timestamp":"2026-06-11 11:27:03"}
{"level":"info","message":"GET /api/auth/profile 304","timestamp":"2026-06-11 11:27:03"}
{"level":"info","message":"GET /api/employees?limit=100 304","timestamp":"2026-06-11 11:27:03"}
{"level":"info","message":"Cache HIT: Serving departments list from Node-Cache","timestamp":"2026-06-11 11:27:03"}
{"level":"info","message":"GET /api/departments 304","timestamp":"2026-06-11 11:27:03"}
{"level":"info","message":"Cache HIT: Serving skills list from Node-Cache","timestamp":"2026-06-11 11:27:03"}
{"level":"info","message":"GET /api/skills 304","timestamp":"2026-06-11 11:27:03"}
{"level":"info","message":"GET /api/v1/monitoring/stats 200","timestamp":"2026-06-11 11:27:03"}
{"level":"info","message":"GET /api/leaves/analytics 304","timestamp":"2026-06-11 11:27:03"}
{"level":"info","message":"GET /api/v1/monitoring/stats 200","timestamp":"2026-06-11 11:27:03"}
{"level":"info","message":"GET /api/employees?limit=100 304","timestamp":"2026-06-11 11:27:03"}
{"level":"info","message":"Cache HIT: Serving departments list from Node-Cache","timestamp":"2026-06-11 11:27:03"}
{"level":"info","message":"GET /api/departments 304","timestamp":"2026-06-11 11:27:03"}
{"level":"info","message":"Cache HIT: Serving skills list from Node-Cache","timestamp":"2026-06-11 11:27:03"}
{"level":"info","message":"GET /api/skills 304","timestamp":"2026-06-11 11:27:03"}
{"level":"info","message":"GET /api/leaves/analytics 304","timestamp":"2026-06-11 11:27:03"}
{"level":"info","message":"GET /api/v1/monitoring/stats 200","timestamp":"2026-06-11 11:27:03"}
{"level":"info","message":"GET /api/v1/monitoring/stats 200","timestamp":"2026-06-11 11:27:08"}
{"level":"info","message":"GET /api/v1/monitoring/stats 200","timestamp":"2026-06-11 11:27:08"}
{"level":"info","message":"GET /api/v1/monitoring/stats 200","timestamp":"2026-06-11 11:27:13"}
{"level":"info","message":"GET /api/v1/monitoring/stats 200","timestamp":"2026-06-11 11:27:13"}
{"level":"info","message":"GET /api/v1/monitoring/stats 200","timestamp":"2026-06-11 11:27:18"}
{"level":"info","message":"GET /api/v1/monitoring/stats 200","timestamp":"2026-06-11 11:27:18"}
{"level":"info","message":"GET /api/v1/monitoring/stats 200","timestamp":"2026-06-11 11:27:23"}
{"level":"info","message":"GET /api/v1/monitoring/stats 200","timestamp":"2026-06-11 11:27:23"}
{"level":"info","message":"GET /api/v1/monitoring/stats 200","timestamp":"2026-06-11 11:27:28"}
{"level":"info","message":"GET /api/v1/monitoring/stats 200","timestamp":"2026-06-11 11:27:28"}
{"level":"info","message":"GET /api/v1/monitoring/stats 200","timestamp":"2026-06-11 11:27:33"}
{"level":"info","message":"GET /api/v1/monitoring/stats 200","timestamp":"2026-06-11 11:27:33"}
{"level":"info","message":"GET /api/v1/monitoring/stats 200","timestamp":"2026-06-11 11:27:38"}
{"level":"info","message":"GET /api/v1/monitoring/stats 200","timestamp":"2026-06-11 11:27:38"}
{"level":"info","message":"GET /api/v1/monitoring/stats 200","timestamp":"2026-06-11 11:27:43"}
{"level":"info","message":"GET /api/v1/monitoring/stats 200","timestamp":"2026-06-11 11:27:43"}
{"level":"info","message":"GET /api/v1/monitoring/stats 200","timestamp":"2026-06-11 11:27:48"}
{"level":"info","message":"GET /api/v1/monitoring/stats 200","timestamp":"2026-06-11 11:27:48"}
{"level":"info","message":"GET /api/v1/monitoring/stats 200","timestamp":"2026-06-11 11:27:53"}
{"level":"info","message":"GET /api/v1/monitoring/stats 200","timestamp":"2026-06-11 11:27:53"}
{"level":"info","message":"GET /api/v1/monitoring/stats 200","timestamp":"2026-06-11 11:27:58"}
{"level":"info","message":"GET /api/v1/monitoring/stats 200","timestamp":"2026-06-11 11:27:58"}
{"level":"info","message":"GET /api/v1/monitoring/stats 200","timestamp":"2026-06-11 11:28:03"}
{"level":"info","message":"GET /api/v1/monitoring/stats 200","timestamp":"2026-06-11 11:28:03"}
{"level":"info","message":"GET /api/v1/monitoring/stats 200","timestamp":"2026-06-11 11:28:08"}
{"level":"info","message":"GET /api/v1/monitoring/stats 200","timestamp":"2026-06-11 11:28:13"}
{"level":"info","message":"📧 Nodemailer running in MOCK mode. Emails will be logged to combined.log","timestamp":"2026-06-11 11:28:48"}
{"level":"info","message":"⏰ Background Jobs Engine initialized successfully.","timestamp":"2026-06-11 11:28:48"}
{"level":"info","message":"===================================================","timestamp":"2026-06-11 11:28:48"}
{"level":"info","message":" i-SOFTZONE Backend running on port 4000","timestamp":"2026-06-11 11:28:48"}
{"level":"info","message":" Environment             : DEVELOPMENT","timestamp":"2026-06-11 11:28:48"}
{"level":"info","message":" 🔒 Helmet + Rate Limiting: ACTIVE","timestamp":"2026-06-11 11:28:48"}
{"level":"info","message":" 📢 Notifications Engine  : ACTIVE","timestamp":"2026-06-11 11:28:48"}
{"level":"info","message":" 🗂️  Audit Trail (JSONB)   : ACTIVE","timestamp":"2026-06-11 11:28:48"}
{"level":"info","message":" ⏰ Cron Scheduler        : ACTIVE","timestamp":"2026-06-11 11:28:48"}
{"level":"info","message":" 📖 Swagger Docs          : http://localhost:4000/api-docs","timestamp":"2026-06-11 11:28:48"}
{"level":"info","message":"===================================================","timestamp":"2026-06-11 11:28:48"}
{"level":"info","message":"GET /api/auth/profile 200","timestamp":"2026-06-11 11:29:03"}
{"level":"info","message":"GET /api/auth/profile 304","timestamp":"2026-06-11 11:29:03"}
{"level":"info","message":"Cache MISS: Fetching departments list from Database","timestamp":"2026-06-11 11:29:03"}
{"level":"info","message":"Cache MISS: Fetching skills list from Database","timestamp":"2026-06-11 11:29:03"}
{"level":"info","message":"GET /api/employees?limit=100 200","timestamp":"2026-06-11 11:29:03"}
{"level":"info","message":"GET /api/employees?limit=100 304","timestamp":"2026-06-11 11:29:03"}
{"level":"info","message":"GET /api/skills 304","timestamp":"2026-06-11 11:29:03"}
{"level":"info","message":"GET /api/leaves/analytics 304","timestamp":"2026-06-11 11:29:03"}
{"level":"info","message":"GET /api/v1/monitoring/stats 200","timestamp":"2026-06-11 11:29:03"}
{"level":"info","message":"Cache HIT: Serving skills list from Node-Cache","timestamp":"2026-06-11 11:29:03"}
{"level":"info","message":"GET /api/skills 304","timestamp":"2026-06-11 11:29:03"}
{"level":"info","message":"GET /api/v1/monitoring/stats 200","timestamp":"2026-06-11 11:29:03"}
{"level":"info","message":"GET /api/leaves/analytics 304","timestamp":"2026-06-11 11:29:03"}
{"level":"info","message":"GET /api/departments 304","timestamp":"2026-06-11 11:29:03"}
{"level":"info","message":"Cache HIT: Serving departments list from Node-Cache","timestamp":"2026-06-11 11:29:03"}
{"level":"info","message":"GET /api/departments 304","timestamp":"2026-06-11 11:29:03"}
{"level":"info","message":"GET /api/v1/monitoring/stats 200","timestamp":"2026-06-11 11:29:08"}
{"level":"info","message":"GET /api/v1/monitoring/stats 200","timestamp":"2026-06-11 11:29:13"}
{"level":"info","message":"GET /api/auth/profile 304","timestamp":"2026-06-11 11:29:14"}
{"level":"info","message":"GET /api/auth/profile 304","timestamp":"2026-06-11 11:29:14"}
{"level":"info","message":"Cache HIT: Serving departments list from Node-Cache","timestamp":"2026-06-11 11:29:14"}
{"level":"info","message":"GET /api/departments 304","timestamp":"2026-06-11 11:29:14"}
{"level":"info","message":"Cache HIT: Serving skills list from Node-Cache","timestamp":"2026-06-11 11:29:14"}
{"level":"info","message":"GET /api/skills 304","timestamp":"2026-06-11 11:29:14"}
{"level":"info","message":"GET /api/employees?limit=100 304","timestamp":"2026-06-11 11:29:14"}
{"level":"info","message":"GET /api/v1/monitoring/stats 200","timestamp":"2026-06-11 11:29:14"}
{"level":"info","message":"Cache HIT: Serving departments list from Node-Cache","timestamp":"2026-06-11 11:29:14"}
{"level":"info","message":"GET /api/departments 304","timestamp":"2026-06-11 11:29:14"}
{"level":"info","message":"Cache HIT: Serving skills list from Node-Cache","timestamp":"2026-06-11 11:29:14"}
{"level":"info","message":"GET /api/skills 304","timestamp":"2026-06-11 11:29:14"}
{"level":"info","message":"GET /api/v1/monitoring/stats 200","timestamp":"2026-06-11 11:29:14"}
{"level":"info","message":"GET /api/leaves/analytics 304","timestamp":"2026-06-11 11:29:14"}
{"level":"info","message":"GET /api/employees?limit=100 304","timestamp":"2026-06-11 11:29:14"}
{"level":"info","message":"GET /api/leaves/analytics 304","timestamp":"2026-06-11 11:29:14"}
{"level":"info","message":"GET /api/v1/monitoring/stats 200","timestamp":"2026-06-11 11:29:19"}
{"level":"info","message":"GET /api/v1/monitoring/stats 200","timestamp":"2026-06-11 11:29:23"}
{"level":"info","message":"GET /api/v1/monitoring/stats 200","timestamp":"2026-06-11 11:29:24"}
{"level":"info","message":"GET /api/v1/monitoring/stats 200","timestamp":"2026-06-11 11:29:29"}
{"level":"info","message":"GET /api/v1/monitoring/stats 200","timestamp":"2026-06-11 11:29:34"}
{"level":"info","message":"GET /api/auth/profile 304","timestamp":"2026-06-11 11:29:39"}
{"level":"info","message":"GET /api/auth/profile 304","timestamp":"2026-06-11 11:29:39"}
{"level":"info","message":"Cache HIT: Serving departments list from Node-Cache","timestamp":"2026-06-11 11:29:39"}
{"level":"info","message":"GET /api/departments 304","timestamp":"2026-06-11 11:29:39"}
{"level":"info","message":"Cache HIT: Serving skills list from Node-Cache","timestamp":"2026-06-11 11:29:39"}
{"level":"info","message":"GET /api/skills 304","timestamp":"2026-06-11 11:29:39"}
{"level":"info","message":"GET /api/employees?limit=100 304","timestamp":"2026-06-11 11:29:39"}
{"level":"info","message":"Cache HIT: Serving departments list from Node-Cache","timestamp":"2026-06-11 11:29:39"}
{"level":"info","message":"GET /api/departments 304","timestamp":"2026-06-11 11:29:39"}
{"level":"info","message":"Cache HIT: Serving skills list from Node-Cache","timestamp":"2026-06-11 11:29:39"}
{"level":"info","message":"GET /api/skills 304","timestamp":"2026-06-11 11:29:39"}
{"level":"info","message":"GET /api/employees?limit=100 304","timestamp":"2026-06-11 11:29:39"}
{"level":"info","message":"GET /api/v1/monitoring/stats 200","timestamp":"2026-06-11 11:29:39"}
{"level":"info","message":"GET /api/leaves/analytics 304","timestamp":"2026-06-11 11:29:39"}
{"level":"info","message":"GET /api/v1/monitoring/stats 200","timestamp":"2026-06-11 11:29:39"}
{"level":"info","message":"GET /api/leaves/analytics 304","timestamp":"2026-06-11 11:29:39"}
{"level":"info","message":"GET /api/v1/monitoring/stats 200","timestamp":"2026-06-11 11:29:44"}
{"level":"info","message":"GET /api/v1/monitoring/stats 200","timestamp":"2026-06-11 11:29:49"}
{"level":"info","message":"GET /api/auth/profile 304","timestamp":"2026-06-11 11:29:53"}
{"level":"info","message":"GET /api/auth/profile 304","timestamp":"2026-06-11 11:29:53"}
{"level":"info","message":"Cache HIT: Serving departments list from Node-Cache","timestamp":"2026-06-11 11:29:53"}
{"level":"info","message":"GET /api/departments 304","timestamp":"2026-06-11 11:29:53"}
{"level":"info","message":"Cache HIT: Serving skills list from Node-Cache","timestamp":"2026-06-11 11:29:53"}
{"level":"info","message":"GET /api/skills 304","timestamp":"2026-06-11 11:29:53"}
{"level":"info","message":"GET /api/employees?limit=100 304","timestamp":"2026-06-11 11:29:53"}
{"level":"info","message":"Cache HIT: Serving departments list from Node-Cache","timestamp":"2026-06-11 11:29:53"}
{"level":"info","message":"GET /api/departments 304","timestamp":"2026-06-11 11:29:53"}
{"level":"info","message":"Cache HIT: Serving skills list from Node-Cache","timestamp":"2026-06-11 11:29:53"}
{"level":"info","message":"GET /api/skills 304","timestamp":"2026-06-11 11:29:53"}
{"level":"info","message":"GET /api/employees?limit=100 304","timestamp":"2026-06-11 11:29:53"}
{"level":"info","message":"GET /api/leaves/analytics 304","timestamp":"2026-06-11 11:29:53"}
{"level":"info","message":"GET /api/v1/monitoring/stats 200","timestamp":"2026-06-11 11:29:53"}
{"level":"info","message":"GET /api/v1/monitoring/stats 200","timestamp":"2026-06-11 11:29:53"}
{"level":"info","message":"GET /api/leaves/analytics 304","timestamp":"2026-06-11 11:29:53"}
{"level":"info","message":"GET /api/v1/monitoring/stats 200","timestamp":"2026-06-11 11:29:58"}
{"level":"info","message":"GET /api/v1/monitoring/stats 200","timestamp":"2026-06-11 11:30:03"}
{"level":"info","message":"GET /api/v1/monitoring/stats 200","timestamp":"2026-06-11 11:30:08"}
{"level":"info","message":"GET /api/v1/monitoring/stats 200","timestamp":"2026-06-11 11:30:13"}
{"level":"info","message":"GET /api/v1/monitoring/stats 200","timestamp":"2026-06-11 11:30:18"}
{"level":"info","message":"GET /api/v1/monitoring/stats 200","timestamp":"2026-06-11 11:30:20"}
{"level":"info","message":"GET /api/auth/profile 200","timestamp":"2026-06-11 11:30:20"}
{"level":"info","message":"GET /api/auth/profile 304","timestamp":"2026-06-11 11:30:20"}
{"level":"info","message":"Cache HIT: Serving departments list from Node-Cache","timestamp":"2026-06-11 11:30:20"}
{"level":"info","message":"GET /api/departments 304","timestamp":"2026-06-11 11:30:20"}
{"level":"info","message":"Cache HIT: Serving skills list from Node-Cache","timestamp":"2026-06-11 11:30:20"}
{"level":"info","message":"GET /api/skills 304","timestamp":"2026-06-11 11:30:20"}
{"level":"info","message":"GET /api/employees?limit=100 200","timestamp":"2026-06-11 11:30:20"}
{"level":"info","message":"Cache HIT: Serving departments list from Node-Cache","timestamp":"2026-06-11 11:30:20"}
{"level":"info","message":"GET /api/departments 304","timestamp":"2026-06-11 11:30:20"}
{"level":"info","message":"Cache HIT: Serving skills list from Node-Cache","timestamp":"2026-06-11 11:30:20"}
{"level":"info","message":"GET /api/skills 304","timestamp":"2026-06-11 11:30:20"}
{"level":"info","message":"GET /api/employees?limit=100 304","timestamp":"2026-06-11 11:30:20"}
{"level":"info","message":"GET /api/v1/monitoring/stats 200","timestamp":"2026-06-11 11:30:20"}
{"level":"info","message":"GET /api/leaves/analytics 304","timestamp":"2026-06-11 11:30:20"}
{"level":"info","message":"GET /api/v1/monitoring/stats 200","timestamp":"2026-06-11 11:30:20"}
{"level":"info","message":"GET /api/leaves/analytics 304","timestamp":"2026-06-11 11:30:20"}
{"level":"info","message":"GET /api/v1/monitoring/stats 200","timestamp":"2026-06-11 11:30:23"}
{"level":"info","message":"GET /api/v1/monitoring/stats 200","timestamp":"2026-06-11 11:30:26"}
{"level":"info","message":"GET /api/auth/profile 304","timestamp":"2026-06-11 11:30:27"}
{"level":"info","message":"GET /api/auth/profile 304","timestamp":"2026-06-11 11:30:27"}
{"level":"info","message":"Cache HIT: Serving departments list from Node-Cache","timestamp":"2026-06-11 11:30:27"}
{"level":"info","message":"GET /api/departments 304","timestamp":"2026-06-11 11:30:27"}
{"level":"info","message":"Cache HIT: Serving skills list from Node-Cache","timestamp":"2026-06-11 11:30:27"}
{"level":"info","message":"GET /api/skills 304","timestamp":"2026-06-11 11:30:27"}
{"level":"info","message":"Cache HIT: Serving departments list from Node-Cache","timestamp":"2026-06-11 11:30:27"}
{"level":"info","message":"GET /api/departments 304","timestamp":"2026-06-11 11:30:27"}
{"level":"info","message":"GET /api/employees?limit=100 304","timestamp":"2026-06-11 11:30:27"}
{"level":"info","message":"Cache HIT: Serving skills list from Node-Cache","timestamp":"2026-06-11 11:30:27"}
{"level":"info","message":"GET /api/skills 304","timestamp":"2026-06-11 11:30:27"}
{"level":"info","message":"GET /api/v1/monitoring/stats 200","timestamp":"2026-06-11 11:30:27"}
{"level":"info","message":"GET /api/leaves/analytics 304","timestamp":"2026-06-11 11:30:27"}
{"level":"info","message":"GET /api/employees?limit=100 304","timestamp":"2026-06-11 11:30:27"}
{"level":"info","message":"GET /api/v1/monitoring/stats 200","timestamp":"2026-06-11 11:30:27"}
{"level":"info","message":"GET /api/leaves/analytics 304","timestamp":"2026-06-11 11:30:27"}
{"level":"info","message":"GET /api/v1/monitoring/stats 200","timestamp":"2026-06-11 11:30:28"}
{"level":"info","message":"GET /api/v1/monitoring/stats 200","timestamp":"2026-06-11 11:30:31"}
{"level":"info","message":"GET /api/v1/monitoring/stats 200","timestamp":"2026-06-11 11:30:32"}
{"level":"info","message":"GET /api/v1/monitoring/stats 200","timestamp":"2026-06-11 11:30:36"}
{"level":"info","message":"GET /api/auth/profile 304","timestamp":"2026-06-11 11:30:37"}
{"level":"info","message":"GET /api/auth/profile 304","timestamp":"2026-06-11 11:30:37"}
{"level":"info","message":"Cache HIT: Serving departments list from Node-Cache","timestamp":"2026-06-11 11:30:37"}
{"level":"info","message":"GET /api/departments 304","timestamp":"2026-06-11 11:30:37"}
{"level":"info","message":"Cache HIT: Serving skills list from Node-Cache","timestamp":"2026-06-11 11:30:37"}
{"level":"info","message":"GET /api/skills 304","timestamp":"2026-06-11 11:30:37"}
{"level":"info","message":"Cache HIT: Serving departments list from Node-Cache","timestamp":"2026-06-11 11:30:37"}
{"level":"info","message":"GET /api/departments 304","timestamp":"2026-06-11 11:30:37"}
{"level":"info","message":"GET /api/leaves/analytics 304","timestamp":"2026-06-11 11:30:37"}
{"level":"info","message":"GET /api/v1/monitoring/stats 200","timestamp":"2026-06-11 11:30:37"}
{"level":"info","message":"GET /api/employees?limit=100 304","timestamp":"2026-06-11 11:30:37"}
{"level":"info","message":"Cache HIT: Serving skills list from Node-Cache","timestamp":"2026-06-11 11:30:37"}
{"level":"info","message":"GET /api/skills 304","timestamp":"2026-06-11 11:30:37"}
{"level":"info","message":"GET /api/leaves/analytics 304","timestamp":"2026-06-11 11:30:37"}
{"level":"info","message":"GET /api/v1/monitoring/stats 200","timestamp":"2026-06-11 11:30:37"}
{"level":"info","message":"GET /api/employees?limit=100 304","timestamp":"2026-06-11 11:30:37"}
{"level":"info","message":"GET /api/v1/monitoring/stats 200","timestamp":"2026-06-11 11:30:41"}
{"level":"info","message":"GET /api/v1/monitoring/stats 200","timestamp":"2026-06-11 11:30:42"}
{"level":"info","message":"GET /api/v1/monitoring/stats 200","timestamp":"2026-06-11 11:30:46"}
{"level":"info","message":"GET /api/v1/monitoring/stats 200","timestamp":"2026-06-11 11:30:47"}
{"level":"info","message":"GET /api/v1/monitoring/stats 200","timestamp":"2026-06-11 11:30:51"}
{"level":"info","message":"GET /api/v1/monitoring/stats 200","timestamp":"2026-06-11 11:30:52"}
{"level":"info","message":"GET /api/v1/monitoring/stats 200","timestamp":"2026-06-11 11:30:56"}
{"level":"info","message":"GET /api/v1/monitoring/stats 200","timestamp":"2026-06-11 11:30:57"}
{"level":"info","message":"GET /api/v1/monitoring/stats 200","timestamp":"2026-06-11 11:31:02"}
{"level":"info","message":"GET /api/v1/monitoring/stats 200","timestamp":"2026-06-11 11:31:07"}
{"level":"info","message":"GET /api/v1/monitoring/stats 200","timestamp":"2026-06-11 11:31:12"}
{"level":"info","message":"GET /api/v1/monitoring/stats 200","timestamp":"2026-06-11 11:31:17"}
{"level":"info","message":"GET /api/v1/monitoring/stats 200","timestamp":"2026-06-11 11:31:22"}
{"level":"info","message":"GET /api/v1/monitoring/stats 200","timestamp":"2026-06-11 11:31:27"}
{"level":"info","message":"GET /api/v1/monitoring/stats 200","timestamp":"2026-06-11 11:31:32"}
{"level":"info","message":"GET /api/v1/monitoring/stats 200","timestamp":"2026-06-11 11:31:37"}
{"level":"info","message":"GET /api/v1/monitoring/stats 200","timestamp":"2026-06-11 11:32:23"}
{"level":"info","message":"GET /api/v1/monitoring/stats 200","timestamp":"2026-06-11 11:33:23"}
{"level":"info","message":"GET /api/v1/monitoring/stats 200","timestamp":"2026-06-11 11:34:23"}
{"level":"info","message":"📧 Nodemailer running in MOCK mode. Emails will be logged to combined.log","timestamp":"2026-06-11 11:35:12"}
{"level":"info","message":"⏰ Background Jobs Engine initialized successfully.","timestamp":"2026-06-11 11:35:12"}
{"level":"info","message":"===================================================","timestamp":"2026-06-11 11:35:12"}
{"level":"info","message":" i-SOFTZONE Backend running on port 4000","timestamp":"2026-06-11 11:35:12"}
{"level":"info","message":" Environment             : DEVELOPMENT","timestamp":"2026-06-11 11:35:12"}
{"level":"info","message":" 🔒 Helmet + Rate Limiting: ACTIVE","timestamp":"2026-06-11 11:35:12"}
{"level":"info","message":" 📢 Notifications Engine  : ACTIVE","timestamp":"2026-06-11 11:35:12"}
{"level":"info","message":" 🗂️  Audit Trail (JSONB)   : ACTIVE","timestamp":"2026-06-11 11:35:12"}
{"level":"info","message":" ⏰ Cron Scheduler        : ACTIVE","timestamp":"2026-06-11 11:35:12"}
{"level":"info","message":" 📖 Swagger Docs          : http://localhost:4000/api-docs","timestamp":"2026-06-11 11:35:12"}
{"level":"info","message":"===================================================","timestamp":"2026-06-11 11:35:12"}
{"level":"info","message":"GET /api/v1/monitoring/stats 200","timestamp":"2026-06-11 11:35:23"}
{"level":"info","message":"📧 Nodemailer running in MOCK mode. Emails will be logged to combined.log","timestamp":"2026-06-11 11:35:35"}
{"level":"info","message":"⏰ Background Jobs Engine initialized successfully.","timestamp":"2026-06-11 11:35:35"}
{"level":"info","message":"===================================================","timestamp":"2026-06-11 11:35:35"}
{"level":"info","message":" i-SOFTZONE Backend running on port 4000","timestamp":"2026-06-11 11:35:35"}
{"level":"info","message":" Environment             : DEVELOPMENT","timestamp":"2026-06-11 11:35:35"}
{"level":"info","message":" 🔒 Helmet + Rate Limiting: ACTIVE","timestamp":"2026-06-11 11:35:35"}
{"level":"info","message":" 📢 Notifications Engine  : ACTIVE","timestamp":"2026-06-11 11:35:35"}
{"level":"info","message":" 🗂️  Audit Trail (JSONB)   : ACTIVE","timestamp":"2026-06-11 11:35:35"}
{"level":"info","message":" ⏰ Cron Scheduler        : ACTIVE","timestamp":"2026-06-11 11:35:35"}
{"level":"info","message":" 📖 Swagger Docs          : http://localhost:4000/api-docs","timestamp":"2026-06-11 11:35:35"}
{"level":"info","message":"===================================================","timestamp":"2026-06-11 11:35:35"}
{"level":"info","message":"GET /api/v1/monitoring/stats 200","timestamp":"2026-06-11 11:36:23"}
{"level":"info","message":"GET /api/v1/monitoring/stats 200","timestamp":"2026-06-11 11:37:23"}
{"level":"info","message":"GET /api/v1/monitoring/stats 200","timestamp":"2026-06-11 11:38:23"}
{"level":"info","message":"GET /api/v1/monitoring/stats 200","timestamp":"2026-06-11 11:39:23"}
{"level":"info","message":"GET /api/v1/monitoring/stats 200","timestamp":"2026-06-11 11:40:23"}
{"level":"info","message":"GET /api/v1/monitoring/stats 200","timestamp":"2026-06-11 11:41:23"}
{"level":"info","message":"GET /api/v1/monitoring/stats 200","timestamp":"2026-06-11 11:42:23"}
{"level":"info","message":"GET /api/v1/monitoring/stats 200","timestamp":"2026-06-11 11:43:23"}
{"level":"info","message":"GET /api/v1/monitoring/stats 200","timestamp":"2026-06-11 11:44:26"}
{"level":"info","message":"GET /api/v1/monitoring/stats 200","timestamp":"2026-06-11 11:45:23"}
{"level":"info","message":"📧 Nodemailer running in MOCK mode. Emails will be logged to combined.log","timestamp":"2026-06-12 10:35:50"}
{"level":"info","message":"⏰ Background Jobs Engine initialized successfully.","timestamp":"2026-06-12 10:35:52"}
{"level":"info","message":"===================================================","timestamp":"2026-06-12 10:35:52"}
{"level":"info","message":" i-SOFTZONE Backend running on port 4000","timestamp":"2026-06-12 10:35:52"}
{"level":"info","message":" Environment             : DEVELOPMENT","timestamp":"2026-06-12 10:35:52"}
{"level":"info","message":" 🔒 Helmet + Rate Limiting: ACTIVE","timestamp":"2026-06-12 10:35:52"}
{"level":"info","message":" 📢 Notifications Engine  : ACTIVE","timestamp":"2026-06-12 10:35:52"}
{"level":"info","message":" 🗂️  Audit Trail (JSONB)   : ACTIVE","timestamp":"2026-06-12 10:35:52"}
{"level":"info","message":" ⏰ Cron Scheduler        : ACTIVE","timestamp":"2026-06-12 10:35:52"}
{"level":"info","message":" 📖 Swagger Docs          : http://localhost:4000/api-docs","timestamp":"2026-06-12 10:35:52"}
{"level":"info","message":"===================================================","timestamp":"2026-06-12 10:35:52"}
{"level":"warn","message":"GET / — 404: Route Not Found — /","timestamp":"2026-06-12 10:36:42"}
{"level":"info","message":"GET / 404","timestamp":"2026-06-12 10:36:42"}
{"level":"warn","message":"GET /favicon.ico — 404: Route Not Found — /favicon.ico","timestamp":"2026-06-12 10:36:42"}
{"level":"info","message":"GET /favicon.ico 404","timestamp":"2026-06-12 10:36:42"}
{"level":"info","message":"POST /api/auth/login 200","timestamp":"2026-06-12 10:38:40"}
{"level":"info","message":"Cache MISS: Fetching skills list from Database","timestamp":"2026-06-12 10:38:40"}
{"level":"info","message":"Cache MISS: Fetching departments list from Database","timestamp":"2026-06-12 10:38:41"}
{"level":"info","message":"GET /api/attendance/analytics 200","timestamp":"2026-06-12 10:38:41"}
{"level":"info","message":"GET /api/v1/monitoring/stats 200","timestamp":"2026-06-12 10:38:41"}
{"level":"info","message":"GET /api/attendance/analytics 304","timestamp":"2026-06-12 10:38:41"}
{"level":"info","message":"GET /api/v1/monitoring/stats 200","timestamp":"2026-06-12 10:38:41"}
{"level":"info","message":"GET /api/departments 304","timestamp":"2026-06-12 10:38:41"}
{"level":"info","message":"GET /api/skills 304","timestamp":"2026-06-12 10:38:41"}
{"level":"info","message":"Cache HIT: Serving departments list from Node-Cache","timestamp":"2026-06-12 10:38:41"}
{"level":"info","message":"GET /api/departments 304","timestamp":"2026-06-12 10:38:41"}
{"level":"info","message":"GET /api/employees?limit=100 200","timestamp":"2026-06-12 10:38:41"}
{"level":"info","message":"GET /api/leaves/analytics 200","timestamp":"2026-06-12 10:38:41"}
{"level":"info","message":"Cache HIT: Serving skills list from Node-Cache","timestamp":"2026-06-12 10:38:41"}
{"level":"info","message":"GET /api/skills 304","timestamp":"2026-06-12 10:38:41"}
{"level":"info","message":"GET /api/employees?limit=100 304","timestamp":"2026-06-12 10:38:41"}
{"level":"info","message":"GET /api/leaves/analytics 304","timestamp":"2026-06-12 10:38:41"}
{"level":"info","message":"GET /api/attendance/my-logs 200","timestamp":"2026-06-12 10:38:45"}
{"level":"info","message":"GET /api/attendance/today-status 304","timestamp":"2026-06-12 10:38:45"}
{"level":"info","message":"GET /api/attendance/today-status 304","timestamp":"2026-06-12 10:38:45"}
{"level":"info","message":"GET /api/attendance/my-logs 304","timestamp":"2026-06-12 10:38:45"}
{"level":"info","message":"GET /api/attendance/all-logs?limit=100 200","timestamp":"2026-06-12 10:38:48"}
{"level":"info","message":"Cache HIT: Serving departments list from Node-Cache","timestamp":"2026-06-12 10:39:15"}
{"level":"info","message":"GET /api/departments 304","timestamp":"2026-06-12 10:39:15"}
{"level":"info","message":"Cache HIT: Serving skills list from Node-Cache","timestamp":"2026-06-12 10:39:15"}
{"level":"info","message":"GET /api/skills 304","timestamp":"2026-06-12 10:39:15"}
{"level":"info","message":"Cache HIT: Serving departments list from Node-Cache","timestamp":"2026-06-12 10:39:15"}
{"level":"info","message":"GET /api/departments 304","timestamp":"2026-06-12 10:39:15"}
{"level":"info","message":"Cache HIT: Serving skills list from Node-Cache","timestamp":"2026-06-12 10:39:15"}
{"level":"info","message":"GET /api/skills 304","timestamp":"2026-06-12 10:39:15"}
{"level":"info","message":"GET /api/attendance/analytics 304","timestamp":"2026-06-12 10:39:16"}
{"level":"info","message":"GET /api/leaves/analytics 304","timestamp":"2026-06-12 10:39:16"}
{"level":"info","message":"GET /api/v1/monitoring/stats 200","timestamp":"2026-06-12 10:39:16"}
{"level":"info","message":"GET /api/employees?limit=100 304","timestamp":"2026-06-12 10:39:16"}
{"level":"info","message":"GET /api/attendance/analytics 304","timestamp":"2026-06-12 10:39:16"}
{"level":"info","message":"GET /api/leaves/analytics 304","timestamp":"2026-06-12 10:39:16"}
{"level":"info","message":"GET /api/v1/monitoring/stats 200","timestamp":"2026-06-12 10:39:16"}
{"level":"info","message":"GET /api/employees?limit=100 304","timestamp":"2026-06-12 10:39:16"}
{"level":"info","message":"GET /api/v1/monitoring/stats 200","timestamp":"2026-06-12 10:39:20"}
{"level":"info","message":"GET /api/v1/monitoring/stats 200","timestamp":"2026-06-12 10:39:25"}
{"level":"info","message":"GET /api/v1/monitoring/stats 200","timestamp":"2026-06-12 10:39:30"}
{"level":"info","message":"GET /api/v1/monitoring/stats 200","timestamp":"2026-06-12 10:39:35"}
{"level":"info","message":"GET /api/v1/monitoring/stats 200","timestamp":"2026-06-12 10:39:40"}
{"level":"info","message":"GET /api/v1/monitoring/stats 200","timestamp":"2026-06-12 10:39:45"}
{"level":"info","message":"GET /api/v1/monitoring/stats 200","timestamp":"2026-06-12 10:39:50"}
{"level":"info","message":"GET /api/v1/monitoring/stats 200","timestamp":"2026-06-12 10:39:55"}
{"level":"info","message":"GET /api/v1/monitoring/stats 200","timestamp":"2026-06-12 10:40:00"}
{"level":"info","message":"GET /api/v1/monitoring/stats 200","timestamp":"2026-06-12 10:40:05"}
{"level":"info","message":"GET /api/v1/monitoring/stats 200","timestamp":"2026-06-12 10:40:37"}
{"level":"info","message":"GET /api/v1/monitoring/stats 200","timestamp":"2026-06-12 10:40:41"}
{"level":"info","message":"GET /api/auth/profile 200","timestamp":"2026-06-12 10:40:42"}
{"level":"info","message":"GET /api/auth/profile 304","timestamp":"2026-06-12 10:40:42"}
{"level":"info","message":"Cache HIT: Serving departments list from Node-Cache","timestamp":"2026-06-12 10:40:42"}
{"level":"info","message":"GET /api/departments 304","timestamp":"2026-06-12 10:40:42"}
{"level":"info","message":"Cache HIT: Serving skills list from Node-Cache","timestamp":"2026-06-12 10:40:42"}
{"level":"info","message":"GET /api/skills 304","timestamp":"2026-06-12 10:40:42"}
{"level":"info","message":"GET /api/employees?limit=100 304","timestamp":"2026-06-12 10:40:42"}
{"level":"info","message":"Cache HIT: Serving departments list from Node-Cache","timestamp":"2026-06-12 10:40:42"}
{"level":"info","message":"GET /api/departments 304","timestamp":"2026-06-12 10:40:42"}
{"level":"info","message":"Cache HIT: Serving skills list from Node-Cache","timestamp":"2026-06-12 10:40:42"}
{"level":"info","message":"GET /api/skills 304","timestamp":"2026-06-12 10:40:42"}
{"level":"info","message":"GET /api/v1/monitoring/stats 200","timestamp":"2026-06-12 10:40:42"}
{"level":"info","message":"GET /api/v1/monitoring/stats 200","timestamp":"2026-06-12 10:40:42"}
{"level":"info","message":"GET /api/attendance/analytics 304","timestamp":"2026-06-12 10:40:42"}
{"level":"info","message":"GET /api/employees?limit=100 304","timestamp":"2026-06-12 10:40:42"}
{"level":"info","message":"GET /api/attendance/analytics 304","timestamp":"2026-06-12 10:40:42"}
{"level":"info","message":"GET /api/leaves/analytics 304","timestamp":"2026-06-12 10:40:42"}
{"level":"info","message":"GET /api/leaves/analytics 304","timestamp":"2026-06-12 10:40:42"}
{"level":"info","message":"[MOCK EMAIL SENT]\n      TO:      dfgiokk@gmail.com\n      SUBJECT: Welcome to i-SOFTZONE Technologies Pvt Ltd!\n      BODY:    Welcome to i-SOFTZONE!\n      Hi yatharth pareta,\n      Your user profile has been successfully set up in the Employee leave and attendance tracker system portal.\n      You can now log in using your registered email and password to track leave balances, attendance logs, and manage allocations.\n      \n      i-SOFTZONE Technologies Pvt Ltd &copy; 2026\n    ","timestamp":"2026-06-12 10:41:54"}
{"level":"info","message":"POST /api/auth/register 201","timestamp":"2026-06-12 10:41:54"}
{"level":"info","message":"POST /api/auth/login 200","timestamp":"2026-06-12 10:42:16"}
{"level":"info","message":"Cache HIT: Serving departments list from Node-Cache","timestamp":"2026-06-12 10:42:16"}
{"level":"info","message":"GET /api/departments 304","timestamp":"2026-06-12 10:42:16"}
{"level":"info","message":"Cache HIT: Serving skills list from Node-Cache","timestamp":"2026-06-12 10:42:16"}
{"level":"info","message":"GET /api/skills 304","timestamp":"2026-06-12 10:42:16"}
{"level":"info","message":"GET /api/leaves/analytics 403","timestamp":"2026-06-12 10:42:16"}
{"level":"info","message":"GET /api/attendance/analytics 403","timestamp":"2026-06-12 10:42:16"}
{"level":"info","message":"Cache HIT: Serving departments list from Node-Cache","timestamp":"2026-06-12 10:42:16"}
{"level":"info","message":"GET /api/departments 304","timestamp":"2026-06-12 10:42:16"}
{"level":"info","message":"Cache HIT: Serving skills list from Node-Cache","timestamp":"2026-06-12 10:42:16"}
{"level":"info","message":"GET /api/skills 304","timestamp":"2026-06-12 10:42:16"}
{"level":"info","message":"GET /api/leaves/analytics 403","timestamp":"2026-06-12 10:42:16"}
{"level":"info","message":"GET /api/attendance/analytics 403","timestamp":"2026-06-12 10:42:16"}
{"level":"info","message":"GET /api/employees?limit=100 200","timestamp":"2026-06-12 10:42:16"}
{"level":"info","message":"GET /api/employees?limit=100 304","timestamp":"2026-06-12 10:42:16"}
{"level":"info","message":"GET /api/v1/monitoring/stats 200","timestamp":"2026-06-12 10:42:16"}
{"level":"info","message":"GET /api/v1/monitoring/stats 200","timestamp":"2026-06-12 10:42:16"}
{"level":"info","message":"GET /api/v1/monitoring/stats 200","timestamp":"2026-06-12 10:42:21"}
{"level":"info","message":"GET /api/v1/monitoring/stats 200","timestamp":"2026-06-12 10:42:26"}
{"level":"info","message":"GET /api/v1/monitoring/stats 200","timestamp":"2026-06-12 10:42:31"}
{"level":"info","message":"GET /api/v1/monitoring/stats 200","timestamp":"2026-06-12 10:42:36"}
{"level":"info","message":"GET /api/employees 200","timestamp":"2026-06-12 10:42:38"}
{"level":"info","message":"GET /api/employees 304","timestamp":"2026-06-12 10:42:38"}
{"level":"info","message":"GET /api/assets 200","timestamp":"2026-06-12 10:42:38"}
{"level":"info","message":"GET /api/assets 304","timestamp":"2026-06-12 10:42:38"}
{"level":"info","message":"GET /api/leaves/my 304","timestamp":"2026-06-12 10:42:42"}
{"level":"warn","message":"GET /api/leaves/balances — 404: Balances not initialized","timestamp":"2026-06-12 10:42:42"}
{"level":"info","message":"GET /api/leaves/balances 404","timestamp":"2026-06-12 10:42:42"}
{"level":"warn","message":"GET /api/leaves/balances — 404: Balances not initialized","timestamp":"2026-06-12 10:42:42"}
{"level":"info","message":"GET /api/leaves/balances 404","timestamp":"2026-06-12 10:42:42"}
{"level":"info","message":"GET /api/leaves/my 304","timestamp":"2026-06-12 10:42:42"}
{"level":"info","message":"POST /api/auth/login 200","timestamp":"2026-06-12 10:42:54"}
{"level":"info","message":"Cache HIT: Serving skills list from Node-Cache","timestamp":"2026-06-12 10:42:54"}
{"level":"info","message":"GET /api/skills 304","timestamp":"2026-06-12 10:42:54"}
{"level":"info","message":"Cache HIT: Serving departments list from Node-Cache","timestamp":"2026-06-12 10:42:54"}
{"level":"info","message":"GET /api/departments 304","timestamp":"2026-06-12 10:42:54"}
{"level":"info","message":"Cache HIT: Serving skills list from Node-Cache","timestamp":"2026-06-12 10:42:54"}
{"level":"info","message":"GET /api/skills 304","timestamp":"2026-06-12 10:42:54"}
{"level":"info","message":"Cache HIT: Serving departments list from Node-Cache","timestamp":"2026-06-12 10:42:54"}
{"level":"info","message":"GET /api/departments 304","timestamp":"2026-06-12 10:42:54"}
{"level":"info","message":"GET /api/employees?limit=100 304","timestamp":"2026-06-12 10:42:54"}
{"level":"info","message":"GET /api/employees?limit=100 304","timestamp":"2026-06-12 10:42:54"}
{"level":"info","message":"GET /api/attendance/analytics 200","timestamp":"2026-06-12 10:42:54"}
{"level":"info","message":"GET /api/attendance/analytics 304","timestamp":"2026-06-12 10:42:54"}
{"level":"info","message":"GET /api/v1/monitoring/stats 200","timestamp":"2026-06-12 10:42:54"}
{"level":"info","message":"GET /api/leaves/analytics 200","timestamp":"2026-06-12 10:42:54"}
{"level":"info","message":"GET /api/v1/monitoring/stats 200","timestamp":"2026-06-12 10:42:54"}
{"level":"info","message":"GET /api/leaves/analytics 304","timestamp":"2026-06-12 10:42:54"}
{"level":"info","message":"GET /api/v1/monitoring/stats 200","timestamp":"2026-06-12 10:42:59"}
{"level":"info","message":"GET /api/v1/monitoring/stats 200","timestamp":"2026-06-12 10:43:04"}
{"level":"info","message":"GET /api/v1/monitoring/stats 200","timestamp":"2026-06-12 10:43:09"}
{"level":"info","message":"GET /api/v1/monitoring/stats 200","timestamp":"2026-06-12 10:43:14"}
{"level":"info","message":"GET /api/v1/monitoring/stats 200","timestamp":"2026-06-12 10:43:19"}
{"level":"info","message":"GET /api/v1/monitoring/stats 200","timestamp":"2026-06-12 10:43:24"}
{"level":"info","message":"GET /api/v1/monitoring/stats 200","timestamp":"2026-06-12 10:43:29"}
{"level":"info","message":"GET /api/v1/monitoring/stats 200","timestamp":"2026-06-12 10:43:34"}
{"level":"info","message":"GET /api/v1/monitoring/stats 200","timestamp":"2026-06-12 10:43:39"}
{"level":"info","message":"GET /api/v1/monitoring/stats 200","timestamp":"2026-06-12 10:43:44"}
{"level":"info","message":"GET /api/v1/monitoring/stats 200","timestamp":"2026-06-12 10:43:49"}
{"level":"info","message":"GET /api/leaves/queue 200","timestamp":"2026-06-12 10:43:50"}
{"level":"info","message":"GET /api/leaves/queue 304","timestamp":"2026-06-12 10:43:50"}
{"level":"info","message":"GET /api/employees?limit=100 304","timestamp":"2026-06-12 10:43:53"}
{"level":"info","message":"Cache MISS: Fetching departments list from Database","timestamp":"2026-06-12 10:43:53"}
{"level":"info","message":"Cache MISS: Fetching skills list from Database","timestamp":"2026-06-12 10:43:53"}
{"level":"info","message":"GET /api/departments 304","timestamp":"2026-06-12 10:43:53"}
{"level":"info","message":"Cache HIT: Serving departments list from Node-Cache","timestamp":"2026-06-12 10:43:53"}
{"level":"info","message":"GET /api/departments 304","timestamp":"2026-06-12 10:43:53"}
{"level":"info","message":"GET /api/employees?limit=100 304","timestamp":"2026-06-12 10:43:53"}
{"level":"info","message":"GET /api/leaves/analytics 304","timestamp":"2026-06-12 10:43:53"}
{"level":"info","message":"GET /api/skills 304","timestamp":"2026-06-12 10:43:53"}
{"level":"info","message":"GET /api/v1/monitoring/stats 200","timestamp":"2026-06-12 10:43:53"}
{"level":"info","message":"GET /api/attendance/analytics 304","timestamp":"2026-06-12 10:43:53"}
{"level":"info","message":"GET /api/leaves/analytics 304","timestamp":"2026-06-12 10:43:53"}
{"level":"info","message":"Cache HIT: Serving skills list from Node-Cache","timestamp":"2026-06-12 10:43:53"}
{"level":"info","message":"GET /api/skills 304","timestamp":"2026-06-12 10:43:53"}
{"level":"info","message":"GET /api/v1/monitoring/stats 200","timestamp":"2026-06-12 10:43:53"}
{"level":"info","message":"GET /api/attendance/analytics 304","timestamp":"2026-06-12 10:43:53"}
{"level":"info","message":"GET /api/leaves/queue 304","timestamp":"2026-06-12 10:43:54"}
{"level":"info","message":"GET /api/leaves/queue 304","timestamp":"2026-06-12 10:43:54"}
{"level":"info","message":"GET /api/assets?limit=1000 200","timestamp":"2026-06-12 10:44:00"}
{"level":"info","message":"GET /api/leaves/analytics 304","timestamp":"2026-06-12 10:44:00"}
{"level":"info","message":"GET /api/employees?limit=1000 200","timestamp":"2026-06-12 10:44:00"}
{"level":"info","message":"GET /api/assets?limit=1000 304","timestamp":"2026-06-12 10:44:00"}
{"level":"info","message":"GET /api/leaves/analytics 304","timestamp":"2026-06-12 10:44:00"}
{"level":"info","message":"GET /api/employees?limit=1000 304","timestamp":"2026-06-12 10:44:00"}
{"level":"info","message":"📧 Nodemailer running in MOCK mode. Emails will be logged to combined.log","timestamp":"2026-06-12 11:22:02"}
{"level":"info","message":"⏰ Background Jobs Engine initialized successfully.","timestamp":"2026-06-12 11:22:05"}
{"level":"info","message":"===================================================","timestamp":"2026-06-12 11:22:05"}
{"level":"info","message":" i-SOFTZONE Backend running on port 4000","timestamp":"2026-06-12 11:22:05"}
{"level":"info","message":" Environment             : DEVELOPMENT","timestamp":"2026-06-12 11:22:05"}
{"level":"info","message":" 🔒 Helmet + Rate Limiting: ACTIVE","timestamp":"2026-06-12 11:22:05"}
{"level":"info","message":" 📢 Notifications Engine  : ACTIVE","timestamp":"2026-06-12 11:22:05"}
{"level":"info","message":" 🗂️  Audit Trail (JSONB)   : ACTIVE","timestamp":"2026-06-12 11:22:05"}
{"level":"info","message":" ⏰ Cron Scheduler        : ACTIVE","timestamp":"2026-06-12 11:22:05"}
{"level":"info","message":" 📖 Swagger Docs          : http://localhost:4000/api-docs","timestamp":"2026-06-12 11:22:05"}
{"level":"info","message":"===================================================","timestamp":"2026-06-12 11:22:05"}
{"level":"info","message":"GET /api/auth/profile 200","timestamp":"2026-06-12 11:31:49"}
{"level":"info","message":"GET /api/auth/profile 304","timestamp":"2026-06-12 11:31:49"}
{"level":"info","message":"Cache MISS: Fetching departments list from Database","timestamp":"2026-06-12 11:31:49"}
{"level":"info","message":"Cache MISS: Fetching skills list from Database","timestamp":"2026-06-12 11:31:49"}
{"level":"info","message":"GET /api/employees?limit=100 200","timestamp":"2026-06-12 11:31:49"}
{"level":"info","message":"GET /api/v1/monitoring/stats 200","timestamp":"2026-06-12 11:31:49"}
{"level":"info","message":"GET /api/employees?limit=100 304","timestamp":"2026-06-12 11:31:49"}
{"level":"info","message":"GET /api/v1/monitoring/stats 200","timestamp":"2026-06-12 11:31:49"}
{"level":"info","message":"GET /api/departments 200","timestamp":"2026-06-12 11:31:49"}
{"level":"info","message":"GET /api/skills 200","timestamp":"2026-06-12 11:31:49"}
{"level":"info","message":"Cache HIT: Serving departments list from Node-Cache","timestamp":"2026-06-12 11:31:49"}
{"level":"info","message":"GET /api/departments 304","timestamp":"2026-06-12 11:31:49"}
{"level":"info","message":"Cache HIT: Serving skills list from Node-Cache","timestamp":"2026-06-12 11:31:49"}
{"level":"info","message":"GET /api/skills 304","timestamp":"2026-06-12 11:31:49"}
{"level":"info","message":"GET /api/attendance/analytics 200","timestamp":"2026-06-12 11:31:49"}
{"level":"info","message":"GET /api/leaves/analytics 200","timestamp":"2026-06-12 11:31:49"}
{"level":"info","message":"GET /api/attendance/analytics 304","timestamp":"2026-06-12 11:31:49"}
{"level":"info","message":"GET /api/leaves/analytics 304","timestamp":"2026-06-12 11:31:49"}
{"level":"info","message":"GET /api/v1/monitoring/stats 200","timestamp":"2026-06-12 11:31:54"}
{"level":"info","message":"GET /api/v1/monitoring/stats 200","timestamp":"2026-06-12 11:31:59"}
{"level":"info","message":"GET /api/v1/monitoring/stats 200","timestamp":"2026-06-12 11:32:04"}
{"level":"info","message":"GET /api/v1/monitoring/stats 200","timestamp":"2026-06-12 11:32:09"}
{"level":"info","message":"GET /api/v1/monitoring/stats 200","timestamp":"2026-06-12 11:32:14"}
{"level":"info","message":"GET /api/v1/monitoring/stats 200","timestamp":"2026-06-12 11:32:19"}
{"level":"info","message":"GET /api/v1/monitoring/stats 200","timestamp":"2026-06-12 11:32:24"}
{"level":"info","message":"GET /api/v1/monitoring/stats 200","timestamp":"2026-06-12 11:32:29"}
{"level":"info","message":"GET /api/v1/monitoring/stats 200","timestamp":"2026-06-12 11:32:34"}
{"level":"info","message":"GET /api/v1/monitoring/stats 200","timestamp":"2026-06-12 11:32:39"}
{"level":"info","message":"GET /api/v1/monitoring/stats 200","timestamp":"2026-06-12 11:32:44"}
{"level":"info","message":"GET /api/v1/monitoring/stats 200","timestamp":"2026-06-12 11:32:49"}
{"level":"info","message":"GET /api/v1/monitoring/stats 200","timestamp":"2026-06-12 11:32:54"}
{"level":"info","message":"GET /api/v1/monitoring/stats 200","timestamp":"2026-06-12 11:32:59"}
{"level":"info","message":"GET /api/v1/monitoring/stats 200","timestamp":"2026-06-12 11:33:04"}
{"level":"info","message":"GET /api/v1/monitoring/stats 200","timestamp":"2026-06-12 11:33:09"}
{"level":"info","message":"GET /api/v1/monitoring/stats 200","timestamp":"2026-06-12 11:33:14"}
{"level":"info","message":"GET /api/v1/monitoring/stats 200","timestamp":"2026-06-12 11:33:19"}
{"level":"info","message":"GET /api/v1/monitoring/stats 200","timestamp":"2026-06-12 11:33:24"}
{"level":"info","message":"GET /api/v1/monitoring/stats 200","timestamp":"2026-06-12 11:33:29"}
{"level":"info","message":"GET /api/v1/monitoring/stats 200","timestamp":"2026-06-12 11:33:34"}
{"level":"info","message":"GET /api/v1/monitoring/stats 200","timestamp":"2026-06-12 11:33:39"}
{"level":"info","message":"GET /api/v1/monitoring/stats 200","timestamp":"2026-06-12 11:33:44"}
{"level":"info","message":"GET /api/v1/monitoring/stats 200","timestamp":"2026-06-12 11:33:49"}
{"level":"info","message":"GET /api/v1/monitoring/stats 200","timestamp":"2026-06-12 11:33:54"}
{"level":"info","message":"GET /api/v1/monitoring/stats 200","timestamp":"2026-06-12 11:33:59"}
{"level":"info","message":"GET /api/v1/monitoring/stats 200","timestamp":"2026-06-12 11:34:04"}
{"level":"info","message":"GET /api/v1/monitoring/stats 200","timestamp":"2026-06-12 11:34:09"}
{"level":"info","message":"GET /api/v1/monitoring/stats 200","timestamp":"2026-06-12 11:34:14"}
{"level":"info","message":"GET /api/v1/monitoring/stats 200","timestamp":"2026-06-12 11:34:19"}
{"level":"info","message":"GET /api/v1/monitoring/stats 200","timestamp":"2026-06-12 11:34:24"}
{"level":"info","message":"GET /api/v1/monitoring/stats 200","timestamp":"2026-06-12 11:34:29"}
{"level":"info","message":"GET /api/v1/monitoring/stats 200","timestamp":"2026-06-12 11:34:34"}
{"level":"info","message":"GET /api/v1/monitoring/stats 200","timestamp":"2026-06-12 11:34:39"}
{"level":"info","message":"GET /api/v1/monitoring/stats 200","timestamp":"2026-06-12 11:34:44"}
{"level":"info","message":"📧 Nodemailer running in MOCK mode. Emails will be logged to combined.log","timestamp":"2026-06-12 11:34:47"}
{"level":"warn","message":"POST /api/v1/auth/login — 401: Invalid email or password","timestamp":"2026-06-12 11:34:47"}
{"level":"info","message":"POST /api/v1/auth/login 401","timestamp":"2026-06-12 11:34:48"}
{"level":"error","message":"POST /api/v1/auth/login — \"password\" is required","stack":"ValidationError: \"password\" is required","timestamp":"2026-06-12 11:34:48"}
{"level":"info","message":"POST /api/v1/auth/login 422","timestamp":"2026-06-12 11:34:48"}
{"level":"info","message":"GET /api/v1/auth/profile 401","timestamp":"2026-06-12 11:34:48"}
{"level":"info","message":"📧 Nodemailer running in MOCK mode. Emails will be logged to combined.log","timestamp":"2026-06-12 11:34:48"}
{"level":"info","message":"POST /api/v1/leaves/apply 401","timestamp":"2026-06-12 11:34:48"}
{"level":"info","message":"GET /api/v1/leaves/balances 401","timestamp":"2026-06-12 11:34:48"}
{"level":"info","message":"📧 Nodemailer running in MOCK mode. Emails will be logged to combined.log","timestamp":"2026-06-12 11:34:48"}
{"level":"info","message":"GET /api/v1/employees 401","timestamp":"2026-06-12 11:34:48"}
{"level":"info","message":"GET /api/v1/employees/1 401","timestamp":"2026-06-12 11:34:48"}
{"level":"info","message":"GET /api/v1/monitoring/stats 200","timestamp":"2026-06-12 11:34:49"}
{"level":"info","message":"GET /api/v1/monitoring/stats 200","timestamp":"2026-06-12 11:34:54"}
{"level":"info","message":"GET /api/v1/monitoring/stats 200","timestamp":"2026-06-12 11:34:59"}
{"level":"info","message":"GET /api/v1/monitoring/stats 200","timestamp":"2026-06-12 11:35:04"}
{"level":"info","message":"GET /api/v1/monitoring/stats 200","timestamp":"2026-06-12 11:35:09"}
{"level":"info","message":"GET /api/v1/monitoring/stats 200","timestamp":"2026-06-12 11:35:14"}
{"level":"info","message":"GET /api/v1/monitoring/stats 200","timestamp":"2026-06-12 11:35:19"}
{"level":"info","message":"GET /api/v1/monitoring/stats 200","timestamp":"2026-06-12 11:35:24"}
{"level":"info","message":"GET /api/v1/monitoring/stats 200","timestamp":"2026-06-12 11:35:29"}
{"level":"info","message":"GET /api/v1/monitoring/stats 200","timestamp":"2026-06-12 11:35:34"}
{"level":"info","message":"GET /api/v1/monitoring/stats 200","timestamp":"2026-06-12 11:35:39"}
{"level":"info","message":"GET /api/v1/monitoring/stats 200","timestamp":"2026-06-12 11:35:44"}
{"level":"info","message":"GET /api/v1/monitoring/stats 200","timestamp":"2026-06-12 11:35:49"}
{"level":"info","message":"GET /api/v1/monitoring/stats 200","timestamp":"2026-06-12 11:35:54"}
{"level":"info","message":"GET /api/v1/monitoring/stats 200","timestamp":"2026-06-12 11:35:59"}
{"level":"info","message":"GET /api/v1/monitoring/stats 200","timestamp":"2026-06-12 11:36:04"}
{"level":"info","message":"GET /api/v1/monitoring/stats 200","timestamp":"2026-06-12 11:36:09"}
{"level":"info","message":"GET /api/v1/monitoring/stats 200","timestamp":"2026-06-12 11:36:14"}
{"level":"info","message":"GET /api/v1/monitoring/stats 200","timestamp":"2026-06-12 11:36:19"}
{"level":"info","message":"GET /api/v1/monitoring/stats 200","timestamp":"2026-06-12 11:36:24"}
{"level":"info","message":"GET /api/v1/monitoring/stats 200","timestamp":"2026-06-12 11:36:29"}
{"level":"info","message":"GET /api/v1/monitoring/stats 200","timestamp":"2026-06-12 11:36:45"}
{"level":"info","message":"GET /api/v1/monitoring/stats 200","timestamp":"2026-06-12 11:37:45"}
{"level":"info","message":"GET /api/v1/monitoring/stats 200","timestamp":"2026-06-12 11:38:45"}
{"level":"info","message":"GET /api/v1/monitoring/stats 200","timestamp":"2026-06-12 11:39:45"}
{"level":"info","message":"GET /api/v1/monitoring/stats 200","timestamp":"2026-06-12 11:40:45"}
{"level":"info","message":"GET /api/v1/monitoring/stats 200","timestamp":"2026-06-12 11:41:45"}
{"level":"info","message":"GET /api/v1/monitoring/stats 200","timestamp":"2026-06-12 11:42:45"}
{"level":"info","message":"GET /api/v1/monitoring/stats 200","timestamp":"2026-06-12 11:43:45"}
{"level":"info","message":"GET /api/v1/monitoring/stats 200","timestamp":"2026-06-12 11:44:45"}
{"level":"info","message":"GET /api/v1/monitoring/stats 200","timestamp":"2026-06-12 11:45:45"}
{"level":"info","message":"GET /api/v1/monitoring/stats 200","timestamp":"2026-06-12 11:46:45"}
{"level":"info","message":"GET /api/v1/monitoring/stats 200","timestamp":"2026-06-12 11:47:45"}
{"level":"info","message":"GET /api/v1/monitoring/stats 200","timestamp":"2026-06-12 11:48:45"}
{"level":"info","message":"GET /api/v1/monitoring/stats 200","timestamp":"2026-06-12 11:49:45"}
{"level":"info","message":"GET /api/v1/monitoring/stats 200","timestamp":"2026-06-12 11:50:45"}
{"level":"info","message":"GET /api/v1/monitoring/stats 200","timestamp":"2026-06-12 11:51:46"}
{"level":"info","message":"GET /api/v1/monitoring/stats 200","timestamp":"2026-06-12 11:52:45"}
{"level":"info","message":"GET /api/v1/monitoring/stats 200","timestamp":"2026-06-12 11:53:45"}
{"level":"info","message":"GET /api/v1/monitoring/stats 200","timestamp":"2026-06-12 11:54:45"}
{"level":"info","message":"GET /api/v1/monitoring/stats 200","timestamp":"2026-06-12 11:55:45"}
{"level":"info","message":"GET /api/v1/monitoring/stats 200","timestamp":"2026-06-12 11:56:45"}
{"level":"info","message":"GET /api/v1/monitoring/stats 200","timestamp":"2026-06-12 11:57:45"}
{"level":"info","message":"GET /api/v1/monitoring/stats 200","timestamp":"2026-06-12 11:58:46"}
{"level":"info","message":"GET /api/v1/monitoring/stats 200","timestamp":"2026-06-12 11:59:45"}
{"level":"info","message":"GET /api/v1/monitoring/stats 200","timestamp":"2026-06-12 12:00:45"}
{"level":"info","message":"GET /api/v1/monitoring/stats 200","timestamp":"2026-06-12 12:01:45"}
{"level":"info","message":"GET /api/v1/monitoring/stats 200","timestamp":"2026-06-12 12:02:46"}
{"level":"info","message":"GET /api/v1/monitoring/stats 200","timestamp":"2026-06-12 12:03:46"}
{"level":"info","message":"GET /api/v1/monitoring/stats 200","timestamp":"2026-06-12 12:04:45"}
{"level":"info","message":"GET /api/v1/monitoring/stats 200","timestamp":"2026-06-12 12:05:45"}
{"level":"info","message":"GET /api/v1/monitoring/stats 200","timestamp":"2026-06-12 12:06:45"}
{"level":"info","message":"GET /api/v1/monitoring/stats 200","timestamp":"2026-06-12 12:07:45"}
{"level":"info","message":"GET /api/v1/monitoring/stats 200","timestamp":"2026-06-12 12:08:46"}
{"level":"info","message":"GET /api/v1/monitoring/stats 200","timestamp":"2026-06-12 12:09:45"}
{"level":"info","message":"GET /api/v1/monitoring/stats 200","timestamp":"2026-06-12 12:10:46"}
{"level":"info","message":"GET /api/v1/monitoring/stats 200","timestamp":"2026-06-12 12:11:46"}
{"level":"info","message":"GET /api/v1/monitoring/stats 200","timestamp":"2026-06-12 12:12:45"}
{"level":"info","message":"GET /api/v1/monitoring/stats 200","timestamp":"2026-06-12 12:13:23"}
{"level":"info","message":"GET /api/v1/monitoring/stats 200","timestamp":"2026-06-12 12:13:24"}
{"level":"info","message":"GET /api/v1/monitoring/stats 200","timestamp":"2026-06-12 12:13:29"}
{"level":"info","message":"GET /api/v1/monitoring/stats 200","timestamp":"2026-06-12 12:13:34"}
{"level":"info","message":"GET /api/v1/monitoring/stats 200","timestamp":"2026-06-12 12:13:39"}
{"level":"info","message":"GET /api/v1/monitoring/stats 200","timestamp":"2026-06-12 12:13:44"}
{"level":"info","message":"GET /api/v1/monitoring/stats 200","timestamp":"2026-06-12 12:13:49"}
{"level":"info","message":"GET /api/v1/monitoring/stats 200","timestamp":"2026-06-12 12:13:54"}
{"level":"info","message":"GET /api/v1/monitoring/stats 200","timestamp":"2026-06-12 12:13:59"}
{"level":"info","message":"GET /api/v1/monitoring/stats 200","timestamp":"2026-06-12 12:14:04"}
{"level":"info","message":"GET /api/v1/monitoring/stats 200","timestamp":"2026-06-12 12:14:09"}
{"level":"info","message":"GET /api/v1/monitoring/stats 200","timestamp":"2026-06-12 12:14:14"}
{"level":"info","message":"GET /api/v1/monitoring/stats 200","timestamp":"2026-06-12 12:14:19"}
{"level":"info","message":"GET /api/v1/monitoring/stats 200","timestamp":"2026-06-12 12:14:24"}
{"level":"info","message":"GET /api/v1/monitoring/stats 200","timestamp":"2026-06-12 12:14:29"}
{"level":"info","message":"GET /api/v1/monitoring/stats 200","timestamp":"2026-06-12 12:14:34"}
{"level":"info","message":"GET /api/v1/monitoring/stats 200","timestamp":"2026-06-12 12:14:39"}
{"level":"info","message":"GET /api/v1/monitoring/stats 200","timestamp":"2026-06-12 12:14:44"}
{"level":"info","message":"GET /api/v1/monitoring/stats 200","timestamp":"2026-06-12 12:14:49"}
{"level":"info","message":"GET /api/v1/monitoring/stats 200","timestamp":"2026-06-12 12:14:54"}
{"level":"info","message":"GET /api/v1/monitoring/stats 200","timestamp":"2026-06-12 12:14:59"}
{"level":"info","message":"GET /api/v1/monitoring/stats 200","timestamp":"2026-06-12 12:15:04"}
{"level":"info","message":"GET /api/v1/monitoring/stats 200","timestamp":"2026-06-12 12:15:09"}
{"level":"info","message":"GET /api/v1/monitoring/stats 200","timestamp":"2026-06-12 12:15:14"}
{"level":"info","message":"GET /api/v1/monitoring/stats 200","timestamp":"2026-06-12 12:15:19"}
{"level":"info","message":"GET /api/v1/monitoring/stats 200","timestamp":"2026-06-12 12:15:24"}
{"level":"info","message":"GET /api/v1/monitoring/stats 200","timestamp":"2026-06-12 12:15:29"}
{"level":"info","message":"GET /api/v1/monitoring/stats 200","timestamp":"2026-06-12 12:15:34"}
{"level":"info","message":"GET /api/v1/monitoring/stats 200","timestamp":"2026-06-12 12:15:39"}
{"level":"info","message":"GET /api/v1/monitoring/stats 200","timestamp":"2026-06-12 12:15:44"}
{"level":"info","message":"GET /api/v1/monitoring/stats 200","timestamp":"2026-06-12 12:15:49"}
{"level":"info","message":"GET /api/v1/monitoring/stats 200","timestamp":"2026-06-12 12:15:54"}
{"level":"info","message":"GET /api/v1/monitoring/stats 200","timestamp":"2026-06-12 12:15:59"}
{"level":"info","message":"GET /api/v1/monitoring/stats 200","timestamp":"2026-06-12 12:16:04"}
{"level":"info","message":"GET /api/v1/monitoring/stats 200","timestamp":"2026-06-12 12:16:09"}
{"level":"info","message":"GET /api/v1/monitoring/stats 200","timestamp":"2026-06-12 12:16:14"}
{"level":"info","message":"GET /api/v1/monitoring/stats 200","timestamp":"2026-06-12 12:16:19"}
{"level":"info","message":"GET /api/v1/monitoring/stats 200","timestamp":"2026-06-12 12:16:24"}
{"level":"info","message":"GET /api/v1/monitoring/stats 200","timestamp":"2026-06-12 12:16:29"}
{"level":"info","message":"GET /api/v1/monitoring/stats 200","timestamp":"2026-06-12 12:16:34"}
{"level":"info","message":"GET /api/v1/monitoring/stats 200","timestamp":"2026-06-12 12:16:39"}
{"level":"info","message":"GET /api/v1/monitoring/stats 200","timestamp":"2026-06-12 12:16:44"}
{"level":"info","message":"GET /api/v1/monitoring/stats 200","timestamp":"2026-06-12 12:16:49"}
{"level":"info","message":"GET /api/v1/monitoring/stats 200","timestamp":"2026-06-12 12:16:54"}
{"level":"info","message":"GET /api/v1/monitoring/stats 200","timestamp":"2026-06-12 12:16:59"}
{"level":"info","message":"GET /api/v1/monitoring/stats 200","timestamp":"2026-06-12 12:17:04"}
{"level":"info","message":"GET /api/v1/monitoring/stats 200","timestamp":"2026-06-12 12:17:09"}
{"level":"info","message":"GET /api/v1/monitoring/stats 200","timestamp":"2026-06-12 12:17:14"}
{"level":"info","message":"GET /api/v1/monitoring/stats 200","timestamp":"2026-06-12 12:17:19"}
{"level":"info","message":"GET /api/v1/monitoring/stats 200","timestamp":"2026-06-12 12:17:24"}
{"level":"info","message":"GET /api/v1/monitoring/stats 200","timestamp":"2026-06-12 12:17:29"}
{"level":"info","message":"GET /api/v1/monitoring/stats 200","timestamp":"2026-06-12 12:17:34"}
{"level":"info","message":"GET /api/v1/monitoring/stats 200","timestamp":"2026-06-12 12:17:39"}
{"level":"info","message":"GET /api/v1/monitoring/stats 200","timestamp":"2026-06-12 12:17:44"}
{"level":"info","message":"GET /api/v1/monitoring/stats 200","timestamp":"2026-06-12 12:17:49"}
{"level":"info","message":"GET /api/v1/monitoring/stats 200","timestamp":"2026-06-12 12:17:54"}
{"level":"info","message":"GET /api/v1/monitoring/stats 200","timestamp":"2026-06-12 12:17:59"}
{"level":"info","message":"GET /api/auth/profile 304","timestamp":"2026-06-12 12:18:02"}
{"level":"info","message":"GET /api/auth/profile 304","timestamp":"2026-06-12 12:18:02"}
{"level":"info","message":"GET /api/employees?limit=100 304","timestamp":"2026-06-12 12:18:02"}
{"level":"info","message":"Cache MISS: Fetching departments list from Database","timestamp":"2026-06-12 12:18:02"}
{"level":"info","message":"Cache MISS: Fetching skills list from Database","timestamp":"2026-06-12 12:18:02"}
{"level":"info","message":"GET /api/departments 304","timestamp":"2026-06-12 12:18:02"}
{"level":"info","message":"GET /api/employees?limit=100 304","timestamp":"2026-06-12 12:18:02"}
{"level":"info","message":"GET /api/skills 304","timestamp":"2026-06-12 12:18:02"}
{"level":"info","message":"Cache HIT: Serving departments list from Node-Cache","timestamp":"2026-06-12 12:18:02"}
{"level":"info","message":"GET /api/departments 304","timestamp":"2026-06-12 12:18:02"}
{"level":"info","message":"GET /api/v1/monitoring/stats 200","timestamp":"2026-06-12 12:18:02"}
{"level":"info","message":"GET /api/attendance/analytics 304","timestamp":"2026-06-12 12:18:02"}
{"level":"info","message":"GET /api/leaves/analytics 304","timestamp":"2026-06-12 12:18:02"}
{"level":"info","message":"Cache HIT: Serving skills list from Node-Cache","timestamp":"2026-06-12 12:18:03"}
{"level":"info","message":"GET /api/skills 304","timestamp":"2026-06-12 12:18:03"}
{"level":"info","message":"GET /api/leaves/analytics 304","timestamp":"2026-06-12 12:18:03"}
{"level":"info","message":"GET /api/v1/monitoring/stats 200","timestamp":"2026-06-12 12:18:03"}
{"level":"info","message":"GET /api/attendance/analytics 304","timestamp":"2026-06-12 12:18:03"}
{"level":"info","message":"GET /api/v1/monitoring/stats 200","timestamp":"2026-06-12 12:18:07"}
{"level":"info","message":"GET /api/v1/monitoring/stats 200","timestamp":"2026-06-12 12:18:12"}
{"level":"info","message":"GET /api/v1/monitoring/stats 200","timestamp":"2026-06-12 12:18:17"}
{"level":"info","message":"GET /api/v1/monitoring/stats 200","timestamp":"2026-06-12 12:18:22"}
{"level":"info","message":"GET /api/v1/monitoring/stats 200","timestamp":"2026-06-12 12:18:27"}
{"level":"info","message":"GET /api/v1/monitoring/stats 200","timestamp":"2026-06-12 12:18:32"}
{"level":"info","message":"GET /api/v1/monitoring/stats 200","timestamp":"2026-06-12 12:18:37"}
{"level":"info","message":"GET /api/v1/monitoring/stats 200","timestamp":"2026-06-12 12:18:42"}
{"level":"info","message":"GET /api/v1/monitoring/stats 200","timestamp":"2026-06-12 12:18:47"}
{"level":"info","message":"GET /api/v1/monitoring/stats 200","timestamp":"2026-06-12 12:18:52"}
{"level":"info","message":"GET /api/v1/monitoring/stats 200","timestamp":"2026-06-12 12:18:57"}
{"level":"info","message":"GET /api/v1/monitoring/stats 200","timestamp":"2026-06-12 12:19:45"}
{"level":"info","message":"GET /api/v1/monitoring/stats 200","timestamp":"2026-06-12 12:20:45"}
{"level":"info","message":"GET /api/v1/monitoring/stats 200","timestamp":"2026-06-12 12:21:46"}
{"level":"info","message":"GET /api/v1/monitoring/stats 200","timestamp":"2026-06-12 12:22:45"}
{"level":"info","message":"GET /api/v1/monitoring/stats 200","timestamp":"2026-06-12 12:23:47"}
{"level":"info","message":"GET /api/v1/monitoring/stats 200","timestamp":"2026-06-12 12:24:45"}
{"level":"info","message":"GET /api/v1/monitoring/stats 200","timestamp":"2026-06-12 12:25:46"}
{"level":"info","message":"GET /api/v1/monitoring/stats 200","timestamp":"2026-06-12 12:26:45"}
{"level":"info","message":"GET /api/v1/monitoring/stats 200","timestamp":"2026-06-12 12:28:04"}
{"level":"info","message":"GET /api/v1/monitoring/stats 200","timestamp":"2026-06-12 12:28:45"}
{"level":"info","message":"GET /api/v1/monitoring/stats 200","timestamp":"2026-06-12 12:29:45"}
{"level":"info","message":"GET /api/v1/monitoring/stats 200","timestamp":"2026-06-12 12:30:45"}
{"level":"info","message":"GET /api/v1/monitoring/stats 200","timestamp":"2026-06-12 12:31:45"}
{"level":"info","message":"GET /api/v1/monitoring/stats 200","timestamp":"2026-06-12 12:32:45"}
{"level":"info","message":"GET /api/v1/monitoring/stats 200","timestamp":"2026-06-12 12:33:45"}
{"level":"info","message":"GET /api/v1/monitoring/stats 200","timestamp":"2026-06-12 12:34:45"}
{"level":"info","message":"GET /api/v1/monitoring/stats 200","timestamp":"2026-06-12 12:35:45"}
{"level":"info","message":"GET /api/v1/monitoring/stats 200","timestamp":"2026-06-12 12:36:45"}
{"level":"info","message":"GET /api/v1/monitoring/stats 200","timestamp":"2026-06-12 12:37:45"}
{"level":"info","message":"GET /api/v1/monitoring/stats 200","timestamp":"2026-06-12 12:38:45"}
{"level":"info","message":"GET /api/v1/monitoring/stats 200","timestamp":"2026-06-12 12:39:45"}
{"level":"info","message":"GET /api/v1/monitoring/stats 200","timestamp":"2026-06-12 12:40:45"}
{"level":"info","message":"GET /api/v1/monitoring/stats 200","timestamp":"2026-06-12 12:41:45"}
{"level":"info","message":"GET /api/v1/monitoring/stats 200","timestamp":"2026-06-12 12:42:45"}
{"level":"info","message":"GET /api/v1/monitoring/stats 200","timestamp":"2026-06-12 12:43:45"}
{"level":"info","message":"GET /api/v1/monitoring/stats 200","timestamp":"2026-06-12 12:44:45"}
{"level":"info","message":"GET /api/v1/monitoring/stats 200","timestamp":"2026-06-12 12:45:45"}
{"level":"info","message":"GET /api/v1/monitoring/stats 200","timestamp":"2026-06-12 12:46:45"}
{"level":"info","message":"GET /api/v1/monitoring/stats 200","timestamp":"2026-06-12 12:47:45"}
{"level":"info","message":"GET /api/v1/monitoring/stats 200","timestamp":"2026-06-12 12:48:45"}
{"level":"info","message":"GET /api/v1/monitoring/stats 200","timestamp":"2026-06-12 12:49:45"}
{"level":"info","message":"GET /api/v1/monitoring/stats 200","timestamp":"2026-06-12 12:50:45"}
{"level":"info","message":"GET /api/v1/monitoring/stats 200","timestamp":"2026-06-12 12:51:45"}
{"level":"info","message":"GET /api/v1/monitoring/stats 200","timestamp":"2026-06-12 12:52:45"}
{"level":"info","message":"GET /api/v1/monitoring/stats 200","timestamp":"2026-06-12 12:53:45"}
{"level":"info","message":"GET /api/v1/monitoring/stats 200","timestamp":"2026-06-12 12:54:45"}
{"level":"info","message":"GET /api/v1/monitoring/stats 200","timestamp":"2026-06-12 12:55:45"}
{"level":"info","message":"GET /api/v1/monitoring/stats 200","timestamp":"2026-06-12 12:56:45"}
{"level":"info","message":"GET /api/v1/monitoring/stats 200","timestamp":"2026-06-12 12:57:45"}
{"level":"info","message":"GET /api/auth/profile 200","timestamp":"2026-06-12 12:58:35"}
{"level":"info","message":"GET /api/auth/profile 304","timestamp":"2026-06-12 12:58:35"}
{"level":"info","message":"Cache MISS: Fetching skills list from Database","timestamp":"2026-06-12 12:58:35"}
{"level":"info","message":"Cache MISS: Fetching departments list from Database","timestamp":"2026-06-12 12:58:35"}
{"level":"info","message":"GET /api/skills 200","timestamp":"2026-06-12 12:58:35"}
{"level":"info","message":"GET /api/attendance/analytics 200","timestamp":"2026-06-12 12:58:35"}
{"level":"info","message":"Cache HIT: Serving skills list from Node-Cache","timestamp":"2026-06-12 12:58:35"}
{"level":"info","message":"GET /api/skills 304","timestamp":"2026-06-12 12:58:35"}
{"level":"info","message":"GET /api/attendance/analytics 304","timestamp":"2026-06-12 12:58:35"}
{"level":"info","message":"GET /api/departments 200","timestamp":"2026-06-12 12:58:35"}
{"level":"info","message":"Cache HIT: Serving departments list from Node-Cache","timestamp":"2026-06-12 12:58:35"}
{"level":"info","message":"GET /api/departments 304","timestamp":"2026-06-12 12:58:35"}
{"level":"info","message":"GET /api/v1/monitoring/stats 200","timestamp":"2026-06-12 12:58:35"}
{"level":"info","message":"GET /api/leaves/analytics 200","timestamp":"2026-06-12 12:58:35"}
{"level":"info","message":"GET /api/employees?limit=100 200","timestamp":"2026-06-12 12:58:35"}
{"level":"info","message":"GET /api/v1/monitoring/stats 200","timestamp":"2026-06-12 12:58:35"}
{"level":"info","message":"GET /api/leaves/analytics 304","timestamp":"2026-06-12 12:58:35"}
{"level":"info","message":"GET /api/employees?limit=100 304","timestamp":"2026-06-12 12:58:35"}
{"level":"info","message":"GET /api/v1/monitoring/stats 200","timestamp":"2026-06-12 12:58:45"}
{"level":"info","message":"POST /api/auth/login 200","timestamp":"2026-06-12 12:58:50"}
{"level":"info","message":"Cache HIT: Serving departments list from Node-Cache","timestamp":"2026-06-12 12:58:50"}
{"level":"info","message":"GET /api/departments 304","timestamp":"2026-06-12 12:58:50"}
{"level":"info","message":"Cache HIT: Serving skills list from Node-Cache","timestamp":"2026-06-12 12:58:50"}
{"level":"info","message":"GET /api/skills 304","timestamp":"2026-06-12 12:58:50"}
{"level":"info","message":"GET /api/v1/monitoring/stats 200","timestamp":"2026-06-12 12:58:50"}
{"level":"info","message":"Cache HIT: Serving departments list from Node-Cache","timestamp":"2026-06-12 12:58:50"}
{"level":"info","message":"GET /api/departments 304","timestamp":"2026-06-12 12:58:50"}
{"level":"info","message":"Cache HIT: Serving skills list from Node-Cache","timestamp":"2026-06-12 12:58:50"}
{"level":"info","message":"GET /api/skills 304","timestamp":"2026-06-12 12:58:50"}
{"level":"info","message":"GET /api/v1/monitoring/stats 200","timestamp":"2026-06-12 12:58:50"}
{"level":"info","message":"GET /api/attendance/analytics 304","timestamp":"2026-06-12 12:58:50"}
{"level":"info","message":"GET /api/employees?limit=100 304","timestamp":"2026-06-12 12:58:50"}
{"level":"info","message":"GET /api/leaves/analytics 304","timestamp":"2026-06-12 12:58:50"}
{"level":"info","message":"GET /api/attendance/analytics 304","timestamp":"2026-06-12 12:58:50"}
{"level":"info","message":"GET /api/employees?limit=100 304","timestamp":"2026-06-12 12:58:50"}
{"level":"info","message":"GET /api/leaves/analytics 304","timestamp":"2026-06-12 12:58:50"}
{"level":"info","message":"GET /api/v1/monitoring/stats 200","timestamp":"2026-06-12 12:58:55"}
{"level":"info","message":"GET /api/v1/monitoring/stats 200","timestamp":"2026-06-12 12:59:00"}
{"level":"info","message":"GET /api/v1/monitoring/stats 200","timestamp":"2026-06-12 12:59:05"}
{"level":"info","message":"GET /api/v1/monitoring/stats 200","timestamp":"2026-06-12 12:59:10"}
{"level":"info","message":"GET /api/v1/monitoring/stats 200","timestamp":"2026-06-12 12:59:15"}
{"level":"info","message":"GET /api/v1/monitoring/stats 200","timestamp":"2026-06-12 12:59:20"}
{"level":"info","message":"GET /api/v1/monitoring/stats 200","timestamp":"2026-06-12 12:59:25"}
{"level":"info","message":"GET /api/v1/monitoring/stats 200","timestamp":"2026-06-12 12:59:30"}
{"level":"info","message":"GET /api/v1/monitoring/stats 200","timestamp":"2026-06-12 12:59:35"}
{"level":"info","message":"GET /api/v1/monitoring/stats 200","timestamp":"2026-06-12 12:59:40"}
{"level":"info","message":"GET /api/v1/monitoring/stats 200","timestamp":"2026-06-12 14:00:33"}
{"level":"info","message":"GET /api/v1/monitoring/stats 200","timestamp":"2026-06-12 14:00:33"}
{"level":"info","message":"GET /api/v1/monitoring/stats 200","timestamp":"2026-06-12 14:00:45"}
{"level":"info","message":"GET /api/v1/monitoring/stats 200","timestamp":"2026-06-12 14:00:45"}
{"level":"info","message":"GET /api/v1/monitoring/stats 200","timestamp":"2026-06-12 14:01:45"}
{"level":"info","message":"GET /api/v1/monitoring/stats 200","timestamp":"2026-06-12 14:01:45"}
{"level":"info","message":"GET /api/v1/monitoring/stats 200","timestamp":"2026-06-12 14:02:45"}
{"level":"info","message":"GET /api/v1/monitoring/stats 200","timestamp":"2026-06-12 14:02:45"}
{"level":"info","message":"GET /api/v1/monitoring/stats 200","timestamp":"2026-06-12 14:03:45"}
{"level":"info","message":"GET /api/v1/monitoring/stats 200","timestamp":"2026-06-12 14:03:45"}
{"level":"info","message":"GET /api/v1/monitoring/stats 200","timestamp":"2026-06-12 14:04:45"}
{"level":"info","message":"GET /api/v1/monitoring/stats 200","timestamp":"2026-06-12 14:04:45"}
{"level":"info","message":"GET /api/v1/monitoring/stats 200","timestamp":"2026-06-12 14:05:45"}
{"level":"info","message":"GET /api/v1/monitoring/stats 200","timestamp":"2026-06-12 14:05:45"}
{"level":"info","message":"GET /api/v1/monitoring/stats 200","timestamp":"2026-06-12 14:06:45"}
{"level":"info","message":"GET /api/v1/monitoring/stats 200","timestamp":"2026-06-12 14:06:45"}
{"level":"info","message":"GET /api/v1/monitoring/stats 200","timestamp":"2026-06-12 14:07:45"}
{"level":"info","message":"GET /api/v1/monitoring/stats 200","timestamp":"2026-06-12 14:07:45"}
{"level":"info","message":"GET /api/v1/monitoring/stats 200","timestamp":"2026-06-12 14:08:45"}
{"level":"info","message":"GET /api/v1/monitoring/stats 200","timestamp":"2026-06-12 14:08:45"}
{"level":"info","message":"GET /api/v1/monitoring/stats 200","timestamp":"2026-06-12 14:09:45"}
{"level":"info","message":"GET /api/v1/monitoring/stats 200","timestamp":"2026-06-12 14:09:45"}
{"level":"info","message":"GET /api/v1/monitoring/stats 200","timestamp":"2026-06-12 14:10:45"}
{"level":"info","message":"GET /api/v1/monitoring/stats 200","timestamp":"2026-06-12 14:10:45"}
{"level":"info","message":"GET /api/v1/monitoring/stats 200","timestamp":"2026-06-12 14:11:45"}
{"level":"info","message":"GET /api/v1/monitoring/stats 200","timestamp":"2026-06-12 14:11:45"}
{"level":"info","message":"GET /api/v1/monitoring/stats 200","timestamp":"2026-06-12 14:12:45"}
{"level":"info","message":"GET /api/v1/monitoring/stats 200","timestamp":"2026-06-12 14:12:45"}
{"level":"info","message":"GET /api/v1/monitoring/stats 200","timestamp":"2026-06-12 14:13:45"}
{"level":"info","message":"GET /api/v1/monitoring/stats 200","timestamp":"2026-06-12 14:13:45"}
{"level":"info","message":"GET /api/v1/monitoring/stats 200","timestamp":"2026-06-12 14:14:45"}
{"level":"info","message":"GET /api/v1/monitoring/stats 200","timestamp":"2026-06-12 14:14:45"}
{"level":"info","message":"GET /api/v1/monitoring/stats 200","timestamp":"2026-06-12 14:15:45"}
{"level":"info","message":"GET /api/v1/monitoring/stats 200","timestamp":"2026-06-12 14:15:45"}
{"level":"info","message":"GET /api/v1/monitoring/stats 200","timestamp":"2026-06-12 14:16:45"}
{"level":"info","message":"GET /api/v1/monitoring/stats 200","timestamp":"2026-06-12 14:16:45"}
{"level":"info","message":"GET /api/v1/monitoring/stats 200","timestamp":"2026-06-12 14:17:45"}
{"level":"info","message":"GET /api/v1/monitoring/stats 200","timestamp":"2026-06-12 14:17:45"}
{"level":"info","message":"GET /api/v1/monitoring/stats 200","timestamp":"2026-06-12 14:18:45"}
{"level":"info","message":"GET /api/v1/monitoring/stats 200","timestamp":"2026-06-12 14:18:45"}
{"level":"info","message":"GET /api/v1/monitoring/stats 200","timestamp":"2026-06-12 14:19:45"}
{"level":"info","message":"GET /api/v1/monitoring/stats 200","timestamp":"2026-06-12 14:19:45"}
{"level":"info","message":"GET /api/v1/monitoring/stats 200","timestamp":"2026-06-12 14:20:45"}
{"level":"info","message":"GET /api/v1/monitoring/stats 200","timestamp":"2026-06-12 14:20:45"}
{"level":"info","message":"GET /api/v1/monitoring/stats 200","timestamp":"2026-06-12 14:21:45"}
{"level":"info","message":"GET /api/v1/monitoring/stats 200","timestamp":"2026-06-12 14:21:45"}
{"level":"info","message":"GET /api/v1/monitoring/stats 200","timestamp":"2026-06-12 14:22:45"}
{"level":"info","message":"GET /api/v1/monitoring/stats 200","timestamp":"2026-06-12 14:22:45"}
{"level":"info","message":"GET /api/v1/monitoring/stats 200","timestamp":"2026-06-12 14:23:45"}
{"level":"info","message":"GET /api/v1/monitoring/stats 200","timestamp":"2026-06-12 14:23:45"}
{"level":"info","message":"GET /api/v1/monitoring/stats 200","timestamp":"2026-06-12 14:24:45"}
{"level":"info","message":"GET /api/v1/monitoring/stats 200","timestamp":"2026-06-12 14:24:45"}
{"level":"info","message":"GET /api/v1/monitoring/stats 200","timestamp":"2026-06-12 14:25:45"}
{"level":"info","message":"GET /api/v1/monitoring/stats 200","timestamp":"2026-06-12 14:25:45"}
{"level":"info","message":"GET /api/v1/monitoring/stats 200","timestamp":"2026-06-12 14:26:45"}
{"level":"info","message":"GET /api/v1/monitoring/stats 200","timestamp":"2026-06-12 14:26:45"}
{"level":"info","message":"GET /api/v1/monitoring/stats 200","timestamp":"2026-06-12 14:27:45"}
{"level":"info","message":"GET /api/v1/monitoring/stats 200","timestamp":"2026-06-12 14:27:45"}
{"level":"info","message":"GET /api/v1/monitoring/stats 200","timestamp":"2026-06-12 14:28:45"}
{"level":"info","message":"GET /api/v1/monitoring/stats 200","timestamp":"2026-06-12 14:28:45"}
{"level":"info","message":"GET /api/v1/monitoring/stats 200","timestamp":"2026-06-12 14:29:45"}
{"level":"info","message":"GET /api/v1/monitoring/stats 200","timestamp":"2026-06-12 14:29:45"}
{"level":"info","message":"GET /api/v1/monitoring/stats 200","timestamp":"2026-06-12 14:30:45"}
{"level":"info","message":"GET /api/v1/monitoring/stats 200","timestamp":"2026-06-12 14:30:45"}
{"level":"info","message":"GET /api/v1/monitoring/stats 200","timestamp":"2026-06-12 14:31:45"}
{"level":"info","message":"GET /api/v1/monitoring/stats 200","timestamp":"2026-06-12 14:31:45"}
{"level":"info","message":"GET /api/v1/monitoring/stats 200","timestamp":"2026-06-12 14:32:23"}
{"level":"info","message":"GET /api/auth/profile 200","timestamp":"2026-06-12 14:32:23"}
{"level":"info","message":"GET /api/auth/profile 304","timestamp":"2026-06-12 14:32:23"}
{"level":"info","message":"Cache MISS: Fetching departments list from Database","timestamp":"2026-06-12 14:32:23"}
{"level":"info","message":"Cache MISS: Fetching skills list from Database","timestamp":"2026-06-12 14:32:23"}
{"level":"info","message":"GET /api/employees?limit=100 304","timestamp":"2026-06-12 14:32:23"}
{"level":"info","message":"GET /api/v1/monitoring/stats 200","timestamp":"2026-06-12 14:32:23"}
{"level":"info","message":"GET /api/employees?limit=100 304","timestamp":"2026-06-12 14:32:23"}
{"level":"info","message":"GET /api/v1/monitoring/stats 200","timestamp":"2026-06-12 14:32:23"}
{"level":"info","message":"GET /api/departments 304","timestamp":"2026-06-12 14:32:23"}
{"level":"info","message":"GET /api/skills 304","timestamp":"2026-06-12 14:32:23"}
{"level":"info","message":"Cache HIT: Serving departments list from Node-Cache","timestamp":"2026-06-12 14:32:23"}
{"level":"info","message":"GET /api/departments 304","timestamp":"2026-06-12 14:32:23"}
{"level":"info","message":"Cache HIT: Serving skills list from Node-Cache","timestamp":"2026-06-12 14:32:23"}
{"level":"info","message":"GET /api/skills 304","timestamp":"2026-06-12 14:32:23"}
{"level":"info","message":"GET /api/attendance/analytics 304","timestamp":"2026-06-12 14:32:23"}
{"level":"info","message":"GET /api/leaves/analytics 304","timestamp":"2026-06-12 14:32:23"}
{"level":"info","message":"GET /api/attendance/analytics 304","timestamp":"2026-06-12 14:32:23"}
{"level":"info","message":"GET /api/leaves/analytics 304","timestamp":"2026-06-12 14:32:23"}
{"level":"info","message":"GET /api/v1/monitoring/stats 200","timestamp":"2026-06-12 14:32:29"}
{"level":"info","message":"GET /api/v1/monitoring/stats 200","timestamp":"2026-06-12 14:32:34"}
{"level":"info","message":"GET /api/v1/monitoring/stats 200","timestamp":"2026-06-12 14:32:39"}
{"level":"info","message":"GET /api/v1/monitoring/stats 200","timestamp":"2026-06-12 14:32:44"}
{"level":"info","message":"GET /api/v1/monitoring/stats 200","timestamp":"2026-06-12 14:32:45"}
{"level":"info","message":"GET /api/v1/monitoring/stats 200","timestamp":"2026-06-12 14:32:49"}
{"level":"info","message":"GET /api/v1/monitoring/stats 200","timestamp":"2026-06-12 14:32:54"}
{"level":"info","message":"GET /api/v1/monitoring/stats 200","timestamp":"2026-06-12 14:32:59"}
{"level":"info","message":"GET /api/v1/monitoring/stats 200","timestamp":"2026-06-12 14:33:04"}
{"level":"info","message":"GET /api/v1/monitoring/stats 200","timestamp":"2026-06-12 14:33:09"}
{"level":"info","message":"GET /api/v1/monitoring/stats 200","timestamp":"2026-06-12 14:33:14"}
{"level":"info","message":"GET /api/v1/monitoring/stats 200","timestamp":"2026-06-12 14:33:19"}
{"level":"info","message":"GET /api/v1/monitoring/stats 200","timestamp":"2026-06-12 14:33:24"}
{"level":"info","message":"GET /api/v1/monitoring/stats 200","timestamp":"2026-06-12 14:33:37"}
{"level":"info","message":"GET /api/v1/monitoring/stats 200","timestamp":"2026-06-12 14:33:39"}
{"level":"info","message":"GET /api/v1/monitoring/stats 200","timestamp":"2026-06-12 14:33:44"}
{"level":"info","message":"GET /api/v1/monitoring/stats 200","timestamp":"2026-06-12 14:33:45"}
{"level":"info","message":"GET /api/v1/monitoring/stats 200","timestamp":"2026-06-12 14:33:49"}
{"level":"info","message":"GET /api/v1/monitoring/stats 200","timestamp":"2026-06-12 14:33:54"}
{"level":"info","message":"GET /api/v1/monitoring/stats 200","timestamp":"2026-06-12 14:33:59"}
{"level":"info","message":"GET /api/v1/monitoring/stats 200","timestamp":"2026-06-12 14:34:04"}
{"level":"info","message":"GET /api/v1/monitoring/stats 200","timestamp":"2026-06-12 14:34:09"}
{"level":"info","message":"GET /api/v1/monitoring/stats 200","timestamp":"2026-06-12 14:34:14"}
{"level":"info","message":"GET /api/v1/monitoring/stats 200","timestamp":"2026-06-12 14:34:19"}
{"level":"info","message":"GET /api/v1/monitoring/stats 200","timestamp":"2026-06-12 14:34:24"}
{"level":"info","message":"GET /api/v1/monitoring/stats 200","timestamp":"2026-06-12 14:34:29"}
{"level":"info","message":"GET /api/v1/monitoring/stats 200","timestamp":"2026-06-12 14:34:34"}
{"level":"info","message":"GET /api/v1/monitoring/stats 200","timestamp":"2026-06-12 14:34:45"}
{"level":"info","message":"GET /api/v1/monitoring/stats 200","timestamp":"2026-06-12 14:34:45"}
{"level":"info","message":"GET /api/v1/monitoring/stats 200","timestamp":"2026-06-12 14:35:45"}
{"level":"info","message":"GET /api/v1/monitoring/stats 200","timestamp":"2026-06-12 14:35:45"}
{"level":"info","message":"GET /api/v1/monitoring/stats 200","timestamp":"2026-06-12 14:36:45"}
{"level":"info","message":"GET /api/v1/monitoring/stats 200","timestamp":"2026-06-12 14:36:45"}
{"level":"info","message":"GET /api/v1/monitoring/stats 200","timestamp":"2026-06-12 14:37:45"}
{"level":"info","message":"GET /api/v1/monitoring/stats 200","timestamp":"2026-06-12 14:37:45"}
{"level":"info","message":"GET /api/v1/monitoring/stats 200","timestamp":"2026-06-12 14:38:45"}
{"level":"info","message":"GET /api/v1/monitoring/stats 200","timestamp":"2026-06-12 14:38:45"}
{"level":"info","message":"GET /api/v1/monitoring/stats 200","timestamp":"2026-06-12 14:39:45"}
{"level":"info","message":"GET /api/v1/monitoring/stats 200","timestamp":"2026-06-12 14:39:45"}
{"level":"info","message":"GET /api/v1/monitoring/stats 200","timestamp":"2026-06-12 14:40:45"}
{"level":"info","message":"GET /api/v1/monitoring/stats 200","timestamp":"2026-06-12 14:40:45"}
{"level":"info","message":"GET /api/v1/monitoring/stats 200","timestamp":"2026-06-12 14:41:45"}
{"level":"info","message":"GET /api/v1/monitoring/stats 200","timestamp":"2026-06-12 14:41:45"}
{"level":"info","message":"GET /api/v1/monitoring/stats 200","timestamp":"2026-06-12 14:41:49"}
{"level":"info","message":"GET /api/v1/monitoring/stats 200","timestamp":"2026-06-12 14:41:54"}
{"level":"info","message":"GET /api/v1/monitoring/stats 200","timestamp":"2026-06-12 14:41:59"}
{"level":"info","message":"GET /api/v1/monitoring/stats 200","timestamp":"2026-06-12 14:42:04"}
{"level":"info","message":"GET /api/v1/monitoring/stats 200","timestamp":"2026-06-12 14:42:09"}
{"level":"info","message":"GET /api/v1/monitoring/stats 200","timestamp":"2026-06-12 14:42:14"}
{"level":"info","message":"GET /api/v1/monitoring/stats 200","timestamp":"2026-06-12 14:42:19"}
{"level":"info","message":"GET /api/v1/monitoring/stats 200","timestamp":"2026-06-12 14:42:24"}
{"level":"info","message":"GET /api/v1/monitoring/stats 200","timestamp":"2026-06-12 14:42:29"}
{"level":"info","message":"GET /api/v1/monitoring/stats 200","timestamp":"2026-06-12 14:42:34"}
{"level":"info","message":"GET /api/v1/monitoring/stats 200","timestamp":"2026-06-12 14:42:39"}
{"level":"info","message":"GET /api/v1/monitoring/stats 200","timestamp":"2026-06-12 14:42:44"}
{"level":"info","message":"GET /api/v1/monitoring/stats 200","timestamp":"2026-06-12 14:42:45"}
{"level":"info","message":"GET /api/v1/monitoring/stats 200","timestamp":"2026-06-12 14:43:45"}
{"level":"info","message":"GET /api/v1/monitoring/stats 200","timestamp":"2026-06-12 14:43:45"}
{"level":"info","message":"GET /api/v1/monitoring/stats 200","timestamp":"2026-06-12 14:44:45"}
{"level":"info","message":"GET /api/v1/monitoring/stats 200","timestamp":"2026-06-12 14:44:45"}
{"level":"info","message":"GET /api/v1/monitoring/stats 200","timestamp":"2026-06-12 14:45:45"}
{"level":"info","message":"GET /api/v1/monitoring/stats 200","timestamp":"2026-06-12 14:45:45"}
{"level":"info","message":"GET /api/v1/monitoring/stats 200","timestamp":"2026-06-12 14:46:45"}
{"level":"info","message":"GET /api/v1/monitoring/stats 200","timestamp":"2026-06-12 14:46:45"}
{"level":"info","message":"GET /api/v1/monitoring/stats 200","timestamp":"2026-06-12 14:47:45"}
{"level":"info","message":"GET /api/v1/monitoring/stats 200","timestamp":"2026-06-12 14:47:45"}
{"level":"info","message":"GET /api/v1/monitoring/stats 200","timestamp":"2026-06-12 14:48:45"}
{"level":"info","message":"GET /api/v1/monitoring/stats 200","timestamp":"2026-06-12 14:48:45"}
{"level":"info","message":"GET /api/v1/monitoring/stats 200","timestamp":"2026-06-12 14:49:45"}
{"level":"info","message":"GET /api/v1/monitoring/stats 200","timestamp":"2026-06-12 14:49:45"}
{"level":"info","message":"GET /api/v1/monitoring/stats 200","timestamp":"2026-06-12 14:50:45"}
{"level":"info","message":"GET /api/v1/monitoring/stats 200","timestamp":"2026-06-12 14:50:45"}
{"level":"info","message":"GET /api/v1/monitoring/stats 200","timestamp":"2026-06-12 14:51:45"}
{"level":"info","message":"GET /api/v1/monitoring/stats 200","timestamp":"2026-06-12 14:51:45"}
{"level":"info","message":"GET /api/v1/monitoring/stats 200","timestamp":"2026-06-12 14:53:38"}
{"level":"info","message":"GET /api/v1/monitoring/stats 200","timestamp":"2026-06-12 14:53:38"}
{"level":"info","message":"GET /api/v1/monitoring/stats 200","timestamp":"2026-06-12 14:53:45"}
{"level":"info","message":"GET /api/v1/monitoring/stats 200","timestamp":"2026-06-12 14:53:45"}
{"level":"info","message":"GET /api/v1/monitoring/stats 200","timestamp":"2026-06-12 14:54:45"}
{"level":"info","message":"GET /api/v1/monitoring/stats 200","timestamp":"2026-06-12 14:54:45"}
{"level":"info","message":"GET /api/v1/monitoring/stats 200","timestamp":"2026-06-12 14:55:45"}
{"level":"info","message":"GET /api/v1/monitoring/stats 200","timestamp":"2026-06-12 14:55:45"}
{"level":"info","message":"GET /api/v1/monitoring/stats 200","timestamp":"2026-06-12 14:56:45"}
{"level":"info","message":"GET /api/v1/monitoring/stats 200","timestamp":"2026-06-12 14:56:45"}
{"level":"info","message":"GET /api/v1/monitoring/stats 200","timestamp":"2026-06-12 14:57:45"}
{"level":"info","message":"GET /api/v1/monitoring/stats 200","timestamp":"2026-06-12 14:57:45"}
{"level":"info","message":"GET /api/v1/monitoring/stats 200","timestamp":"2026-06-12 14:58:45"}
{"level":"info","message":"GET /api/v1/monitoring/stats 200","timestamp":"2026-06-12 14:58:45"}
{"level":"info","message":"GET /api/v1/monitoring/stats 200","timestamp":"2026-06-12 14:59:45"}
{"level":"info","message":"GET /api/v1/monitoring/stats 200","timestamp":"2026-06-12 14:59:45"}
{"level":"info","message":"GET /api/v1/monitoring/stats 200","timestamp":"2026-06-12 15:00:45"}
{"level":"info","message":"GET /api/v1/monitoring/stats 200","timestamp":"2026-06-12 15:00:45"}
{"level":"info","message":"GET /api/v1/monitoring/stats 200","timestamp":"2026-06-12 15:01:45"}
{"level":"info","message":"GET /api/v1/monitoring/stats 200","timestamp":"2026-06-12 15:01:45"}
{"level":"info","message":"GET /api/v1/monitoring/stats 200","timestamp":"2026-06-12 15:02:45"}
{"level":"info","message":"GET /api/v1/monitoring/stats 200","timestamp":"2026-06-12 15:02:45"}
{"level":"info","message":"GET /api/v1/monitoring/stats 200","timestamp":"2026-06-12 15:03:45"}
{"level":"info","message":"GET /api/v1/monitoring/stats 200","timestamp":"2026-06-12 15:03:45"}
{"level":"info","message":"GET /api/v1/monitoring/stats 200","timestamp":"2026-06-12 15:09:56"}
{"level":"info","message":"GET /api/v1/monitoring/stats 200","timestamp":"2026-06-12 15:09:56"}
{"level":"info","message":"GET /api/v1/monitoring/stats 200","timestamp":"2026-06-12 15:10:45"}
{"level":"info","message":"GET /api/v1/monitoring/stats 200","timestamp":"2026-06-12 15:10:45"}
{"level":"info","message":"GET /api/v1/monitoring/stats 200","timestamp":"2026-06-12 15:11:45"}
{"level":"info","message":"GET /api/v1/monitoring/stats 200","timestamp":"2026-06-12 15:11:45"}
{"level":"info","message":"GET /api/v1/monitoring/stats 200","timestamp":"2026-06-12 15:12:45"}
{"level":"info","message":"GET /api/v1/monitoring/stats 200","timestamp":"2026-06-12 15:12:45"}
{"level":"info","message":"GET /api/v1/monitoring/stats 200","timestamp":"2026-06-12 15:13:45"}
{"level":"info","message":"GET /api/v1/monitoring/stats 200","timestamp":"2026-06-12 15:13:45"}
{"level":"info","message":"GET /api/v1/monitoring/stats 200","timestamp":"2026-06-12 15:14:45"}
{"level":"info","message":"GET /api/v1/monitoring/stats 200","timestamp":"2026-06-12 15:14:45"}
{"level":"info","message":"GET /api/v1/monitoring/stats 200","timestamp":"2026-06-12 15:15:45"}
{"level":"info","message":"GET /api/v1/monitoring/stats 200","timestamp":"2026-06-12 15:15:45"}
{"level":"info","message":"GET /api/v1/monitoring/stats 200","timestamp":"2026-06-12 15:16:45"}
{"level":"info","message":"GET /api/v1/monitoring/stats 200","timestamp":"2026-06-12 15:16:45"}
{"level":"info","message":"GET /api/v1/monitoring/stats 200","timestamp":"2026-06-12 15:17:45"}
{"level":"info","message":"GET /api/v1/monitoring/stats 200","timestamp":"2026-06-12 15:17:45"}
{"level":"info","message":"GET /api/v1/monitoring/stats 200","timestamp":"2026-06-12 15:18:45"}
{"level":"info","message":"GET /api/v1/monitoring/stats 200","timestamp":"2026-06-12 15:18:45"}
{"level":"info","message":"GET /api/v1/monitoring/stats 200","timestamp":"2026-06-12 15:19:45"}
{"level":"info","message":"GET /api/v1/monitoring/stats 200","timestamp":"2026-06-12 15:19:45"}
{"level":"info","message":"GET /api/v1/monitoring/stats 200","timestamp":"2026-06-12 15:20:45"}
{"level":"info","message":"GET /api/v1/monitoring/stats 200","timestamp":"2026-06-12 15:20:45"}
{"level":"info","message":"GET /api/v1/monitoring/stats 200","timestamp":"2026-06-12 15:21:45"}
{"level":"info","message":"GET /api/v1/monitoring/stats 200","timestamp":"2026-06-12 15:21:45"}
{"level":"info","message":"GET /api/v1/monitoring/stats 200","timestamp":"2026-06-12 15:22:45"}
{"level":"info","message":"GET /api/v1/monitoring/stats 200","timestamp":"2026-06-12 15:22:45"}
{"level":"info","message":"GET /api/v1/monitoring/stats 200","timestamp":"2026-06-12 15:23:45"}
{"level":"info","message":"GET /api/v1/monitoring/stats 200","timestamp":"2026-06-12 15:23:45"}
{"level":"info","message":"GET /api/v1/monitoring/stats 200","timestamp":"2026-06-12 15:24:45"}
{"level":"info","message":"GET /api/v1/monitoring/stats 200","timestamp":"2026-06-12 15:24:45"}
{"level":"info","message":"GET /api/v1/monitoring/stats 200","timestamp":"2026-06-12 15:25:45"}
{"level":"info","message":"GET /api/v1/monitoring/stats 200","timestamp":"2026-06-12 15:25:45"}
{"level":"info","message":"GET /api/v1/monitoring/stats 200","timestamp":"2026-06-12 15:26:45"}
{"level":"info","message":"GET /api/v1/monitoring/stats 200","timestamp":"2026-06-12 15:26:45"}
{"level":"info","message":"GET /api/v1/monitoring/stats 200","timestamp":"2026-06-12 15:27:45"}
{"level":"info","message":"GET /api/v1/monitoring/stats 200","timestamp":"2026-06-12 15:27:45"}
{"level":"info","message":"GET /api/v1/monitoring/stats 200","timestamp":"2026-06-12 15:28:45"}
{"level":"info","message":"GET /api/v1/monitoring/stats 200","timestamp":"2026-06-12 15:28:45"}
{"level":"info","message":"GET /api/v1/monitoring/stats 200","timestamp":"2026-06-12 15:29:04"}
{"level":"info","message":"GET /api/v1/monitoring/stats 200","timestamp":"2026-06-12 15:29:09"}
{"level":"info","message":"GET /api/v1/monitoring/stats 200","timestamp":"2026-06-12 15:29:14"}
{"level":"info","message":"GET /api/v1/monitoring/stats 200","timestamp":"2026-06-12 15:29:19"}
{"level":"info","message":"GET /api/v1/monitoring/stats 200","timestamp":"2026-06-12 15:29:24"}
{"level":"info","message":"GET /api/v1/monitoring/stats 200","timestamp":"2026-06-12 15:29:29"}
{"level":"info","message":"GET /api/v1/monitoring/stats 200","timestamp":"2026-06-12 15:29:34"}
{"level":"info","message":"GET /api/v1/monitoring/stats 200","timestamp":"2026-06-12 15:29:39"}
{"level":"info","message":"GET /api/v1/monitoring/stats 200","timestamp":"2026-06-12 15:29:44"}
{"level":"info","message":"GET /api/v1/monitoring/stats 200","timestamp":"2026-06-12 15:29:45"}
{"level":"info","message":"GET /api/v1/monitoring/stats 200","timestamp":"2026-06-12 15:29:49"}
{"level":"info","message":"GET /api/v1/monitoring/stats 200","timestamp":"2026-06-12 15:29:54"}
{"level":"info","message":"GET /api/v1/monitoring/stats 200","timestamp":"2026-06-12 15:29:59"}
{"level":"info","message":"GET /api/v1/monitoring/stats 200","timestamp":"2026-06-12 15:30:45"}
{"level":"info","message":"GET /api/v1/monitoring/stats 200","timestamp":"2026-06-12 15:30:45"}
{"level":"info","message":"GET /api/v1/monitoring/stats 200","timestamp":"2026-06-12 15:31:45"}
{"level":"info","message":"GET /api/v1/monitoring/stats 200","timestamp":"2026-06-12 15:31:45"}
{"level":"info","message":"GET /api/v1/monitoring/stats 200","timestamp":"2026-06-12 15:32:45"}
{"level":"info","message":"GET /api/v1/monitoring/stats 200","timestamp":"2026-06-12 15:32:45"}
{"level":"info","message":"GET /api/v1/monitoring/stats 200","timestamp":"2026-06-12 15:33:45"}
{"level":"info","message":"GET /api/v1/monitoring/stats 200","timestamp":"2026-06-12 15:33:45"}
{"level":"info","message":"GET /api/v1/monitoring/stats 200","timestamp":"2026-06-12 15:34:45"}
{"level":"info","message":"GET /api/v1/monitoring/stats 200","timestamp":"2026-06-12 15:34:45"}
{"level":"info","message":"GET /api/v1/monitoring/stats 200","timestamp":"2026-06-12 15:35:45"}
{"level":"info","message":"GET /api/v1/monitoring/stats 200","timestamp":"2026-06-12 15:35:45"}
{"level":"info","message":"GET /api/v1/monitoring/stats 200","timestamp":"2026-06-12 15:36:45"}
{"level":"info","message":"GET /api/v1/monitoring/stats 200","timestamp":"2026-06-12 15:36:45"}
{"level":"info","message":"GET /api/v1/monitoring/stats 200","timestamp":"2026-06-12 15:37:45"}
{"level":"info","message":"GET /api/v1/monitoring/stats 200","timestamp":"2026-06-12 15:37:45"}
{"level":"info","message":"GET /api/v1/monitoring/stats 200","timestamp":"2026-06-12 15:38:45"}
{"level":"info","message":"GET /api/v1/monitoring/stats 200","timestamp":"2026-06-12 15:38:45"}
{"level":"info","message":"GET /api/v1/monitoring/stats 200","timestamp":"2026-06-12 15:39:45"}
{"level":"info","message":"GET /api/v1/monitoring/stats 200","timestamp":"2026-06-12 15:39:45"}
{"level":"info","message":"GET /api/v1/monitoring/stats 200","timestamp":"2026-06-12 15:40:45"}
{"level":"info","message":"GET /api/v1/monitoring/stats 200","timestamp":"2026-06-12 15:40:45"}
{"level":"info","message":"GET /api/v1/monitoring/stats 200","timestamp":"2026-06-12 15:41:45"}
{"level":"info","message":"GET /api/v1/monitoring/stats 200","timestamp":"2026-06-12 15:41:45"}
{"level":"info","message":"GET /api/v1/monitoring/stats 200","timestamp":"2026-06-12 15:42:45"}
{"level":"info","message":"GET /api/v1/monitoring/stats 200","timestamp":"2026-06-12 15:42:45"}
{"level":"info","message":"GET /api/v1/monitoring/stats 200","timestamp":"2026-06-12 15:43:45"}
{"level":"info","message":"GET /api/v1/monitoring/stats 200","timestamp":"2026-06-12 15:43:45"}
{"level":"info","message":"GET /api/v1/monitoring/stats 200","timestamp":"2026-06-12 15:44:45"}
{"level":"info","message":"GET /api/v1/monitoring/stats 200","timestamp":"2026-06-12 15:44:45"}
{"level":"info","message":"GET /api/v1/monitoring/stats 200","timestamp":"2026-06-12 15:45:45"}
{"level":"info","message":"GET /api/v1/monitoring/stats 200","timestamp":"2026-06-12 15:45:45"}
{"level":"info","message":"GET /api/v1/monitoring/stats 200","timestamp":"2026-06-12 15:46:45"}
{"level":"info","message":"GET /api/v1/monitoring/stats 200","timestamp":"2026-06-12 15:46:45"}
{"level":"info","message":"GET /api/v1/monitoring/stats 200","timestamp":"2026-06-12 15:47:00"}
{"level":"info","message":"GET /api/v1/monitoring/stats 200","timestamp":"2026-06-12 15:47:04"}
{"level":"info","message":"GET /api/v1/monitoring/stats 200","timestamp":"2026-06-12 15:47:09"}
{"level":"info","message":"GET /api/v1/monitoring/stats 200","timestamp":"2026-06-12 15:47:14"}
{"level":"info","message":"GET /api/v1/monitoring/stats 200","timestamp":"2026-06-12 15:47:19"}
{"level":"info","message":"GET /api/v1/monitoring/stats 200","timestamp":"2026-06-12 15:47:24"}
{"level":"info","message":"GET /api/v1/monitoring/stats 200","timestamp":"2026-06-12 15:47:29"}
{"level":"info","message":"GET /api/v1/monitoring/stats 200","timestamp":"2026-06-12 15:47:34"}
{"level":"info","message":"GET /api/v1/monitoring/stats 200","timestamp":"2026-06-12 15:47:39"}
{"level":"info","message":"GET /api/v1/monitoring/stats 200","timestamp":"2026-06-12 15:47:44"}
{"level":"info","message":"GET /api/v1/monitoring/stats 200","timestamp":"2026-06-12 15:47:45"}
{"level":"info","message":"GET /api/v1/monitoring/stats 200","timestamp":"2026-06-12 15:47:49"}
{"level":"info","message":"GET /api/v1/monitoring/stats 200","timestamp":"2026-06-12 15:47:54"}
{"level":"info","message":"GET /api/v1/monitoring/stats 200","timestamp":"2026-06-12 15:47:59"}
{"level":"info","message":"GET /api/v1/monitoring/stats 200","timestamp":"2026-06-12 15:48:45"}
{"level":"info","message":"GET /api/v1/monitoring/stats 200","timestamp":"2026-06-12 15:48:45"}
{"level":"info","message":"GET /api/v1/monitoring/stats 200","timestamp":"2026-06-12 15:49:45"}
{"level":"info","message":"GET /api/v1/monitoring/stats 200","timestamp":"2026-06-12 15:49:45"}
{"level":"info","message":"GET /api/v1/monitoring/stats 200","timestamp":"2026-06-12 15:50:45"}
{"level":"info","message":"GET /api/v1/monitoring/stats 200","timestamp":"2026-06-12 15:50:45"}
{"level":"info","message":"GET /api/v1/monitoring/stats 200","timestamp":"2026-06-12 15:51:45"}
{"level":"info","message":"GET /api/v1/monitoring/stats 200","timestamp":"2026-06-12 15:51:45"}
{"level":"info","message":"GET /api/v1/monitoring/stats 200","timestamp":"2026-06-12 15:52:45"}
{"level":"info","message":"GET /api/v1/monitoring/stats 200","timestamp":"2026-06-12 15:52:45"}
{"level":"info","message":"GET /api/v1/monitoring/stats 200","timestamp":"2026-06-12 15:53:45"}
{"level":"info","message":"GET /api/v1/monitoring/stats 200","timestamp":"2026-06-12 15:53:45"}
{"level":"info","message":"GET /api/v1/monitoring/stats 200","timestamp":"2026-06-12 15:54:45"}
{"level":"info","message":"GET /api/v1/monitoring/stats 200","timestamp":"2026-06-12 15:54:45"}
{"level":"info","message":"GET /api/v1/monitoring/stats 200","timestamp":"2026-06-12 15:55:45"}
{"level":"info","message":"GET /api/v1/monitoring/stats 200","timestamp":"2026-06-12 15:55:45"}
{"level":"info","message":"GET /api/v1/monitoring/stats 200","timestamp":"2026-06-12 15:56:45"}
{"level":"info","message":"GET /api/v1/monitoring/stats 200","timestamp":"2026-06-12 15:56:45"}
{"level":"info","message":"GET /api/v1/monitoring/stats 200","timestamp":"2026-06-12 15:57:45"}
{"level":"info","message":"GET /api/v1/monitoring/stats 200","timestamp":"2026-06-12 15:57:45"}
{"level":"info","message":"GET /api/v1/monitoring/stats 200","timestamp":"2026-06-12 15:58:45"}
{"level":"info","message":"GET /api/v1/monitoring/stats 200","timestamp":"2026-06-12 15:58:45"}
{"level":"info","message":"GET /api/v1/monitoring/stats 200","timestamp":"2026-06-12 15:59:45"}
{"level":"info","message":"GET /api/v1/monitoring/stats 200","timestamp":"2026-06-12 15:59:45"}
{"level":"info","message":"GET /api/v1/monitoring/stats 200","timestamp":"2026-06-12 16:00:45"}
{"level":"info","message":"GET /api/v1/monitoring/stats 200","timestamp":"2026-06-12 16:00:45"}
{"level":"info","message":"GET /api/v1/monitoring/stats 200","timestamp":"2026-06-12 16:01:45"}
{"level":"info","message":"GET /api/v1/monitoring/stats 200","timestamp":"2026-06-12 16:01:45"}
{"level":"info","message":"GET /api/v1/monitoring/stats 200","timestamp":"2026-06-12 16:02:45"}
{"level":"info","message":"GET /api/v1/monitoring/stats 200","timestamp":"2026-06-12 16:02:45"}
{"level":"info","message":"GET /api/v1/monitoring/stats 200","timestamp":"2026-06-12 16:03:45"}
{"level":"info","message":"GET /api/v1/monitoring/stats 200","timestamp":"2026-06-12 16:03:45"}
{"level":"info","message":"GET /api/v1/monitoring/stats 200","timestamp":"2026-06-12 16:04:45"}
{"level":"info","message":"GET /api/v1/monitoring/stats 200","timestamp":"2026-06-12 16:04:45"}
{"level":"info","message":"GET /api/v1/monitoring/stats 200","timestamp":"2026-06-12 16:05:45"}
{"level":"info","message":"GET /api/v1/monitoring/stats 200","timestamp":"2026-06-12 16:05:45"}
{"level":"info","message":"GET /api/v1/monitoring/stats 200","timestamp":"2026-06-12 16:06:45"}
{"level":"info","message":"GET /api/v1/monitoring/stats 200","timestamp":"2026-06-12 16:06:45"}
{"level":"info","message":"GET /api/v1/monitoring/stats 200","timestamp":"2026-06-12 16:07:45"}
{"level":"info","message":"GET /api/v1/monitoring/stats 200","timestamp":"2026-06-12 16:07:45"}
{"level":"info","message":"GET /api/v1/monitoring/stats 200","timestamp":"2026-06-12 16:08:45"}
{"level":"info","message":"GET /api/v1/monitoring/stats 200","timestamp":"2026-06-12 16:08:45"}
{"level":"info","message":"GET /api/v1/monitoring/stats 200","timestamp":"2026-06-12 16:09:45"}
{"level":"info","message":"GET /api/v1/monitoring/stats 200","timestamp":"2026-06-12 16:09:45"}
{"level":"info","message":"GET /api/v1/monitoring/stats 200","timestamp":"2026-06-12 16:10:45"}
{"level":"info","message":"GET /api/v1/monitoring/stats 200","timestamp":"2026-06-12 16:10:45"}
{"level":"info","message":"GET /api/v1/monitoring/stats 200","timestamp":"2026-06-12 16:11:45"}
{"level":"info","message":"GET /api/v1/monitoring/stats 200","timestamp":"2026-06-12 16:11:45"}
{"level":"info","message":"GET /api/v1/monitoring/stats 200","timestamp":"2026-06-12 16:12:45"}
{"level":"info","message":"GET /api/v1/monitoring/stats 200","timestamp":"2026-06-12 16:12:45"}
{"level":"info","message":"GET /api/v1/monitoring/stats 200","timestamp":"2026-06-12 16:13:45"}
{"level":"info","message":"GET /api/v1/monitoring/stats 200","timestamp":"2026-06-12 16:13:45"}
{"level":"info","message":"GET /api/v1/monitoring/stats 200","timestamp":"2026-06-12 16:14:45"}
{"level":"info","message":"GET /api/v1/monitoring/stats 200","timestamp":"2026-06-12 16:14:45"}
{"level":"info","message":"GET /api/v1/monitoring/stats 200","timestamp":"2026-06-12 16:15:45"}
{"level":"info","message":"GET /api/v1/monitoring/stats 200","timestamp":"2026-06-12 16:15:45"}
{"level":"info","message":"GET /api/v1/monitoring/stats 200","timestamp":"2026-06-12 16:16:45"}
{"level":"info","message":"GET /api/v1/monitoring/stats 200","timestamp":"2026-06-12 16:16:45"}
{"level":"info","message":"GET /api/v1/monitoring/stats 200","timestamp":"2026-06-12 16:17:45"}
{"level":"info","message":"GET /api/v1/monitoring/stats 200","timestamp":"2026-06-12 16:17:45"}
{"level":"info","message":"GET /api/v1/monitoring/stats 200","timestamp":"2026-06-12 16:18:45"}
{"level":"info","message":"GET /api/v1/monitoring/stats 200","timestamp":"2026-06-12 16:18:45"}
{"level":"info","message":"GET /api/v1/monitoring/stats 200","timestamp":"2026-06-12 16:19:45"}
{"level":"info","message":"GET /api/v1/monitoring/stats 200","timestamp":"2026-06-12 16:19:45"}
{"level":"info","message":"GET /api/v1/monitoring/stats 200","timestamp":"2026-06-12 16:20:45"}
{"level":"info","message":"GET /api/v1/monitoring/stats 200","timestamp":"2026-06-12 16:20:45"}
{"level":"info","message":"GET /api/v1/monitoring/stats 200","timestamp":"2026-06-12 16:21:46"}
{"level":"info","message":"GET /api/v1/monitoring/stats 200","timestamp":"2026-06-12 16:21:46"}
{"level":"info","message":"GET /api/v1/monitoring/stats 200","timestamp":"2026-06-12 16:22:45"}
{"level":"info","message":"GET /api/v1/monitoring/stats 200","timestamp":"2026-06-12 16:22:45"}
{"level":"info","message":"GET /api/v1/monitoring/stats 200","timestamp":"2026-06-12 16:23:45"}
{"level":"info","message":"GET /api/v1/monitoring/stats 200","timestamp":"2026-06-12 16:23:45"}
{"level":"info","message":"GET /api/v1/monitoring/stats 200","timestamp":"2026-06-12 16:24:45"}
{"level":"info","message":"GET /api/v1/monitoring/stats 200","timestamp":"2026-06-12 16:24:45"}
{"level":"info","message":"GET /api/v1/monitoring/stats 200","timestamp":"2026-06-12 16:25:45"}
{"level":"info","message":"GET /api/v1/monitoring/stats 200","timestamp":"2026-06-12 16:25:45"}
{"level":"info","message":"GET /api/v1/monitoring/stats 200","timestamp":"2026-06-12 16:26:45"}
{"level":"info","message":"GET /api/v1/monitoring/stats 200","timestamp":"2026-06-12 16:26:45"}
{"level":"info","message":"GET /api/v1/monitoring/stats 200","timestamp":"2026-06-12 16:27:45"}
{"level":"info","message":"GET /api/v1/monitoring/stats 200","timestamp":"2026-06-12 16:27:45"}
{"level":"info","message":"GET /api/v1/monitoring/stats 200","timestamp":"2026-06-12 16:28:45"}
{"level":"info","message":"GET /api/v1/monitoring/stats 200","timestamp":"2026-06-12 16:28:45"}
{"level":"info","message":"GET /api/v1/monitoring/stats 200","timestamp":"2026-06-12 16:29:45"}
{"level":"info","message":"GET /api/v1/monitoring/stats 200","timestamp":"2026-06-12 16:29:45"}
{"level":"info","message":"GET /api/v1/monitoring/stats 200","timestamp":"2026-06-12 16:30:45"}
{"level":"info","message":"GET /api/v1/monitoring/stats 200","timestamp":"2026-06-12 16:30:45"}
{"level":"info","message":"GET /api/v1/monitoring/stats 200","timestamp":"2026-06-12 16:31:45"}
{"level":"info","message":"GET /api/v1/monitoring/stats 200","timestamp":"2026-06-12 16:31:45"}
{"level":"info","message":"GET /api/v1/monitoring/stats 200","timestamp":"2026-06-12 16:32:45"}
{"level":"info","message":"GET /api/v1/monitoring/stats 200","timestamp":"2026-06-12 16:32:45"}
{"level":"info","message":"GET /api/v1/monitoring/stats 200","timestamp":"2026-06-12 16:33:45"}
{"level":"info","message":"GET /api/v1/monitoring/stats 200","timestamp":"2026-06-12 16:33:45"}
{"level":"info","message":"GET /api/v1/monitoring/stats 200","timestamp":"2026-06-12 16:34:45"}
{"level":"info","message":"GET /api/v1/monitoring/stats 200","timestamp":"2026-06-12 16:34:45"}
{"level":"info","message":"GET /api/v1/monitoring/stats 200","timestamp":"2026-06-12 16:35:45"}
{"level":"info","message":"GET /api/v1/monitoring/stats 200","timestamp":"2026-06-12 16:35:45"}
{"level":"info","message":"GET /api/v1/monitoring/stats 200","timestamp":"2026-06-12 16:36:45"}
{"level":"info","message":"GET /api/v1/monitoring/stats 200","timestamp":"2026-06-12 16:36:45"}
{"level":"info","message":"GET /api/v1/monitoring/stats 200","timestamp":"2026-06-12 16:37:45"}
{"level":"info","message":"GET /api/v1/monitoring/stats 200","timestamp":"2026-06-12 16:37:45"}
{"level":"info","message":"GET /api/v1/monitoring/stats 200","timestamp":"2026-06-12 16:38:45"}
{"level":"info","message":"GET /api/v1/monitoring/stats 200","timestamp":"2026-06-12 16:38:45"}
{"level":"info","message":"GET /api/v1/monitoring/stats 200","timestamp":"2026-06-12 16:39:45"}
{"level":"info","message":"GET /api/v1/monitoring/stats 200","timestamp":"2026-06-12 16:39:45"}
{"level":"info","message":"GET /api/v1/monitoring/stats 200","timestamp":"2026-06-12 16:40:45"}
{"level":"info","message":"GET /api/v1/monitoring/stats 200","timestamp":"2026-06-12 16:40:45"}
{"level":"info","message":"GET /api/v1/monitoring/stats 200","timestamp":"2026-06-12 16:41:45"}
{"level":"info","message":"GET /api/v1/monitoring/stats 200","timestamp":"2026-06-12 16:41:45"}
{"level":"info","message":"GET /api/v1/monitoring/stats 200","timestamp":"2026-06-12 16:42:45"}
{"level":"info","message":"GET /api/v1/monitoring/stats 200","timestamp":"2026-06-12 16:42:45"}
{"level":"info","message":"GET /api/v1/monitoring/stats 200","timestamp":"2026-06-12 16:43:45"}
{"level":"info","message":"GET /api/v1/monitoring/stats 200","timestamp":"2026-06-12 16:43:45"}
{"level":"info","message":"GET /api/v1/monitoring/stats 200","timestamp":"2026-06-12 16:44:45"}
{"level":"info","message":"GET /api/v1/monitoring/stats 200","timestamp":"2026-06-12 16:44:45"}
{"level":"info","message":"GET /api/v1/monitoring/stats 200","timestamp":"2026-06-12 16:45:45"}
{"level":"info","message":"GET /api/v1/monitoring/stats 200","timestamp":"2026-06-12 16:45:45"}
{"level":"info","message":"GET /api/v1/monitoring/stats 200","timestamp":"2026-06-12 16:46:45"}
{"level":"info","message":"GET /api/v1/monitoring/stats 200","timestamp":"2026-06-12 16:46:45"}
{"level":"info","message":"GET /api/v1/monitoring/stats 200","timestamp":"2026-06-12 16:47:45"}
{"level":"info","message":"GET /api/v1/monitoring/stats 200","timestamp":"2026-06-12 16:47:45"}
{"level":"info","message":"GET /api/v1/monitoring/stats 200","timestamp":"2026-06-12 16:48:45"}
{"level":"info","message":"GET /api/v1/monitoring/stats 200","timestamp":"2026-06-12 16:48:45"}
{"level":"info","message":"GET /api/v1/monitoring/stats 200","timestamp":"2026-06-12 16:49:45"}
{"level":"info","message":"GET /api/v1/monitoring/stats 200","timestamp":"2026-06-12 16:49:45"}
{"level":"info","message":"GET /api/v1/monitoring/stats 200","timestamp":"2026-06-12 16:50:45"}
{"level":"info","message":"GET /api/v1/monitoring/stats 200","timestamp":"2026-06-12 16:50:45"}
{"level":"info","message":"GET /api/v1/monitoring/stats 200","timestamp":"2026-06-12 16:51:45"}
{"level":"info","message":"GET /api/v1/monitoring/stats 200","timestamp":"2026-06-12 16:51:45"}
{"level":"info","message":"GET /api/v1/monitoring/stats 200","timestamp":"2026-06-12 16:52:45"}
{"level":"info","message":"GET /api/v1/monitoring/stats 200","timestamp":"2026-06-12 16:52:45"}
{"level":"info","message":"GET /api/v1/monitoring/stats 200","timestamp":"2026-06-12 16:53:45"}
{"level":"info","message":"GET /api/v1/monitoring/stats 200","timestamp":"2026-06-12 16:53:45"}
{"level":"info","message":"GET /api/v1/monitoring/stats 200","timestamp":"2026-06-12 16:54:45"}
{"level":"info","message":"GET /api/v1/monitoring/stats 200","timestamp":"2026-06-12 16:54:45"}
{"level":"info","message":"GET /api/v1/monitoring/stats 200","timestamp":"2026-06-12 16:55:45"}
{"level":"info","message":"GET /api/v1/monitoring/stats 200","timestamp":"2026-06-12 16:55:45"}
{"level":"info","message":"GET /api/v1/monitoring/stats 200","timestamp":"2026-06-12 16:56:45"}
{"level":"info","message":"GET /api/v1/monitoring/stats 200","timestamp":"2026-06-12 16:56:45"}
{"level":"info","message":"GET /api/v1/monitoring/stats 200","timestamp":"2026-06-12 16:57:45"}
{"level":"info","message":"GET /api/v1/monitoring/stats 200","timestamp":"2026-06-12 16:57:45"}
{"level":"info","message":"GET /api/v1/monitoring/stats 200","timestamp":"2026-06-12 16:58:45"}
{"level":"info","message":"GET /api/v1/monitoring/stats 200","timestamp":"2026-06-12 16:58:45"}
{"level":"info","message":"GET /api/v1/monitoring/stats 200","timestamp":"2026-06-12 16:59:45"}
{"level":"info","message":"GET /api/v1/monitoring/stats 200","timestamp":"2026-06-12 16:59:45"}
{"level":"info","message":"GET /api/v1/monitoring/stats 200","timestamp":"2026-06-12 17:00:45"}
{"level":"info","message":"GET /api/v1/monitoring/stats 200","timestamp":"2026-06-12 17:00:45"}
{"level":"info","message":"GET /api/v1/monitoring/stats 200","timestamp":"2026-06-12 17:01:45"}
{"level":"info","message":"GET /api/v1/monitoring/stats 200","timestamp":"2026-06-12 17:01:45"}
{"level":"info","message":"GET /api/v1/monitoring/stats 200","timestamp":"2026-06-12 17:02:45"}
{"level":"info","message":"GET /api/v1/monitoring/stats 200","timestamp":"2026-06-12 17:02:45"}
{"level":"info","message":"GET /api/v1/monitoring/stats 200","timestamp":"2026-06-12 17:03:45"}
{"level":"info","message":"GET /api/v1/monitoring/stats 200","timestamp":"2026-06-12 17:03:45"}
{"level":"info","message":"GET /api/v1/monitoring/stats 200","timestamp":"2026-06-12 17:04:45"}
{"level":"info","message":"GET /api/v1/monitoring/stats 200","timestamp":"2026-06-12 17:04:45"}
{"level":"info","message":"GET /api/v1/monitoring/stats 200","timestamp":"2026-06-12 17:05:45"}
{"level":"info","message":"GET /api/v1/monitoring/stats 200","timestamp":"2026-06-12 17:05:45"}
{"level":"info","message":"GET /api/v1/monitoring/stats 200","timestamp":"2026-06-12 17:06:45"}
{"level":"info","message":"GET /api/v1/monitoring/stats 200","timestamp":"2026-06-12 17:06:45"}
{"level":"info","message":"GET /api/v1/monitoring/stats 200","timestamp":"2026-06-12 17:07:45"}
{"level":"info","message":"GET /api/v1/monitoring/stats 200","timestamp":"2026-06-12 17:07:45"}
{"level":"info","message":"GET /api/v1/monitoring/stats 200","timestamp":"2026-06-12 17:08:45"}
{"level":"info","message":"GET /api/v1/monitoring/stats 200","timestamp":"2026-06-12 17:08:45"}
{"level":"info","message":"GET /api/v1/monitoring/stats 200","timestamp":"2026-06-12 17:09:45"}
{"level":"info","message":"GET /api/v1/monitoring/stats 200","timestamp":"2026-06-12 17:09:45"}
{"level":"info","message":"GET /api/v1/monitoring/stats 200","timestamp":"2026-06-12 17:10:45"}
{"level":"info","message":"GET /api/v1/monitoring/stats 200","timestamp":"2026-06-12 17:10:45"}
{"level":"info","message":"GET /api/v1/monitoring/stats 200","timestamp":"2026-06-12 17:11:45"}
{"level":"info","message":"GET /api/v1/monitoring/stats 200","timestamp":"2026-06-12 17:11:45"}
{"level":"info","message":"GET /api/v1/monitoring/stats 200","timestamp":"2026-06-12 17:12:45"}
{"level":"info","message":"GET /api/v1/monitoring/stats 200","timestamp":"2026-06-12 17:12:45"}
{"level":"info","message":"GET /api/v1/monitoring/stats 200","timestamp":"2026-06-12 17:13:45"}
{"level":"info","message":"GET /api/v1/monitoring/stats 200","timestamp":"2026-06-12 17:13:45"}
{"level":"info","message":"GET /api/v1/monitoring/stats 200","timestamp":"2026-06-12 17:14:45"}
{"level":"info","message":"GET /api/v1/monitoring/stats 200","timestamp":"2026-06-12 17:14:45"}
{"level":"info","message":"GET /api/v1/monitoring/stats 200","timestamp":"2026-06-12 17:15:45"}
{"level":"info","message":"GET /api/v1/monitoring/stats 200","timestamp":"2026-06-12 17:15:45"}
{"level":"info","message":"GET /api/v1/monitoring/stats 200","timestamp":"2026-06-12 17:16:45"}
{"level":"info","message":"GET /api/v1/monitoring/stats 200","timestamp":"2026-06-12 17:16:45"}
{"level":"info","message":"GET /api/v1/monitoring/stats 200","timestamp":"2026-06-12 17:17:45"}
{"level":"info","message":"GET /api/v1/monitoring/stats 200","timestamp":"2026-06-12 17:17:45"}
{"level":"info","message":"GET /api/v1/monitoring/stats 200","timestamp":"2026-06-12 17:18:45"}
{"level":"info","message":"GET /api/v1/monitoring/stats 200","timestamp":"2026-06-12 17:18:45"}
{"level":"info","message":"GET /api/v1/monitoring/stats 200","timestamp":"2026-06-12 17:19:45"}
{"level":"info","message":"GET /api/v1/monitoring/stats 200","timestamp":"2026-06-12 17:19:45"}
{"level":"info","message":"GET /api/v1/monitoring/stats 200","timestamp":"2026-06-12 17:20:45"}
{"level":"info","message":"GET /api/v1/monitoring/stats 200","timestamp":"2026-06-12 17:20:45"}
{"level":"info","message":"GET /api/v1/monitoring/stats 200","timestamp":"2026-06-12 17:21:45"}
{"level":"info","message":"GET /api/v1/monitoring/stats 200","timestamp":"2026-06-12 17:21:45"}
{"level":"info","message":"GET /api/v1/monitoring/stats 200","timestamp":"2026-06-12 17:22:45"}
{"level":"info","message":"GET /api/v1/monitoring/stats 200","timestamp":"2026-06-12 17:22:45"}
{"level":"info","message":"GET /api/v1/monitoring/stats 200","timestamp":"2026-06-12 17:23:45"}
{"level":"info","message":"GET /api/v1/monitoring/stats 200","timestamp":"2026-06-12 17:23:45"}
{"level":"info","message":"GET /api/v1/monitoring/stats 200","timestamp":"2026-06-12 17:24:45"}
{"level":"info","message":"GET /api/v1/monitoring/stats 200","timestamp":"2026-06-12 17:24:45"}
{"level":"info","message":"GET /api/v1/monitoring/stats 200","timestamp":"2026-06-12 17:25:45"}
{"level":"info","message":"GET /api/v1/monitoring/stats 200","timestamp":"2026-06-12 17:25:45"}
{"level":"info","message":"GET /api/v1/monitoring/stats 200","timestamp":"2026-06-12 17:26:45"}
{"level":"info","message":"GET /api/v1/monitoring/stats 200","timestamp":"2026-06-12 17:26:45"}
{"level":"info","message":"GET /api/v1/monitoring/stats 200","timestamp":"2026-06-12 17:27:45"}
{"level":"info","message":"GET /api/v1/monitoring/stats 200","timestamp":"2026-06-12 17:27:45"}
{"level":"info","message":"GET /api/v1/monitoring/stats 200","timestamp":"2026-06-12 17:28:45"}
{"level":"info","message":"GET /api/v1/monitoring/stats 200","timestamp":"2026-06-12 17:28:45"}
{"level":"info","message":"GET /api/v1/monitoring/stats 200","timestamp":"2026-06-12 17:29:45"}
{"level":"info","message":"GET /api/v1/monitoring/stats 200","timestamp":"2026-06-12 17:29:45"}
{"level":"info","message":"GET /api/v1/monitoring/stats 200","timestamp":"2026-06-12 17:30:45"}
{"level":"info","message":"GET /api/v1/monitoring/stats 200","timestamp":"2026-06-12 17:30:45"}
{"level":"info","message":"GET /api/v1/monitoring/stats 200","timestamp":"2026-06-12 17:31:45"}
{"level":"info","message":"GET /api/v1/monitoring/stats 200","timestamp":"2026-06-12 17:31:45"}
{"level":"info","message":"GET /api/v1/monitoring/stats 200","timestamp":"2026-06-12 17:32:45"}
{"level":"info","message":"GET /api/v1/monitoring/stats 200","timestamp":"2026-06-12 17:32:45"}
{"level":"info","message":"GET /api/v1/monitoring/stats 200","timestamp":"2026-06-12 17:33:45"}
{"level":"info","message":"GET /api/v1/monitoring/stats 200","timestamp":"2026-06-12 17:33:45"}
{"level":"info","message":"GET /api/v1/monitoring/stats 200","timestamp":"2026-06-12 17:34:45"}
{"level":"info","message":"GET /api/v1/monitoring/stats 200","timestamp":"2026-06-12 17:34:45"}
{"level":"info","message":"GET /api/v1/monitoring/stats 200","timestamp":"2026-06-12 17:35:45"}
{"level":"info","message":"GET /api/v1/monitoring/stats 200","timestamp":"2026-06-12 17:35:45"}
{"level":"info","message":"GET /api/v1/monitoring/stats 200","timestamp":"2026-06-12 17:36:45"}
{"level":"info","message":"GET /api/v1/monitoring/stats 200","timestamp":"2026-06-12 17:36:45"}
{"level":"info","message":"GET /api/v1/monitoring/stats 200","timestamp":"2026-06-12 17:37:45"}
{"level":"info","message":"GET /api/v1/monitoring/stats 200","timestamp":"2026-06-12 17:37:45"}
{"level":"info","message":"GET /api/v1/monitoring/stats 200","timestamp":"2026-06-12 17:38:45"}
{"level":"info","message":"GET /api/v1/monitoring/stats 200","timestamp":"2026-06-12 17:38:45"}
{"level":"info","message":"GET /api/v1/monitoring/stats 200","timestamp":"2026-06-12 17:39:45"}
{"level":"info","message":"GET /api/v1/monitoring/stats 200","timestamp":"2026-06-12 17:39:45"}
{"level":"info","message":"GET /api/v1/monitoring/stats 200","timestamp":"2026-06-12 17:40:45"}
{"level":"info","message":"GET /api/v1/monitoring/stats 200","timestamp":"2026-06-12 17:40:45"}
{"level":"info","message":"GET /api/v1/monitoring/stats 200","timestamp":"2026-06-12 17:41:45"}
{"level":"info","message":"GET /api/v1/monitoring/stats 200","timestamp":"2026-06-12 17:41:45"}
{"level":"info","message":"GET /api/v1/monitoring/stats 200","timestamp":"2026-06-12 17:42:45"}
{"level":"info","message":"GET /api/v1/monitoring/stats 200","timestamp":"2026-06-12 17:42:45"}
{"level":"info","message":"GET /api/v1/monitoring/stats 200","timestamp":"2026-06-12 17:43:45"}
{"level":"info","message":"GET /api/v1/monitoring/stats 200","timestamp":"2026-06-12 17:43:45"}
{"level":"info","message":"GET /api/v1/monitoring/stats 200","timestamp":"2026-06-12 17:44:45"}
{"level":"info","message":"GET /api/v1/monitoring/stats 200","timestamp":"2026-06-12 17:44:45"}
{"level":"info","message":"GET /api/v1/monitoring/stats 200","timestamp":"2026-06-12 17:45:45"}
{"level":"info","message":"GET /api/v1/monitoring/stats 200","timestamp":"2026-06-12 17:45:45"}
{"level":"info","message":"GET /api/v1/monitoring/stats 200","timestamp":"2026-06-12 17:46:45"}
{"level":"info","message":"GET /api/v1/monitoring/stats 200","timestamp":"2026-06-12 17:46:45"}
{"level":"info","message":"GET /api/v1/monitoring/stats 200","timestamp":"2026-06-12 17:47:45"}
{"level":"info","message":"GET /api/v1/monitoring/stats 200","timestamp":"2026-06-12 17:47:45"}
{"level":"info","message":"GET /api/v1/monitoring/stats 200","timestamp":"2026-06-12 17:48:40"}
{"level":"info","message":"GET /api/auth/profile 304","timestamp":"2026-06-12 17:48:41"}
{"level":"info","message":"GET /api/auth/profile 304","timestamp":"2026-06-12 17:48:41"}
{"level":"info","message":"Cache MISS: Fetching departments list from Database","timestamp":"2026-06-12 17:48:41"}
{"level":"info","message":"Cache MISS: Fetching skills list from Database","timestamp":"2026-06-12 17:48:41"}
{"level":"info","message":"GET /api/employees?limit=100 304","timestamp":"2026-06-12 17:48:41"}
{"level":"info","message":"GET /api/v1/monitoring/stats 200","timestamp":"2026-06-12 17:48:41"}
{"level":"info","message":"GET /api/employees?limit=100 304","timestamp":"2026-06-12 17:48:41"}
{"level":"info","message":"GET /api/v1/monitoring/stats 200","timestamp":"2026-06-12 17:48:41"}
{"level":"info","message":"GET /api/departments 304","timestamp":"2026-06-12 17:48:41"}
{"level":"info","message":"GET /api/skills 304","timestamp":"2026-06-12 17:48:41"}
{"level":"info","message":"Cache HIT: Serving departments list from Node-Cache","timestamp":"2026-06-12 17:48:41"}
{"level":"info","message":"GET /api/departments 304","timestamp":"2026-06-12 17:48:41"}
{"level":"info","message":"Cache HIT: Serving skills list from Node-Cache","timestamp":"2026-06-12 17:48:41"}
{"level":"info","message":"GET /api/skills 304","timestamp":"2026-06-12 17:48:41"}
{"level":"info","message":"GET /api/leaves/analytics 304","timestamp":"2026-06-12 17:48:41"}
{"level":"info","message":"GET /api/leaves/analytics 304","timestamp":"2026-06-12 17:48:41"}
{"level":"info","message":"GET /api/attendance/analytics 304","timestamp":"2026-06-12 17:48:41"}
{"level":"info","message":"GET /api/attendance/analytics 304","timestamp":"2026-06-12 17:48:41"}
{"level":"info","message":"GET /api/v1/monitoring/stats 200","timestamp":"2026-06-12 17:48:45"}
{"level":"info","message":"GET /api/v1/monitoring/stats 200","timestamp":"2026-06-12 17:48:46"}
{"level":"info","message":"GET /api/v1/monitoring/stats 200","timestamp":"2026-06-12 17:49:45"}
{"level":"info","message":"GET /api/v1/monitoring/stats 200","timestamp":"2026-06-12 17:50:31"}
{"level":"info","message":"GET /api/auth/profile 304","timestamp":"2026-06-12 17:50:31"}
{"level":"info","message":"GET /api/auth/profile 304","timestamp":"2026-06-12 17:50:31"}
{"level":"info","message":"Cache HIT: Serving departments list from Node-Cache","timestamp":"2026-06-12 17:50:31"}
{"level":"info","message":"GET /api/departments 304","timestamp":"2026-06-12 17:50:31"}
{"level":"info","message":"Cache HIT: Serving skills list from Node-Cache","timestamp":"2026-06-12 17:50:31"}
{"level":"info","message":"GET /api/skills 304","timestamp":"2026-06-12 17:50:31"}
{"level":"info","message":"Cache HIT: Serving departments list from Node-Cache","timestamp":"2026-06-12 17:50:31"}
{"level":"info","message":"GET /api/departments 304","timestamp":"2026-06-12 17:50:31"}
{"level":"info","message":"Cache HIT: Serving skills list from Node-Cache","timestamp":"2026-06-12 17:50:31"}
{"level":"info","message":"GET /api/skills 304","timestamp":"2026-06-12 17:50:31"}
{"level":"info","message":"GET /api/employees?limit=100 304","timestamp":"2026-06-12 17:50:31"}
{"level":"info","message":"GET /api/employees?limit=100 304","timestamp":"2026-06-12 17:50:31"}
{"level":"info","message":"GET /api/attendance/analytics 304","timestamp":"2026-06-12 17:50:31"}
{"level":"info","message":"GET /api/attendance/analytics 304","timestamp":"2026-06-12 17:50:31"}
{"level":"info","message":"GET /api/v1/monitoring/stats 200","timestamp":"2026-06-12 17:50:31"}
{"level":"info","message":"GET /api/v1/monitoring/stats 200","timestamp":"2026-06-12 17:50:31"}
{"level":"info","message":"GET /api/leaves/analytics 304","timestamp":"2026-06-12 17:50:31"}
{"level":"info","message":"GET /api/leaves/analytics 304","timestamp":"2026-06-12 17:50:31"}
{"level":"info","message":"GET /api/v1/monitoring/stats 200","timestamp":"2026-06-12 17:50:36"}
{"level":"info","message":"GET /api/v1/monitoring/stats 200","timestamp":"2026-06-12 17:50:41"}
{"level":"info","message":"GET /api/v1/monitoring/stats 200","timestamp":"2026-06-12 17:50:47"}
{"level":"info","message":"GET /api/v1/monitoring/stats 200","timestamp":"2026-06-12 17:50:51"}
{"level":"info","message":"📧 Nodemailer running in MOCK mode. Emails will be logged to combined.log","timestamp":"2026-06-13 10:57:31"}
{"level":"info","message":"⏰ Background Jobs Engine initialized successfully.","timestamp":"2026-06-13 10:57:32"}
{"level":"info","message":"===================================================","timestamp":"2026-06-13 10:57:32"}
{"level":"info","message":" i-SOFTZONE Backend running on port 4000","timestamp":"2026-06-13 10:57:32"}
{"level":"info","message":" Environment             : DEVELOPMENT","timestamp":"2026-06-13 10:57:32"}
{"level":"info","message":" 🔒 Helmet + Rate Limiting: ACTIVE","timestamp":"2026-06-13 10:57:32"}
{"level":"info","message":" 📢 Notifications Engine  : ACTIVE","timestamp":"2026-06-13 10:57:32"}
{"level":"info","message":" 🗂️  Audit Trail (JSONB)   : ACTIVE","timestamp":"2026-06-13 10:57:32"}
{"level":"info","message":" ⏰ Cron Scheduler        : ACTIVE","timestamp":"2026-06-13 10:57:32"}
{"level":"info","message":" 📖 Swagger Docs          : http://localhost:4000/api-docs","timestamp":"2026-06-13 10:57:32"}
{"level":"info","message":"===================================================","timestamp":"2026-06-13 10:57:32"}
{"level":"info","message":"📧 Nodemailer running in MOCK mode. Emails will be logged to combined.log","timestamp":"2026-06-22 14:13:52"}
{"level":"info","message":"⏰ Background Jobs Engine initialized successfully.","timestamp":"2026-06-22 14:13:56"}
{"level":"info","message":"===================================================","timestamp":"2026-06-22 14:13:56"}
{"level":"info","message":" i-SOFTZONE Backend running on port 4000","timestamp":"2026-06-22 14:13:56"}
{"level":"info","message":" Environment             : DEVELOPMENT","timestamp":"2026-06-22 14:13:56"}
{"level":"info","message":" 🔒 Helmet + Rate Limiting: ACTIVE","timestamp":"2026-06-22 14:13:56"}
{"level":"info","message":" 📢 Notifications Engine  : ACTIVE","timestamp":"2026-06-22 14:13:56"}
{"level":"info","message":" 🗂️  Audit Trail (JSONB)   : ACTIVE","timestamp":"2026-06-22 14:13:56"}
{"level":"info","message":" ⏰ Cron Scheduler        : ACTIVE","timestamp":"2026-06-22 14:13:56"}
{"level":"info","message":" 📖 Swagger Docs          : http://localhost:4000/api-docs","timestamp":"2026-06-22 14:13:56"}
{"level":"info","message":"===================================================","timestamp":"2026-06-22 14:13:56"}
{"level":"info","message":"POST /api/auth/login 200","timestamp":"2026-06-22 14:25:21"}
{"level":"info","message":"Cache MISS: Fetching departments list from Database","timestamp":"2026-06-22 14:25:21"}
{"level":"info","message":"Cache MISS: Fetching skills list from Database","timestamp":"2026-06-22 14:25:22"}
{"level":"info","message":"GET /api/employees?limit=100 200","timestamp":"2026-06-22 14:25:22"}
{"level":"info","message":"GET /api/v1/monitoring/stats 200","timestamp":"2026-06-22 14:25:22"}
{"level":"info","message":"GET /api/employees?limit=100 304","timestamp":"2026-06-22 14:25:22"}
{"level":"info","message":"GET /api/v1/monitoring/stats 200","timestamp":"2026-06-22 14:25:22"}
{"level":"info","message":"GET /api/departments 200","timestamp":"2026-06-22 14:25:22"}
{"level":"info","message":"Cache HIT: Serving departments list from Node-Cache","timestamp":"2026-06-22 14:25:22"}
{"level":"info","message":"GET /api/departments 304","timestamp":"2026-06-22 14:25:22"}
{"level":"info","message":"GET /api/attendance/analytics 200","timestamp":"2026-06-22 14:25:22"}
{"level":"info","message":"GET /api/leaves/analytics 200","timestamp":"2026-06-22 14:25:22"}
{"level":"info","message":"GET /api/attendance/analytics 304","timestamp":"2026-06-22 14:25:22"}
{"level":"info","message":"GET /api/skills 200","timestamp":"2026-06-22 14:25:22"}
{"level":"info","message":"GET /api/leaves/analytics 304","timestamp":"2026-06-22 14:25:22"}
{"level":"info","message":"Cache HIT: Serving skills list from Node-Cache","timestamp":"2026-06-22 14:25:22"}
{"level":"info","message":"GET /api/skills 304","timestamp":"2026-06-22 14:25:22"}
{"level":"info","message":"GET /api/v1/monitoring/stats 200","timestamp":"2026-06-22 14:25:26"}
{"level":"info","message":"GET /api/v1/monitoring/stats 200","timestamp":"2026-06-22 14:25:31"}
{"level":"info","message":"GET /api/v1/monitoring/stats 200","timestamp":"2026-06-22 14:25:36"}
{"level":"info","message":"GET /api/v1/monitoring/stats 200","timestamp":"2026-06-22 14:25:41"}
{"level":"info","message":"GET /api/v1/monitoring/stats 200","timestamp":"2026-06-22 14:25:46"}
{"level":"info","message":"GET /api/v1/monitoring/stats 200","timestamp":"2026-06-22 14:25:51"}
{"level":"info","message":"GET /api/v1/monitoring/stats 200","timestamp":"2026-06-22 14:25:56"}
{"level":"info","message":"GET /api/v1/monitoring/stats 200","timestamp":"2026-06-22 14:26:02"}
{"level":"info","message":"GET /api/v1/monitoring/stats 200","timestamp":"2026-06-22 14:26:07"}
{"level":"info","message":"GET /api/v1/monitoring/stats 200","timestamp":"2026-06-22 14:26:12"}
{"level":"info","message":"GET /api/v1/monitoring/stats 200","timestamp":"2026-06-22 14:26:17"}
{"level":"info","message":"GET /api/v1/monitoring/stats 200","timestamp":"2026-06-22 14:26:22"}
{"level":"info","message":"GET /api/v1/monitoring/stats 200","timestamp":"2026-06-22 14:26:27"}
{"level":"info","message":"GET /api/v1/monitoring/stats 200","timestamp":"2026-06-22 14:26:32"}
{"level":"info","message":"GET /api/v1/monitoring/stats 200","timestamp":"2026-06-22 14:26:37"}
{"level":"info","message":"GET /api/v1/monitoring/stats 200","timestamp":"2026-06-22 14:26:42"}
{"level":"info","message":"GET /api/v1/monitoring/stats 200","timestamp":"2026-06-22 14:26:47"}
{"level":"info","message":"GET /api/v1/monitoring/stats 200","timestamp":"2026-06-22 14:26:52"}
{"level":"info","message":"GET /api/v1/monitoring/stats 200","timestamp":"2026-06-22 14:27:27"}
{"level":"info","message":"GET /api/v1/monitoring/stats 200","timestamp":"2026-06-22 14:28:21"}
{"level":"info","message":"GET /api/v1/monitoring/stats 200","timestamp":"2026-06-22 14:28:21"}
{"level":"info","message":"GET /api/v1/monitoring/stats 200","timestamp":"2026-06-22 14:28:26"}
{"level":"info","message":"GET /api/v1/monitoring/stats 200","timestamp":"2026-06-22 14:28:31"}
{"level":"info","message":"GET /api/v1/monitoring/stats 200","timestamp":"2026-06-22 14:28:37"}
{"level":"info","message":"GET /api/v1/monitoring/stats 200","timestamp":"2026-06-22 14:28:42"}
{"level":"warn","message":"GET / — 404: Route Not Found — /","timestamp":"2026-06-22 14:28:43"}
{"level":"info","message":"GET / 404","timestamp":"2026-06-22 14:28:43"}
{"level":"info","message":"GET /api/v1/monitoring/stats 200","timestamp":"2026-06-22 14:28:47"}
{"level":"info","message":"GET /api/v1/monitoring/stats 200","timestamp":"2026-06-22 14:28:52"}
{"level":"info","message":"GET /api/v1/monitoring/stats 200","timestamp":"2026-06-22 14:28:57"}
{"level":"info","message":"GET /api/v1/monitoring/stats 200","timestamp":"2026-06-22 14:29:02"}
{"level":"info","message":"GET /api/v1/monitoring/stats 200","timestamp":"2026-06-22 14:29:07"}
{"level":"info","message":"GET /api/v1/monitoring/stats 200","timestamp":"2026-06-22 14:29:12"}
{"level":"info","message":"GET /api/v1/monitoring/stats 200","timestamp":"2026-06-22 14:29:17"}
{"level":"info","message":"GET /api/v1/monitoring/stats 200","timestamp":"2026-06-22 14:29:22"}
{"level":"info","message":"GET /api/v1/monitoring/stats 200","timestamp":"2026-06-22 14:29:27"}
{"level":"info","message":"GET /api/v1/monitoring/stats 200","timestamp":"2026-06-22 14:29:32"}
{"level":"info","message":"GET /api/auth/profile 403","timestamp":"2026-06-22 14:29:55"}
{"level":"info","message":"GET /api/auth/profile 403","timestamp":"2026-06-22 14:29:55"}
{"level":"info","message":"GET /api/v1/monitoring/stats 200","timestamp":"2026-06-22 14:30:26"}
{"level":"info","message":"GET /api/v1/monitoring/stats 200","timestamp":"2026-06-22 14:31:27"}
{"level":"info","message":"GET /api/v1/monitoring/stats 200","timestamp":"2026-06-22 14:32:27"}
{"level":"info","message":"📧 Nodemailer running in MOCK mode. Emails will be logged to combined.log","timestamp":"2026-06-22 14:32:39"}
{"level":"info","message":"⏰ Background Jobs Engine initialized successfully.","timestamp":"2026-06-22 14:32:39"}
{"level":"info","message":"===================================================","timestamp":"2026-06-22 14:32:39"}
{"level":"info","message":" i-SOFTZONE Backend running on port 4000","timestamp":"2026-06-22 14:32:39"}
{"level":"info","message":" Environment             : DEVELOPMENT","timestamp":"2026-06-22 14:32:39"}
{"level":"info","message":" 🔒 Helmet + Rate Limiting: ACTIVE","timestamp":"2026-06-22 14:32:39"}
{"level":"info","message":" 📢 Notifications Engine  : ACTIVE","timestamp":"2026-06-22 14:32:39"}
{"level":"info","message":" 🗂️  Audit Trail (JSONB)   : ACTIVE","timestamp":"2026-06-22 14:32:39"}
{"level":"info","message":" ⏰ Cron Scheduler        : ACTIVE","timestamp":"2026-06-22 14:32:39"}
{"level":"info","message":" 📖 Swagger Docs          : http://localhost:4000/api-docs","timestamp":"2026-06-22 14:32:39"}
{"level":"info","message":"===================================================","timestamp":"2026-06-22 14:32:39"}
{"level":"info","message":"GET /api/v1/monitoring/stats 200","timestamp":"2026-06-22 14:33:27"}
{"level":"info","message":"GET /api/v1/monitoring/stats 200","timestamp":"2026-06-22 14:34:27"}
{"level":"info","message":"GET /api/v1/monitoring/stats 200","timestamp":"2026-06-22 14:35:27"}
{"level":"info","message":"POST /api/auth/login 200","timestamp":"2026-06-22 14:35:49"}
{"level":"info","message":"GET /api/employees?limit=100 200","timestamp":"2026-06-22 14:35:49"}
{"level":"info","message":"Cache MISS: Fetching departments list from Database","timestamp":"2026-06-22 14:35:49"}
{"level":"info","message":"GET /api/departments 304","timestamp":"2026-06-22 14:35:49"}
{"level":"info","message":"Cache MISS: Fetching skills list from Database","timestamp":"2026-06-22 14:35:49"}
{"level":"info","message":"GET /api/skills 304","timestamp":"2026-06-22 14:35:49"}
{"level":"info","message":"Cache HIT: Serving departments list from Node-Cache","timestamp":"2026-06-22 14:35:49"}
{"level":"info","message":"GET /api/departments 304","timestamp":"2026-06-22 14:35:49"}
{"level":"info","message":"GET /api/employees?limit=100 304","timestamp":"2026-06-22 14:35:49"}
{"level":"info","message":"Cache HIT: Serving skills list from Node-Cache","timestamp":"2026-06-22 14:35:49"}
{"level":"info","message":"GET /api/skills 304","timestamp":"2026-06-22 14:35:49"}
{"level":"info","message":"GET /api/attendance/analytics 200","timestamp":"2026-06-22 14:35:49"}
{"level":"info","message":"GET /api/v1/monitoring/stats 200","timestamp":"2026-06-22 14:35:49"}
{"level":"info","message":"GET /api/attendance/analytics 304","timestamp":"2026-06-22 14:35:49"}
{"level":"info","message":"GET /api/v1/monitoring/stats 200","timestamp":"2026-06-22 14:35:49"}
{"level":"info","message":"GET /api/leaves/analytics 200","timestamp":"2026-06-22 14:35:49"}
{"level":"info","message":"GET /api/leaves/analytics 304","timestamp":"2026-06-22 14:35:49"}
{"level":"info","message":"GET /api/v1/monitoring/stats 200","timestamp":"2026-06-22 14:35:54"}
{"level":"info","message":"GET /api/v1/monitoring/stats 200","timestamp":"2026-06-22 14:35:59"}
{"level":"info","message":"GET /api/v1/monitoring/stats 200","timestamp":"2026-06-22 14:36:04"}
{"level":"info","message":"GET /api/v1/monitoring/stats 200","timestamp":"2026-06-22 14:36:09"}
{"level":"info","message":"GET /api/v1/monitoring/stats 200","timestamp":"2026-06-22 14:36:14"}
{"level":"info","message":"GET /api/v1/monitoring/stats 200","timestamp":"2026-06-22 14:36:19"}
{"level":"info","message":"GET /api/v1/monitoring/stats 200","timestamp":"2026-06-22 14:36:24"}
{"level":"info","message":"GET /api/v1/monitoring/stats 200","timestamp":"2026-06-22 14:36:26"}
{"level":"info","message":"GET /api/v1/monitoring/stats 200","timestamp":"2026-06-22 14:36:29"}
{"level":"info","message":"GET /api/v1/monitoring/stats 200","timestamp":"2026-06-22 14:36:34"}
{"level":"info","message":"GET /api/v1/monitoring/stats 200","timestamp":"2026-06-22 14:36:39"}
{"level":"info","message":"GET /api/v1/monitoring/stats 200","timestamp":"2026-06-22 14:36:44"}
{"level":"info","message":"GET /api/v1/monitoring/stats 200","timestamp":"2026-06-22 14:36:49"}
{"level":"info","message":"GET /api/v1/monitoring/stats 200","timestamp":"2026-06-22 14:36:54"}
{"level":"info","message":"GET /api/v1/monitoring/stats 200","timestamp":"2026-06-22 14:36:59"}
{"level":"info","message":"GET /api/v1/monitoring/stats 200","timestamp":"2026-06-22 14:37:04"}
{"level":"info","message":"GET /api/v1/monitoring/stats 200","timestamp":"2026-06-22 14:37:09"}
{"level":"info","message":"GET /api/v1/monitoring/stats 200","timestamp":"2026-06-22 14:37:14"}
{"level":"info","message":"GET /api/v1/monitoring/stats 200","timestamp":"2026-06-22 14:37:19"}
{"level":"info","message":"GET /api/v1/monitoring/stats 200","timestamp":"2026-06-22 14:37:24"}
{"level":"info","message":"GET /api/v1/monitoring/stats 200","timestamp":"2026-06-22 14:37:26"}
{"level":"info","message":"GET /api/v1/monitoring/stats 200","timestamp":"2026-06-22 14:37:29"}
{"level":"info","message":"GET /api/v1/monitoring/stats 200","timestamp":"2026-06-22 14:37:34"}
{"level":"info","message":"GET /api/v1/monitoring/stats 200","timestamp":"2026-06-22 14:37:39"}
{"level":"info","message":"GET /api/v1/monitoring/stats 200","timestamp":"2026-06-22 14:37:44"}
{"level":"info","message":"GET /api/v1/monitoring/stats 200","timestamp":"2026-06-22 14:37:49"}
{"level":"info","message":"GET /api/v1/monitoring/stats 200","timestamp":"2026-06-22 14:37:54"}
{"level":"info","message":"GET /api/v1/monitoring/stats 200","timestamp":"2026-06-22 14:37:59"}
{"level":"info","message":"GET /api/v1/monitoring/stats 200","timestamp":"2026-06-22 14:38:04"}
{"level":"info","message":"GET /api/v1/monitoring/stats 200","timestamp":"2026-06-22 14:38:09"}
{"level":"info","message":"GET /api/v1/monitoring/stats 200","timestamp":"2026-06-22 14:38:14"}
{"level":"info","message":"GET /api/v1/monitoring/stats 200","timestamp":"2026-06-22 14:38:19"}
{"level":"info","message":"GET /api/v1/monitoring/stats 200","timestamp":"2026-06-22 14:38:24"}
{"level":"info","message":"GET /api/v1/monitoring/stats 200","timestamp":"2026-06-22 14:38:26"}
{"level":"info","message":"GET /api/v1/monitoring/stats 200","timestamp":"2026-06-22 14:38:29"}
{"level":"info","message":"GET /api/v1/monitoring/stats 200","timestamp":"2026-06-22 14:38:34"}
{"level":"info","message":"GET /api/v1/monitoring/stats 200","timestamp":"2026-06-22 14:38:39"}
{"level":"info","message":"GET /api/v1/monitoring/stats 200","timestamp":"2026-06-22 14:38:44"}
{"level":"info","message":"GET /api/v1/monitoring/stats 200","timestamp":"2026-06-22 14:38:49"}
{"level":"info","message":"GET /api/v1/monitoring/stats 200","timestamp":"2026-06-22 14:38:54"}
{"level":"info","message":"GET /api/v1/monitoring/stats 200","timestamp":"2026-06-22 14:38:59"}
{"level":"info","message":"GET /api/v1/monitoring/stats 200","timestamp":"2026-06-22 14:39:04"}
{"level":"info","message":"GET /api/v1/monitoring/stats 200","timestamp":"2026-06-22 14:39:09"}
{"level":"info","message":"GET /api/v1/monitoring/stats 200","timestamp":"2026-06-22 14:39:14"}
{"level":"info","message":"GET /api/v1/monitoring/stats 200","timestamp":"2026-06-22 14:39:19"}
{"level":"info","message":"GET /api/v1/monitoring/stats 200","timestamp":"2026-06-22 14:39:24"}
{"level":"info","message":"GET /api/v1/monitoring/stats 200","timestamp":"2026-06-22 14:39:26"}
{"level":"info","message":"GET /api/v1/monitoring/stats 200","timestamp":"2026-06-22 14:39:29"}
{"level":"info","message":"GET /api/v1/monitoring/stats 200","timestamp":"2026-06-22 14:39:34"}
{"level":"info","message":"GET /api/v1/monitoring/stats 200","timestamp":"2026-06-22 14:39:39"}
{"level":"info","message":"GET /api/v1/monitoring/stats 200","timestamp":"2026-06-22 14:39:44"}
{"level":"info","message":"GET /api/v1/monitoring/stats 200","timestamp":"2026-06-22 14:39:49"}
{"level":"info","message":"GET /api/v1/monitoring/stats 200","timestamp":"2026-06-22 14:39:54"}
{"level":"info","message":"GET /api/v1/monitoring/stats 200","timestamp":"2026-06-22 14:39:59"}
{"level":"info","message":"GET /api/v1/monitoring/stats 200","timestamp":"2026-06-22 14:40:04"}
{"level":"info","message":"GET /api/v1/monitoring/stats 200","timestamp":"2026-06-22 14:40:09"}
{"level":"info","message":"GET /api/v1/monitoring/stats 200","timestamp":"2026-06-22 14:40:14"}
{"level":"info","message":"GET /api/v1/monitoring/stats 200","timestamp":"2026-06-22 14:40:19"}
{"level":"info","message":"GET /api/v1/monitoring/stats 200","timestamp":"2026-06-22 14:40:24"}
{"level":"info","message":"GET /api/v1/monitoring/stats 200","timestamp":"2026-06-22 14:40:26"}
{"level":"info","message":"GET /api/v1/monitoring/stats 200","timestamp":"2026-06-22 14:40:29"}
{"level":"info","message":"GET /api/v1/monitoring/stats 200","timestamp":"2026-06-22 14:40:34"}
{"level":"info","message":"GET /api/v1/monitoring/stats 200","timestamp":"2026-06-22 14:40:39"}
{"level":"info","message":"GET /api/v1/monitoring/stats 200","timestamp":"2026-06-22 14:40:44"}
{"level":"info","message":"GET /api/v1/monitoring/stats 200","timestamp":"2026-06-22 14:40:49"}
{"level":"info","message":"GET /api/v1/monitoring/stats 200","timestamp":"2026-06-22 14:40:54"}
{"level":"info","message":"GET /api/v1/monitoring/stats 200","timestamp":"2026-06-22 14:40:59"}
{"level":"info","message":"GET /api/v1/monitoring/stats 200","timestamp":"2026-06-22 14:41:04"}
{"level":"info","message":"GET /api/v1/monitoring/stats 200","timestamp":"2026-06-22 14:41:09"}
{"level":"info","message":"GET /api/v1/monitoring/stats 200","timestamp":"2026-06-22 14:41:14"}
{"level":"info","message":"GET /api/v1/monitoring/stats 200","timestamp":"2026-06-22 14:41:19"}
{"level":"info","message":"GET /api/v1/monitoring/stats 200","timestamp":"2026-06-22 14:41:24"}
{"level":"info","message":"GET /api/v1/monitoring/stats 200","timestamp":"2026-06-22 14:41:26"}
{"level":"info","message":"GET /api/v1/monitoring/stats 200","timestamp":"2026-06-22 14:41:29"}
{"level":"info","message":"GET /api/v1/monitoring/stats 200","timestamp":"2026-06-22 14:41:34"}
{"level":"info","message":"GET /api/v1/monitoring/stats 200","timestamp":"2026-06-22 14:41:39"}
{"level":"info","message":"GET /api/v1/monitoring/stats 200","timestamp":"2026-06-22 14:41:44"}
{"level":"info","message":"GET /api/v1/monitoring/stats 200","timestamp":"2026-06-22 14:41:49"}
{"level":"info","message":"GET /api/v1/monitoring/stats 200","timestamp":"2026-06-22 14:41:54"}
{"level":"info","message":"GET /api/v1/monitoring/stats 200","timestamp":"2026-06-22 14:41:59"}
{"level":"info","message":"GET /api/v1/monitoring/stats 200","timestamp":"2026-06-22 14:42:04"}
{"level":"info","message":"GET /api/v1/monitoring/stats 200","timestamp":"2026-06-22 14:42:09"}
{"level":"info","message":"GET /api/v1/monitoring/stats 200","timestamp":"2026-06-22 14:42:14"}
{"level":"info","message":"GET /api/v1/monitoring/stats 200","timestamp":"2026-06-22 14:42:19"}
{"level":"info","message":"GET /api/v1/monitoring/stats 200","timestamp":"2026-06-22 14:42:24"}
{"level":"info","message":"GET /api/v1/monitoring/stats 200","timestamp":"2026-06-22 14:42:26"}
{"level":"info","message":"GET /api/v1/monitoring/stats 200","timestamp":"2026-06-22 14:42:29"}
{"level":"info","message":"GET /api/v1/monitoring/stats 200","timestamp":"2026-06-22 14:42:34"}
{"level":"info","message":"GET /api/v1/monitoring/stats 200","timestamp":"2026-06-22 14:42:39"}
{"level":"info","message":"GET /api/v1/monitoring/stats 200","timestamp":"2026-06-22 14:42:44"}
{"level":"info","message":"GET /api/v1/monitoring/stats 200","timestamp":"2026-06-22 14:42:49"}
{"level":"info","message":"GET /api/v1/monitoring/stats 200","timestamp":"2026-06-22 14:42:54"}
{"level":"info","message":"GET /api/v1/monitoring/stats 200","timestamp":"2026-06-22 14:42:59"}
{"level":"info","message":"GET /api/v1/monitoring/stats 200","timestamp":"2026-06-22 14:43:04"}
{"level":"info","message":"GET /api/v1/monitoring/stats 200","timestamp":"2026-06-22 14:43:09"}
{"level":"info","message":"GET /api/v1/monitoring/stats 200","timestamp":"2026-06-22 14:43:14"}
{"level":"info","message":"GET /api/v1/monitoring/stats 200","timestamp":"2026-06-22 14:43:19"}
{"level":"info","message":"GET /api/v1/monitoring/stats 200","timestamp":"2026-06-22 14:43:24"}
{"level":"info","message":"GET /api/v1/monitoring/stats 200","timestamp":"2026-06-22 14:43:26"}
{"level":"info","message":"GET /api/v1/monitoring/stats 200","timestamp":"2026-06-22 14:43:29"}
{"level":"info","message":"GET /api/v1/monitoring/stats 200","timestamp":"2026-06-22 14:43:34"}
{"level":"info","message":"GET /api/v1/monitoring/stats 200","timestamp":"2026-06-22 14:43:39"}
{"level":"info","message":"GET /api/v1/monitoring/stats 200","timestamp":"2026-06-22 14:43:44"}
{"level":"info","message":"GET /api/v1/monitoring/stats 200","timestamp":"2026-06-22 14:43:49"}
{"level":"info","message":"GET /api/v1/monitoring/stats 200","timestamp":"2026-06-22 14:43:52"}
{"level":"info","message":"GET /api/v1/monitoring/stats 200","timestamp":"2026-06-22 14:43:54"}
{"level":"info","message":"GET /api/v1/monitoring/stats 200","timestamp":"2026-06-22 14:43:56"}
{"level":"info","message":"GET /api/v1/monitoring/stats 200","timestamp":"2026-06-22 14:43:59"}
{"level":"info","message":"GET /api/v1/monitoring/stats 200","timestamp":"2026-06-22 14:44:02"}
{"level":"info","message":"GET /api/v1/monitoring/stats 200","timestamp":"2026-06-22 14:44:04"}
{"level":"info","message":"GET /api/v1/monitoring/stats 200","timestamp":"2026-06-22 14:44:07"}
{"level":"info","message":"GET /api/v1/monitoring/stats 200","timestamp":"2026-06-22 14:44:09"}
{"level":"info","message":"GET /api/v1/monitoring/stats 200","timestamp":"2026-06-22 14:44:12"}
{"level":"info","message":"GET /api/v1/monitoring/stats 200","timestamp":"2026-06-22 14:44:14"}
{"level":"info","message":"GET /api/v1/monitoring/stats 200","timestamp":"2026-06-22 14:44:17"}
{"level":"info","message":"GET /api/v1/monitoring/stats 200","timestamp":"2026-06-22 14:44:19"}
{"level":"info","message":"GET /api/v1/monitoring/stats 200","timestamp":"2026-06-22 14:44:22"}
{"level":"info","message":"GET /api/v1/monitoring/stats 200","timestamp":"2026-06-22 14:44:24"}
{"level":"info","message":"GET /api/v1/monitoring/stats 200","timestamp":"2026-06-22 14:44:27"}
{"level":"info","message":"GET /api/v1/monitoring/stats 200","timestamp":"2026-06-22 14:44:29"}
{"level":"info","message":"GET /api/v1/monitoring/stats 200","timestamp":"2026-06-22 14:44:32"}
{"level":"info","message":"GET /api/v1/monitoring/stats 200","timestamp":"2026-06-22 14:44:34"}
{"level":"info","message":"GET /api/v1/monitoring/stats 200","timestamp":"2026-06-22 14:44:37"}
{"level":"info","message":"GET /api/v1/monitoring/stats 200","timestamp":"2026-06-22 14:44:39"}
{"level":"info","message":"GET /api/v1/monitoring/stats 200","timestamp":"2026-06-22 14:44:42"}
{"level":"info","message":"GET /api/v1/monitoring/stats 200","timestamp":"2026-06-22 14:44:44"}
{"level":"info","message":"GET /api/v1/monitoring/stats 200","timestamp":"2026-06-22 14:44:47"}
{"level":"info","message":"GET /api/v1/monitoring/stats 200","timestamp":"2026-06-22 14:44:49"}
{"level":"info","message":"GET /api/v1/monitoring/stats 200","timestamp":"2026-06-22 14:44:52"}
{"level":"info","message":"GET /api/v1/monitoring/stats 200","timestamp":"2026-06-22 14:44:54"}
{"level":"info","message":"GET /api/v1/monitoring/stats 200","timestamp":"2026-06-22 14:44:59"}
{"level":"info","message":"GET /api/v1/monitoring/stats 200","timestamp":"2026-06-22 14:45:04"}
{"level":"info","message":"GET /api/v1/monitoring/stats 200","timestamp":"2026-06-22 14:45:09"}
{"level":"info","message":"GET /api/v1/monitoring/stats 200","timestamp":"2026-06-22 14:45:14"}
{"level":"info","message":"GET /api/v1/monitoring/stats 200","timestamp":"2026-06-22 14:45:19"}
{"level":"info","message":"GET /api/v1/monitoring/stats 200","timestamp":"2026-06-22 14:45:24"}
{"level":"info","message":"GET /api/v1/monitoring/stats 200","timestamp":"2026-06-22 14:45:26"}
{"level":"info","message":"GET /api/v1/monitoring/stats 200","timestamp":"2026-06-22 14:45:29"}
{"level":"info","message":"GET /api/v1/monitoring/stats 200","timestamp":"2026-06-22 14:45:34"}
{"level":"info","message":"GET /api/v1/monitoring/stats 200","timestamp":"2026-06-22 14:45:39"}
{"level":"info","message":"GET /api/v1/monitoring/stats 200","timestamp":"2026-06-22 14:45:44"}
{"level":"info","message":"GET /api/v1/monitoring/stats 200","timestamp":"2026-06-22 14:45:49"}
{"level":"info","message":"GET /api/v1/monitoring/stats 200","timestamp":"2026-06-22 14:45:54"}
{"level":"info","message":"GET /api/v1/monitoring/stats 200","timestamp":"2026-06-22 14:45:59"}
{"level":"info","message":"GET /api/v1/monitoring/stats 200","timestamp":"2026-06-22 14:46:04"}
{"level":"info","message":"GET /api/v1/monitoring/stats 200","timestamp":"2026-06-22 14:46:09"}
{"level":"info","message":"GET /api/v1/monitoring/stats 200","timestamp":"2026-06-22 14:46:14"}
{"level":"info","message":"GET /api/v1/monitoring/stats 200","timestamp":"2026-06-22 14:46:19"}
{"level":"info","message":"GET /api/v1/monitoring/stats 200","timestamp":"2026-06-22 14:46:24"}
{"level":"info","message":"GET /api/v1/monitoring/stats 200","timestamp":"2026-06-22 14:46:26"}
{"level":"info","message":"GET /api/v1/monitoring/stats 200","timestamp":"2026-06-22 14:46:29"}
{"level":"info","message":"GET /api/v1/monitoring/stats 200","timestamp":"2026-06-22 14:46:34"}
{"level":"info","message":"GET /api/v1/monitoring/stats 200","timestamp":"2026-06-22 14:46:39"}
{"level":"info","message":"GET /api/v1/monitoring/stats 200","timestamp":"2026-06-22 14:46:44"}
{"level":"info","message":"GET /api/v1/monitoring/stats 200","timestamp":"2026-06-22 14:46:49"}
{"level":"info","message":"GET /api/v1/monitoring/stats 200","timestamp":"2026-06-22 14:46:54"}
{"level":"info","message":"GET /api/v1/monitoring/stats 200","timestamp":"2026-06-22 14:46:59"}
{"level":"info","message":"GET /api/v1/monitoring/stats 200","timestamp":"2026-06-22 14:47:04"}
{"level":"info","message":"GET /api/v1/monitoring/stats 200","timestamp":"2026-06-22 14:47:09"}
{"level":"info","message":"GET /api/v1/monitoring/stats 200","timestamp":"2026-06-22 14:47:14"}
{"level":"info","message":"GET /api/v1/monitoring/stats 200","timestamp":"2026-06-22 14:47:19"}
{"level":"info","message":"GET /api/v1/monitoring/stats 200","timestamp":"2026-06-22 14:47:24"}
{"level":"info","message":"GET /api/v1/monitoring/stats 200","timestamp":"2026-06-22 14:47:26"}
{"level":"info","message":"GET /api/v1/monitoring/stats 200","timestamp":"2026-06-22 14:47:29"}
{"level":"info","message":"GET /api/v1/monitoring/stats 200","timestamp":"2026-06-22 14:47:34"}
{"level":"info","message":"GET /api/v1/monitoring/stats 200","timestamp":"2026-06-22 14:47:39"}
{"level":"info","message":"GET /api/v1/monitoring/stats 200","timestamp":"2026-06-22 14:47:44"}
{"level":"info","message":"GET /api/v1/monitoring/stats 200","timestamp":"2026-06-22 14:47:49"}
{"level":"info","message":"GET /api/v1/monitoring/stats 200","timestamp":"2026-06-22 14:47:54"}
{"level":"info","message":"GET /api/v1/monitoring/stats 200","timestamp":"2026-06-22 14:47:59"}
{"level":"info","message":"GET /api/v1/monitoring/stats 200","timestamp":"2026-06-22 14:48:04"}
{"level":"info","message":"GET /api/v1/monitoring/stats 200","timestamp":"2026-06-22 14:48:09"}
{"level":"info","message":"GET /api/v1/monitoring/stats 200","timestamp":"2026-06-22 14:48:14"}
{"level":"info","message":"GET /api/v1/monitoring/stats 200","timestamp":"2026-06-22 14:48:19"}
{"level":"info","message":"GET /api/v1/monitoring/stats 200","timestamp":"2026-06-22 14:48:24"}
{"level":"info","message":"GET /api/v1/monitoring/stats 200","timestamp":"2026-06-22 14:48:26"}
{"level":"info","message":"GET /api/v1/monitoring/stats 200","timestamp":"2026-06-22 14:48:29"}
{"level":"info","message":"GET /api/v1/monitoring/stats 200","timestamp":"2026-06-22 14:48:34"}
{"level":"info","message":"GET /api/v1/monitoring/stats 200","timestamp":"2026-06-22 14:48:39"}
{"level":"info","message":"GET /api/v1/monitoring/stats 200","timestamp":"2026-06-22 14:48:44"}
{"level":"info","message":"GET /api/v1/monitoring/stats 200","timestamp":"2026-06-22 14:48:49"}
{"level":"info","message":"GET /api/auth/profile 200","timestamp":"2026-06-22 14:48:49"}
{"level":"info","message":"GET /api/auth/profile 304","timestamp":"2026-06-22 14:48:49"}
{"level":"info","message":"Cache MISS: Fetching departments list from Database","timestamp":"2026-06-22 14:48:49"}
{"level":"info","message":"Cache MISS: Fetching skills list from Database","timestamp":"2026-06-22 14:48:49"}
{"level":"info","message":"GET /api/employees?limit=100 304","timestamp":"2026-06-22 14:48:49"}
{"level":"info","message":"GET /api/v1/monitoring/stats 200","timestamp":"2026-06-22 14:48:49"}
{"level":"info","message":"GET /api/employees?limit=100 304","timestamp":"2026-06-22 14:48:49"}
{"level":"info","message":"GET /api/v1/monitoring/stats 200","timestamp":"2026-06-22 14:48:49"}
{"level":"info","message":"GET /api/departments 304","timestamp":"2026-06-22 14:48:49"}
{"level":"info","message":"GET /api/skills 304","timestamp":"2026-06-22 14:48:49"}
{"level":"info","message":"Cache HIT: Serving departments list from Node-Cache","timestamp":"2026-06-22 14:48:49"}
{"level":"info","message":"GET /api/departments 304","timestamp":"2026-06-22 14:48:49"}
{"level":"info","message":"Cache HIT: Serving skills list from Node-Cache","timestamp":"2026-06-22 14:48:49"}
{"level":"info","message":"GET /api/skills 304","timestamp":"2026-06-22 14:48:49"}
{"level":"info","message":"GET /api/attendance/analytics 200","timestamp":"2026-06-22 14:48:49"}
{"level":"info","message":"GET /api/leaves/analytics 304","timestamp":"2026-06-22 14:48:49"}
{"level":"info","message":"GET /api/attendance/analytics 304","timestamp":"2026-06-22 14:48:49"}
{"level":"info","message":"GET /api/leaves/analytics 304","timestamp":"2026-06-22 14:48:49"}
{"level":"info","message":"GET /api/v1/monitoring/stats 200","timestamp":"2026-06-22 14:48:54"}
{"level":"info","message":"GET /api/v1/monitoring/stats 200","timestamp":"2026-06-22 14:48:54"}
{"level":"info","message":"GET /api/v1/monitoring/stats 200","timestamp":"2026-06-22 14:48:59"}
{"level":"info","message":"GET /api/v1/monitoring/stats 200","timestamp":"2026-06-22 14:48:59"}
{"level":"info","message":"GET /api/v1/monitoring/stats 200","timestamp":"2026-06-22 14:49:04"}
{"level":"info","message":"GET /api/v1/monitoring/stats 200","timestamp":"2026-06-22 14:49:04"}
{"level":"info","message":"GET /api/v1/monitoring/stats 200","timestamp":"2026-06-22 14:49:09"}
{"level":"info","message":"GET /api/v1/monitoring/stats 200","timestamp":"2026-06-22 14:49:09"}
{"level":"info","message":"GET /api/v1/monitoring/stats 200","timestamp":"2026-06-22 14:49:14"}
{"level":"info","message":"GET /api/v1/monitoring/stats 200","timestamp":"2026-06-22 14:49:14"}
{"level":"info","message":"GET /api/v1/monitoring/stats 200","timestamp":"2026-06-22 14:49:19"}
{"level":"info","message":"GET /api/v1/monitoring/stats 200","timestamp":"2026-06-22 14:49:19"}
{"level":"info","message":"GET /api/v1/monitoring/stats 200","timestamp":"2026-06-22 14:49:24"}
{"level":"info","message":"GET /api/v1/monitoring/stats 200","timestamp":"2026-06-22 14:49:24"}
{"level":"info","message":"GET /api/v1/monitoring/stats 200","timestamp":"2026-06-22 14:49:26"}
{"level":"info","message":"GET /api/v1/monitoring/stats 200","timestamp":"2026-06-22 14:49:29"}
{"level":"info","message":"GET /api/v1/monitoring/stats 200","timestamp":"2026-06-22 14:49:29"}
{"level":"info","message":"GET /api/v1/monitoring/stats 200","timestamp":"2026-06-22 14:49:34"}
{"level":"info","message":"GET /api/v1/monitoring/stats 200","timestamp":"2026-06-22 14:49:34"}
{"level":"info","message":"GET /api/v1/monitoring/stats 200","timestamp":"2026-06-22 14:49:39"}
{"level":"info","message":"GET /api/v1/monitoring/stats 200","timestamp":"2026-06-22 14:49:39"}
{"level":"info","message":"GET /api/v1/monitoring/stats 200","timestamp":"2026-06-22 14:49:44"}
{"level":"info","message":"GET /api/v1/monitoring/stats 200","timestamp":"2026-06-22 14:49:44"}
{"level":"info","message":"GET /api/v1/monitoring/stats 200","timestamp":"2026-06-22 14:49:49"}
{"level":"info","message":"GET /api/v1/monitoring/stats 200","timestamp":"2026-06-22 14:49:49"}
{"level":"info","message":"GET /api/v1/monitoring/stats 200","timestamp":"2026-06-22 14:49:54"}
{"level":"info","message":"GET /api/v1/monitoring/stats 200","timestamp":"2026-06-22 14:49:54"}
{"level":"info","message":"GET /api/v1/monitoring/stats 200","timestamp":"2026-06-22 14:49:59"}
{"level":"info","message":"GET /api/v1/monitoring/stats 200","timestamp":"2026-06-22 14:49:59"}
{"level":"info","message":"GET /api/v1/monitoring/stats 200","timestamp":"2026-06-22 14:50:04"}
{"level":"info","message":"GET /api/v1/monitoring/stats 200","timestamp":"2026-06-22 14:50:04"}
{"level":"info","message":"GET /api/v1/monitoring/stats 200","timestamp":"2026-06-22 14:50:09"}
{"level":"info","message":"GET /api/v1/monitoring/stats 200","timestamp":"2026-06-22 14:50:09"}
{"level":"info","message":"Cache HIT: Serving departments list from Node-Cache","timestamp":"2026-06-22 14:50:09"}
{"level":"info","message":"GET /api/departments 304","timestamp":"2026-06-22 14:50:09"}
{"level":"info","message":"Cache HIT: Serving skills list from Node-Cache","timestamp":"2026-06-22 14:50:09"}
{"level":"info","message":"GET /api/skills 304","timestamp":"2026-06-22 14:50:09"}
{"level":"info","message":"Cache HIT: Serving departments list from Node-Cache","timestamp":"2026-06-22 14:50:09"}
{"level":"info","message":"GET /api/departments 304","timestamp":"2026-06-22 14:50:09"}
{"level":"info","message":"GET /api/employees 200","timestamp":"2026-06-22 14:50:09"}
{"level":"info","message":"Cache HIT: Serving skills list from Node-Cache","timestamp":"2026-06-22 14:50:09"}
{"level":"info","message":"GET /api/skills 304","timestamp":"2026-06-22 14:50:09"}
{"level":"info","message":"GET /api/employees 304","timestamp":"2026-06-22 14:50:09"}
{"level":"info","message":"GET /api/auth/profile 304","timestamp":"2026-06-22 14:50:09"}
{"level":"info","message":"GET /api/auth/profile 304","timestamp":"2026-06-22 14:50:10"}
{"level":"warn","message":"GET /api/users — 404: Route Not Found — /api/users","timestamp":"2026-06-22 14:50:10"}
{"level":"info","message":"GET /api/users 404","timestamp":"2026-06-22 14:50:10"}
{"level":"warn","message":"GET /api/users — 404: Route Not Found — /api/users","timestamp":"2026-06-22 14:50:10"}
{"level":"info","message":"GET /api/users 404","timestamp":"2026-06-22 14:50:10"}
{"level":"info","message":"GET /api/v1/monitoring/stats 200","timestamp":"2026-06-22 14:50:14"}
{"level":"info","message":"GET /api/v1/monitoring/stats 200","timestamp":"2026-06-22 14:50:19"}
{"level":"info","message":"GET /api/v1/monitoring/stats 200","timestamp":"2026-06-22 14:50:24"}
{"level":"info","message":"GET /api/v1/monitoring/stats 200","timestamp":"2026-06-22 14:50:26"}
{"level":"info","message":"Cache HIT: Serving departments list from Node-Cache","timestamp":"2026-06-22 14:50:27"}
{"level":"info","message":"GET /api/departments 304","timestamp":"2026-06-22 14:50:27"}
{"level":"info","message":"Cache HIT: Serving skills list from Node-Cache","timestamp":"2026-06-22 14:50:27"}
{"level":"info","message":"GET /api/skills 304","timestamp":"2026-06-22 14:50:27"}
{"level":"info","message":"Cache HIT: Serving departments list from Node-Cache","timestamp":"2026-06-22 14:50:27"}
{"level":"info","message":"GET /api/departments 304","timestamp":"2026-06-22 14:50:27"}
{"level":"info","message":"Cache HIT: Serving skills list from Node-Cache","timestamp":"2026-06-22 14:50:27"}
{"level":"info","message":"GET /api/skills 304","timestamp":"2026-06-22 14:50:27"}
{"level":"info","message":"GET /api/employees?limit=100 304","timestamp":"2026-06-22 14:50:27"}
{"level":"info","message":"GET /api/employees?limit=100 304","timestamp":"2026-06-22 14:50:27"}
{"level":"info","message":"GET /api/attendance/analytics 304","timestamp":"2026-06-22 14:50:27"}
{"level":"info","message":"GET /api/leaves/analytics 304","timestamp":"2026-06-22 14:50:27"}
{"level":"info","message":"GET /api/v1/monitoring/stats 200","timestamp":"2026-06-22 14:50:27"}
{"level":"info","message":"GET /api/attendance/analytics 304","timestamp":"2026-06-22 14:50:27"}
{"level":"info","message":"GET /api/leaves/analytics 304","timestamp":"2026-06-22 14:50:27"}
{"level":"info","message":"GET /api/v1/monitoring/stats 200","timestamp":"2026-06-22 14:50:27"}
{"level":"info","message":"GET /api/v1/monitoring/stats 200","timestamp":"2026-06-22 14:50:29"}
{"level":"info","message":"GET /api/v1/monitoring/stats 200","timestamp":"2026-06-22 14:50:32"}
{"level":"info","message":"GET /api/v1/monitoring/stats 200","timestamp":"2026-06-22 14:50:34"}
{"level":"info","message":"GET /api/v1/monitoring/stats 200","timestamp":"2026-06-22 14:50:37"}
{"level":"info","message":"GET /api/v1/monitoring/stats 200","timestamp":"2026-06-22 14:50:39"}
{"level":"info","message":"GET /api/v1/monitoring/stats 200","timestamp":"2026-06-22 14:50:42"}
{"level":"info","message":"GET /api/v1/monitoring/stats 200","timestamp":"2026-06-22 14:50:44"}
{"level":"info","message":"GET /api/v1/monitoring/stats 200","timestamp":"2026-06-22 14:50:47"}
{"level":"info","message":"GET /api/v1/monitoring/stats 200","timestamp":"2026-06-22 14:50:49"}
{"level":"info","message":"GET /api/v1/monitoring/stats 200","timestamp":"2026-06-22 14:50:52"}
{"level":"info","message":"GET /api/v1/monitoring/stats 200","timestamp":"2026-06-22 14:50:54"}
{"level":"info","message":"GET /api/v1/monitoring/stats 200","timestamp":"2026-06-22 14:50:57"}
{"level":"info","message":"GET /api/v1/monitoring/stats 200","timestamp":"2026-06-22 14:50:59"}
{"level":"info","message":"GET /api/v1/monitoring/stats 200","timestamp":"2026-06-22 14:51:02"}
{"level":"info","message":"GET /api/v1/monitoring/stats 200","timestamp":"2026-06-22 14:51:04"}
{"level":"info","message":"GET /api/v1/monitoring/stats 200","timestamp":"2026-06-22 14:51:07"}
{"level":"info","message":"GET /api/v1/monitoring/stats 200","timestamp":"2026-06-22 14:51:09"}
{"level":"info","message":"GET /api/v1/monitoring/stats 200","timestamp":"2026-06-22 14:51:12"}
{"level":"info","message":"GET /api/v1/monitoring/stats 200","timestamp":"2026-06-22 14:51:14"}
{"level":"info","message":"GET /api/v1/monitoring/stats 200","timestamp":"2026-06-22 14:51:17"}
{"level":"info","message":"GET /api/v1/monitoring/stats 200","timestamp":"2026-06-22 14:51:19"}
{"level":"info","message":"GET /api/v1/monitoring/stats 200","timestamp":"2026-06-22 14:51:22"}
{"level":"info","message":"GET /api/v1/monitoring/stats 200","timestamp":"2026-06-22 14:51:24"}
{"level":"info","message":"GET /api/v1/monitoring/stats 200","timestamp":"2026-06-22 14:51:26"}
{"level":"info","message":"GET /api/v1/monitoring/stats 200","timestamp":"2026-06-22 14:51:27"}
{"level":"info","message":"GET /api/v1/monitoring/stats 200","timestamp":"2026-06-22 14:51:29"}
{"level":"info","message":"GET /api/v1/monitoring/stats 200","timestamp":"2026-06-22 14:51:34"}
{"level":"info","message":"GET /api/v1/monitoring/stats 200","timestamp":"2026-06-22 14:51:39"}
{"level":"info","message":"GET /api/v1/monitoring/stats 200","timestamp":"2026-06-22 14:51:44"}
{"level":"info","message":"GET /api/v1/monitoring/stats 200","timestamp":"2026-06-22 14:51:49"}
{"level":"info","message":"GET /api/v1/monitoring/stats 200","timestamp":"2026-06-22 14:51:54"}
{"level":"info","message":"GET /api/v1/monitoring/stats 200","timestamp":"2026-06-22 14:51:59"}
{"level":"info","message":"GET /api/v1/monitoring/stats 200","timestamp":"2026-06-22 14:52:04"}
{"level":"info","message":"GET /api/v1/monitoring/stats 200","timestamp":"2026-06-22 14:52:09"}
{"level":"info","message":"GET /api/v1/monitoring/stats 200","timestamp":"2026-06-22 14:52:14"}
{"level":"info","message":"GET /api/v1/monitoring/stats 200","timestamp":"2026-06-22 14:52:19"}
{"level":"info","message":"GET /api/v1/monitoring/stats 200","timestamp":"2026-06-22 14:52:24"}
{"level":"info","message":"GET /api/v1/monitoring/stats 200","timestamp":"2026-06-22 14:52:26"}
{"level":"info","message":"GET /api/v1/monitoring/stats 200","timestamp":"2026-06-22 14:52:26"}
{"level":"info","message":"GET /api/v1/monitoring/stats 200","timestamp":"2026-06-22 14:52:29"}
{"level":"info","message":"GET /api/v1/monitoring/stats 200","timestamp":"2026-06-22 14:52:34"}
{"level":"info","message":"GET /api/v1/monitoring/stats 200","timestamp":"2026-06-22 14:52:39"}
{"level":"info","message":"GET /api/v1/monitoring/stats 200","timestamp":"2026-06-22 14:52:44"}
{"level":"info","message":"GET /api/v1/monitoring/stats 200","timestamp":"2026-06-22 14:52:49"}
{"level":"info","message":"GET /api/v1/monitoring/stats 200","timestamp":"2026-06-22 14:52:54"}
{"level":"info","message":"GET /api/v1/monitoring/stats 200","timestamp":"2026-06-22 14:52:59"}
{"level":"info","message":"GET /api/v1/monitoring/stats 200","timestamp":"2026-06-22 14:53:04"}
{"level":"info","message":"GET /api/v1/monitoring/stats 200","timestamp":"2026-06-22 14:53:09"}
{"level":"info","message":"GET /api/v1/monitoring/stats 200","timestamp":"2026-06-22 14:53:14"}
{"level":"info","message":"GET /api/v1/monitoring/stats 200","timestamp":"2026-06-22 14:53:19"}
{"level":"info","message":"GET /api/v1/monitoring/stats 200","timestamp":"2026-06-22 14:53:24"}
{"level":"info","message":"GET /api/v1/monitoring/stats 200","timestamp":"2026-06-22 14:53:26"}
{"level":"info","message":"GET /api/v1/monitoring/stats 200","timestamp":"2026-06-22 14:53:26"}
{"level":"info","message":"GET /api/v1/monitoring/stats 200","timestamp":"2026-06-22 14:53:29"}
{"level":"info","message":"GET /api/v1/monitoring/stats 200","timestamp":"2026-06-22 14:53:34"}
{"level":"info","message":"GET /api/v1/monitoring/stats 200","timestamp":"2026-06-22 14:53:39"}
{"level":"info","message":"GET /api/v1/monitoring/stats 200","timestamp":"2026-06-22 14:53:44"}
{"level":"info","message":"GET /api/v1/monitoring/stats 200","timestamp":"2026-06-22 14:53:49"}
{"level":"info","message":"GET /api/v1/monitoring/stats 200","timestamp":"2026-06-22 14:53:54"}
{"level":"info","message":"GET /api/v1/monitoring/stats 200","timestamp":"2026-06-22 14:53:59"}
{"level":"info","message":"GET /api/v1/monitoring/stats 200","timestamp":"2026-06-22 14:54:04"}
{"level":"info","message":"GET /api/v1/monitoring/stats 200","timestamp":"2026-06-22 14:54:09"}
{"level":"info","message":"GET /api/v1/monitoring/stats 200","timestamp":"2026-06-22 14:54:14"}
{"level":"info","message":"GET /api/v1/monitoring/stats 200","timestamp":"2026-06-22 14:54:19"}
{"level":"info","message":"GET /api/v1/monitoring/stats 200","timestamp":"2026-06-22 14:54:24"}
{"level":"info","message":"GET /api/v1/monitoring/stats 200","timestamp":"2026-06-22 14:54:26"}
{"level":"info","message":"GET /api/v1/monitoring/stats 200","timestamp":"2026-06-22 14:54:26"}
{"level":"info","message":"GET /api/v1/monitoring/stats 200","timestamp":"2026-06-22 14:54:29"}
{"level":"info","message":"GET /api/v1/monitoring/stats 200","timestamp":"2026-06-22 14:54:34"}
{"level":"info","message":"GET /api/v1/monitoring/stats 200","timestamp":"2026-06-22 14:54:39"}
{"level":"info","message":"GET /api/v1/monitoring/stats 200","timestamp":"2026-06-22 14:54:44"}
{"level":"info","message":"GET /api/v1/monitoring/stats 200","timestamp":"2026-06-22 14:54:49"}
{"level":"info","message":"GET /api/v1/monitoring/stats 200","timestamp":"2026-06-22 14:54:54"}
{"level":"info","message":"GET /api/v1/monitoring/stats 200","timestamp":"2026-06-22 14:54:59"}
{"level":"info","message":"GET /api/v1/monitoring/stats 200","timestamp":"2026-06-22 14:55:04"}
{"level":"info","message":"GET /api/v1/monitoring/stats 200","timestamp":"2026-06-22 14:55:09"}
{"level":"info","message":"GET /api/v1/monitoring/stats 200","timestamp":"2026-06-22 14:55:14"}
{"level":"info","message":"GET /api/v1/monitoring/stats 200","timestamp":"2026-06-22 14:55:19"}
{"level":"info","message":"GET /api/v1/monitoring/stats 200","timestamp":"2026-06-22 14:55:24"}
{"level":"info","message":"GET /api/v1/monitoring/stats 200","timestamp":"2026-06-22 14:55:26"}
{"level":"info","message":"GET /api/v1/monitoring/stats 200","timestamp":"2026-06-22 14:55:26"}
{"level":"info","message":"GET /api/v1/monitoring/stats 200","timestamp":"2026-06-22 14:55:29"}
{"level":"info","message":"GET /api/v1/monitoring/stats 200","timestamp":"2026-06-22 14:55:34"}
{"level":"info","message":"GET /api/v1/monitoring/stats 200","timestamp":"2026-06-22 14:55:39"}
{"level":"info","message":"GET /api/v1/monitoring/stats 200","timestamp":"2026-06-22 14:55:44"}
{"level":"info","message":"GET /api/v1/monitoring/stats 200","timestamp":"2026-06-22 14:55:49"}
{"level":"info","message":"GET /api/v1/monitoring/stats 200","timestamp":"2026-06-22 14:55:54"}
{"level":"info","message":"GET /api/v1/monitoring/stats 200","timestamp":"2026-06-22 14:55:59"}
{"level":"info","message":"GET /api/v1/monitoring/stats 200","timestamp":"2026-06-22 14:56:04"}
{"level":"info","message":"GET /api/v1/monitoring/stats 200","timestamp":"2026-06-22 14:56:09"}
{"level":"info","message":"GET /api/v1/monitoring/stats 200","timestamp":"2026-06-22 14:56:14"}
{"level":"info","message":"GET /api/v1/monitoring/stats 200","timestamp":"2026-06-22 14:56:19"}
{"level":"info","message":"GET /api/v1/monitoring/stats 200","timestamp":"2026-06-22 14:56:24"}
{"level":"info","message":"GET /api/v1/monitoring/stats 200","timestamp":"2026-06-22 14:56:26"}
{"level":"info","message":"GET /api/v1/monitoring/stats 200","timestamp":"2026-06-22 14:56:26"}
{"level":"info","message":"GET /api/v1/monitoring/stats 200","timestamp":"2026-06-22 14:56:29"}
{"level":"info","message":"GET /api/v1/monitoring/stats 200","timestamp":"2026-06-22 14:56:34"}
{"level":"info","message":"GET /api/v1/monitoring/stats 200","timestamp":"2026-06-22 14:56:39"}
{"level":"info","message":"GET /api/v1/monitoring/stats 200","timestamp":"2026-06-22 14:56:44"}
{"level":"info","message":"GET /api/v1/monitoring/stats 200","timestamp":"2026-06-22 14:56:49"}
{"level":"info","message":"GET /api/v1/monitoring/stats 200","timestamp":"2026-06-22 14:56:54"}
{"level":"info","message":"GET /api/v1/monitoring/stats 200","timestamp":"2026-06-22 14:56:59"}
{"level":"info","message":"GET /api/v1/monitoring/stats 200","timestamp":"2026-06-22 14:57:04"}
{"level":"info","message":"GET /api/v1/monitoring/stats 200","timestamp":"2026-06-22 14:57:09"}
{"level":"info","message":"GET /api/v1/monitoring/stats 200","timestamp":"2026-06-22 14:57:14"}
{"level":"info","message":"GET /api/v1/monitoring/stats 200","timestamp":"2026-06-22 14:57:19"}
{"level":"info","message":"GET /api/v1/monitoring/stats 200","timestamp":"2026-06-22 14:57:24"}
{"level":"info","message":"GET /api/v1/monitoring/stats 200","timestamp":"2026-06-22 14:57:26"}
{"level":"info","message":"GET /api/v1/monitoring/stats 200","timestamp":"2026-06-22 14:57:26"}
{"level":"info","message":"GET /api/v1/monitoring/stats 200","timestamp":"2026-06-22 14:57:29"}
{"level":"info","message":"GET /api/v1/monitoring/stats 200","timestamp":"2026-06-22 14:57:34"}
{"level":"info","message":"GET /api/v1/monitoring/stats 200","timestamp":"2026-06-22 14:57:39"}
{"level":"info","message":"GET /api/v1/monitoring/stats 200","timestamp":"2026-06-22 14:57:44"}
{"level":"info","message":"GET /api/v1/monitoring/stats 200","timestamp":"2026-06-22 14:57:49"}
{"level":"info","message":"GET /api/v1/monitoring/stats 200","timestamp":"2026-06-22 14:57:54"}
{"level":"info","message":"GET /api/v1/monitoring/stats 200","timestamp":"2026-06-22 14:57:59"}
{"level":"info","message":"GET /api/v1/monitoring/stats 200","timestamp":"2026-06-22 14:58:04"}
{"level":"info","message":"GET /api/v1/monitoring/stats 200","timestamp":"2026-06-22 14:58:09"}
{"level":"info","message":"GET /api/v1/monitoring/stats 200","timestamp":"2026-06-22 14:58:14"}
{"level":"info","message":"GET /api/v1/monitoring/stats 200","timestamp":"2026-06-22 14:58:19"}
{"level":"info","message":"GET /api/v1/monitoring/stats 200","timestamp":"2026-06-22 14:58:24"}
{"level":"info","message":"GET /api/v1/monitoring/stats 200","timestamp":"2026-06-22 14:58:27"}
{"level":"info","message":"GET /api/v1/monitoring/stats 200","timestamp":"2026-06-22 14:58:27"}
{"level":"info","message":"GET /api/v1/monitoring/stats 200","timestamp":"2026-06-22 14:58:29"}
{"level":"info","message":"GET /api/v1/monitoring/stats 200","timestamp":"2026-06-22 14:58:34"}
{"level":"info","message":"GET /api/v1/monitoring/stats 200","timestamp":"2026-06-22 14:58:39"}
{"level":"info","message":"GET /api/v1/monitoring/stats 200","timestamp":"2026-06-22 14:58:44"}
{"level":"info","message":"GET /api/v1/monitoring/stats 200","timestamp":"2026-06-22 14:58:49"}
{"level":"info","message":"GET /api/v1/monitoring/stats 200","timestamp":"2026-06-22 14:58:54"}
{"level":"info","message":"GET /api/v1/monitoring/stats 200","timestamp":"2026-06-22 14:58:59"}
{"level":"info","message":"GET /api/v1/monitoring/stats 200","timestamp":"2026-06-22 14:59:04"}
{"level":"info","message":"GET /api/v1/monitoring/stats 200","timestamp":"2026-06-22 14:59:09"}
{"level":"info","message":"GET /api/v1/monitoring/stats 200","timestamp":"2026-06-22 14:59:14"}
{"level":"info","message":"GET /api/v1/monitoring/stats 200","timestamp":"2026-06-22 14:59:19"}
{"level":"info","message":"GET /api/v1/monitoring/stats 200","timestamp":"2026-06-22 14:59:24"}
{"level":"info","message":"GET /api/v1/monitoring/stats 200","timestamp":"2026-06-22 14:59:26"}
{"level":"info","message":"GET /api/v1/monitoring/stats 200","timestamp":"2026-06-22 14:59:26"}
{"level":"info","message":"GET /api/v1/monitoring/stats 200","timestamp":"2026-06-22 14:59:29"}
{"level":"info","message":"GET /api/v1/monitoring/stats 200","timestamp":"2026-06-22 14:59:34"}
{"level":"info","message":"GET /api/v1/monitoring/stats 200","timestamp":"2026-06-22 14:59:39"}
{"level":"info","message":"GET /api/v1/monitoring/stats 200","timestamp":"2026-06-22 14:59:44"}
{"level":"info","message":"GET /api/v1/monitoring/stats 200","timestamp":"2026-06-22 14:59:49"}
{"level":"info","message":"GET /api/v1/monitoring/stats 200","timestamp":"2026-06-22 14:59:54"}
{"level":"info","message":"GET /api/v1/monitoring/stats 200","timestamp":"2026-06-22 14:59:59"}
{"level":"info","message":"GET /api/v1/monitoring/stats 200","timestamp":"2026-06-22 15:00:04"}
{"level":"info","message":"GET /api/v1/monitoring/stats 200","timestamp":"2026-06-22 15:00:09"}
{"level":"info","message":"GET /api/v1/monitoring/stats 200","timestamp":"2026-06-22 15:00:14"}
{"level":"info","message":"GET /api/v1/monitoring/stats 200","timestamp":"2026-06-22 15:00:19"}
{"level":"info","message":"GET /api/v1/monitoring/stats 200","timestamp":"2026-06-22 15:00:24"}
{"level":"info","message":"GET /api/v1/monitoring/stats 200","timestamp":"2026-06-22 15:00:26"}
{"level":"info","message":"GET /api/v1/monitoring/stats 200","timestamp":"2026-06-22 15:00:26"}
{"level":"info","message":"GET /api/v1/monitoring/stats 200","timestamp":"2026-06-22 15:00:29"}
{"level":"info","message":"GET /api/v1/monitoring/stats 200","timestamp":"2026-06-22 15:00:34"}
{"level":"info","message":"GET /api/v1/monitoring/stats 200","timestamp":"2026-06-22 15:00:39"}
{"level":"info","message":"GET /api/v1/monitoring/stats 200","timestamp":"2026-06-22 15:00:44"}
{"level":"info","message":"GET /api/v1/monitoring/stats 200","timestamp":"2026-06-22 15:00:49"}
{"level":"info","message":"GET /api/v1/monitoring/stats 200","timestamp":"2026-06-22 15:00:54"}
{"level":"info","message":"GET /api/v1/monitoring/stats 200","timestamp":"2026-06-22 15:00:59"}
{"level":"info","message":"GET /api/v1/monitoring/stats 200","timestamp":"2026-06-22 15:01:04"}
{"level":"info","message":"GET /api/v1/monitoring/stats 200","timestamp":"2026-06-22 15:01:09"}
{"level":"info","message":"GET /api/v1/monitoring/stats 200","timestamp":"2026-06-22 15:01:14"}
{"level":"info","message":"GET /api/v1/monitoring/stats 200","timestamp":"2026-06-22 15:01:19"}
{"level":"info","message":"GET /api/v1/monitoring/stats 200","timestamp":"2026-06-22 15:01:24"}
{"level":"info","message":"GET /api/v1/monitoring/stats 200","timestamp":"2026-06-22 15:01:26"}
{"level":"info","message":"GET /api/v1/monitoring/stats 200","timestamp":"2026-06-22 15:01:26"}
{"level":"info","message":"GET /api/v1/monitoring/stats 200","timestamp":"2026-06-22 15:01:29"}
{"level":"info","message":"GET /api/v1/monitoring/stats 200","timestamp":"2026-06-22 15:01:34"}
{"level":"info","message":"GET /api/v1/monitoring/stats 200","timestamp":"2026-06-22 15:01:39"}
{"level":"info","message":"GET /api/v1/monitoring/stats 200","timestamp":"2026-06-22 15:01:44"}
{"level":"info","message":"GET /api/v1/monitoring/stats 200","timestamp":"2026-06-22 15:01:49"}
{"level":"info","message":"GET /api/v1/monitoring/stats 200","timestamp":"2026-06-22 15:01:54"}
{"level":"info","message":"GET /api/v1/monitoring/stats 200","timestamp":"2026-06-22 15:01:59"}
{"level":"info","message":"GET /api/v1/monitoring/stats 200","timestamp":"2026-06-22 15:02:04"}
{"level":"info","message":"GET /api/v1/monitoring/stats 200","timestamp":"2026-06-22 15:02:09"}
{"level":"info","message":"GET /api/v1/monitoring/stats 200","timestamp":"2026-06-22 15:02:14"}
{"level":"info","message":"GET /api/v1/monitoring/stats 200","timestamp":"2026-06-22 15:02:19"}
{"level":"info","message":"GET /api/v1/monitoring/stats 200","timestamp":"2026-06-22 15:02:24"}
{"level":"info","message":"GET /api/v1/monitoring/stats 200","timestamp":"2026-06-22 15:02:26"}
{"level":"info","message":"GET /api/v1/monitoring/stats 200","timestamp":"2026-06-22 15:02:27"}
{"level":"info","message":"GET /api/v1/monitoring/stats 200","timestamp":"2026-06-22 15:02:29"}
{"level":"info","message":"GET /api/v1/monitoring/stats 200","timestamp":"2026-06-22 15:02:34"}
{"level":"info","message":"GET /api/v1/monitoring/stats 200","timestamp":"2026-06-22 15:02:39"}
{"level":"info","message":"GET /api/v1/monitoring/stats 200","timestamp":"2026-06-22 15:02:44"}
{"level":"info","message":"GET /api/v1/monitoring/stats 200","timestamp":"2026-06-22 15:02:49"}
{"level":"info","message":"GET /api/v1/monitoring/stats 200","timestamp":"2026-06-22 15:02:54"}
{"level":"info","message":"GET /api/v1/monitoring/stats 200","timestamp":"2026-06-22 15:02:59"}
{"level":"info","message":"GET /api/v1/monitoring/stats 200","timestamp":"2026-06-22 15:03:04"}
{"level":"info","message":"GET /api/v1/monitoring/stats 200","timestamp":"2026-06-22 15:03:09"}
{"level":"info","message":"GET /api/v1/monitoring/stats 200","timestamp":"2026-06-22 15:03:14"}
{"level":"info","message":"GET /api/v1/monitoring/stats 200","timestamp":"2026-06-22 15:03:19"}
{"level":"info","message":"GET /api/v1/monitoring/stats 200","timestamp":"2026-06-22 15:03:24"}
{"level":"info","message":"GET /api/v1/monitoring/stats 200","timestamp":"2026-06-22 15:03:26"}
{"level":"info","message":"GET /api/v1/monitoring/stats 200","timestamp":"2026-06-22 15:03:26"}
{"level":"info","message":"GET /api/v1/monitoring/stats 200","timestamp":"2026-06-22 15:03:29"}
{"level":"info","message":"GET /api/v1/monitoring/stats 200","timestamp":"2026-06-22 15:03:34"}
{"level":"info","message":"GET /api/v1/monitoring/stats 200","timestamp":"2026-06-22 15:03:39"}
{"level":"info","message":"GET /api/v1/monitoring/stats 200","timestamp":"2026-06-22 15:03:44"}
{"level":"info","message":"GET /api/v1/monitoring/stats 200","timestamp":"2026-06-22 15:03:48"}
{"level":"info","message":"GET /api/v1/monitoring/stats 200","timestamp":"2026-06-22 15:03:49"}
{"level":"info","message":"GET /api/v1/monitoring/stats 200","timestamp":"2026-06-22 15:03:52"}
{"level":"info","message":"GET /api/v1/monitoring/stats 200","timestamp":"2026-06-22 15:03:54"}
{"level":"info","message":"GET /api/v1/monitoring/stats 200","timestamp":"2026-06-22 15:03:57"}
{"level":"info","message":"GET /api/v1/monitoring/stats 200","timestamp":"2026-06-22 15:03:59"}
{"level":"info","message":"GET /api/v1/monitoring/stats 200","timestamp":"2026-06-22 15:04:02"}
{"level":"info","message":"GET /api/v1/monitoring/stats 200","timestamp":"2026-06-22 15:04:04"}
{"level":"info","message":"GET /api/v1/monitoring/stats 200","timestamp":"2026-06-22 15:04:07"}
{"level":"info","message":"GET /api/v1/monitoring/stats 200","timestamp":"2026-06-22 15:04:09"}
{"level":"info","message":"GET /api/v1/monitoring/stats 200","timestamp":"2026-06-22 15:04:12"}
{"level":"info","message":"GET /api/v1/monitoring/stats 200","timestamp":"2026-06-22 15:04:14"}
{"level":"info","message":"GET /api/v1/monitoring/stats 200","timestamp":"2026-06-22 15:04:17"}
{"level":"info","message":"GET /api/v1/monitoring/stats 200","timestamp":"2026-06-22 15:04:19"}
{"level":"info","message":"GET /api/v1/monitoring/stats 200","timestamp":"2026-06-22 15:04:22"}
{"level":"info","message":"GET /api/v1/monitoring/stats 200","timestamp":"2026-06-22 15:04:24"}
{"level":"info","message":"GET /api/v1/monitoring/stats 200","timestamp":"2026-06-22 15:04:26"}
{"level":"info","message":"GET /api/v1/monitoring/stats 200","timestamp":"2026-06-22 15:04:27"}
{"level":"info","message":"GET /api/v1/monitoring/stats 200","timestamp":"2026-06-22 15:04:29"}
{"level":"info","message":"GET /api/v1/monitoring/stats 200","timestamp":"2026-06-22 15:04:33"}
{"level":"info","message":"GET /api/v1/monitoring/stats 200","timestamp":"2026-06-22 15:04:34"}
{"level":"info","message":"GET /api/v1/monitoring/stats 200","timestamp":"2026-06-22 15:04:37"}
{"level":"info","message":"GET /api/v1/monitoring/stats 200","timestamp":"2026-06-22 15:04:39"}
{"level":"info","message":"GET /api/v1/monitoring/stats 200","timestamp":"2026-06-22 15:04:42"}
{"level":"info","message":"GET /api/v1/monitoring/stats 200","timestamp":"2026-06-22 15:04:44"}
{"level":"info","message":"GET /api/v1/monitoring/stats 200","timestamp":"2026-06-22 15:04:47"}
{"level":"info","message":"GET /api/v1/monitoring/stats 200","timestamp":"2026-06-22 15:04:49"}
{"level":"info","message":"GET /api/v1/monitoring/stats 200","timestamp":"2026-06-22 15:04:54"}
{"level":"info","message":"GET /api/v1/monitoring/stats 200","timestamp":"2026-06-22 15:04:59"}
{"level":"info","message":"GET /api/v1/monitoring/stats 200","timestamp":"2026-06-22 15:05:04"}
{"level":"info","message":"GET /api/v1/monitoring/stats 200","timestamp":"2026-06-22 15:05:09"}
{"level":"info","message":"GET /api/v1/monitoring/stats 200","timestamp":"2026-06-22 15:05:14"}
{"level":"info","message":"GET /api/v1/monitoring/stats 200","timestamp":"2026-06-22 15:05:19"}
{"level":"info","message":"GET /api/v1/monitoring/stats 200","timestamp":"2026-06-22 15:05:24"}
{"level":"info","message":"GET /api/v1/monitoring/stats 200","timestamp":"2026-06-22 15:05:26"}
{"level":"info","message":"GET /api/v1/monitoring/stats 200","timestamp":"2026-06-22 15:05:26"}
{"level":"info","message":"GET /api/v1/monitoring/stats 200","timestamp":"2026-06-22 15:05:29"}
{"level":"info","message":"GET /api/v1/monitoring/stats 200","timestamp":"2026-06-22 15:05:34"}
{"level":"info","message":"GET /api/v1/monitoring/stats 200","timestamp":"2026-06-22 15:05:39"}
{"level":"info","message":"GET /api/v1/monitoring/stats 200","timestamp":"2026-06-22 15:05:44"}
{"level":"info","message":"GET /api/v1/monitoring/stats 200","timestamp":"2026-06-22 15:05:49"}
{"level":"info","message":"GET /api/v1/monitoring/stats 200","timestamp":"2026-06-22 15:05:54"}
{"level":"info","message":"GET /api/v1/monitoring/stats 200","timestamp":"2026-06-22 15:05:59"}
{"level":"info","message":"GET /api/v1/monitoring/stats 200","timestamp":"2026-06-22 15:06:04"}
{"level":"info","message":"GET /api/v1/monitoring/stats 200","timestamp":"2026-06-22 15:06:09"}
{"level":"info","message":"GET /api/v1/monitoring/stats 200","timestamp":"2026-06-22 15:06:14"}
{"level":"info","message":"GET /api/v1/monitoring/stats 200","timestamp":"2026-06-22 15:06:19"}
{"level":"info","message":"GET /api/v1/monitoring/stats 200","timestamp":"2026-06-22 15:06:24"}
{"level":"info","message":"GET /api/v1/monitoring/stats 200","timestamp":"2026-06-22 15:06:26"}
{"level":"info","message":"GET /api/v1/monitoring/stats 200","timestamp":"2026-06-22 15:06:26"}
{"level":"info","message":"GET /api/v1/monitoring/stats 200","timestamp":"2026-06-22 15:06:29"}
{"level":"info","message":"GET /api/v1/monitoring/stats 200","timestamp":"2026-06-22 15:06:34"}
{"level":"info","message":"GET /api/v1/monitoring/stats 200","timestamp":"2026-06-22 15:06:39"}
{"level":"info","message":"GET /api/v1/monitoring/stats 200","timestamp":"2026-06-22 15:06:44"}
{"level":"info","message":"GET /api/v1/monitoring/stats 200","timestamp":"2026-06-22 15:06:49"}
{"level":"info","message":"GET /api/v1/monitoring/stats 200","timestamp":"2026-06-22 15:06:54"}
{"level":"info","message":"GET /api/v1/monitoring/stats 200","timestamp":"2026-06-22 15:06:59"}
{"level":"info","message":"GET /api/v1/monitoring/stats 200","timestamp":"2026-06-22 15:07:04"}
{"level":"info","message":"GET /api/v1/monitoring/stats 200","timestamp":"2026-06-22 15:07:09"}
{"level":"info","message":"GET /api/v1/monitoring/stats 200","timestamp":"2026-06-22 15:07:14"}
{"level":"info","message":"GET /api/v1/monitoring/stats 200","timestamp":"2026-06-22 15:07:19"}
{"level":"info","message":"GET /api/v1/monitoring/stats 200","timestamp":"2026-06-22 15:07:24"}
{"level":"info","message":"GET /api/v1/monitoring/stats 200","timestamp":"2026-06-22 15:07:26"}
{"level":"info","message":"GET /api/v1/monitoring/stats 200","timestamp":"2026-06-22 15:07:26"}
{"level":"info","message":"GET /api/v1/monitoring/stats 200","timestamp":"2026-06-22 15:07:29"}
{"level":"info","message":"GET /api/v1/monitoring/stats 200","timestamp":"2026-06-22 15:07:34"}
{"level":"info","message":"GET /api/v1/monitoring/stats 200","timestamp":"2026-06-22 15:07:39"}
{"level":"info","message":"GET /api/v1/monitoring/stats 200","timestamp":"2026-06-22 15:07:44"}
{"level":"info","message":"GET /api/v1/monitoring/stats 200","timestamp":"2026-06-22 15:07:49"}
{"level":"info","message":"GET /api/v1/monitoring/stats 200","timestamp":"2026-06-22 15:07:54"}
{"level":"info","message":"GET /api/v1/monitoring/stats 200","timestamp":"2026-06-22 15:07:59"}
{"level":"info","message":"GET /api/v1/monitoring/stats 200","timestamp":"2026-06-22 15:08:04"}
{"level":"info","message":"GET /api/v1/monitoring/stats 200","timestamp":"2026-06-22 15:08:09"}
{"level":"info","message":"GET /api/v1/monitoring/stats 200","timestamp":"2026-06-22 15:08:14"}
{"level":"info","message":"GET /api/v1/monitoring/stats 200","timestamp":"2026-06-22 15:08:19"}
{"level":"info","message":"GET /api/v1/monitoring/stats 200","timestamp":"2026-06-22 15:08:24"}
{"level":"info","message":"GET /api/v1/monitoring/stats 200","timestamp":"2026-06-22 15:08:26"}
{"level":"info","message":"GET /api/v1/monitoring/stats 200","timestamp":"2026-06-22 15:08:27"}
{"level":"info","message":"GET /api/v1/monitoring/stats 200","timestamp":"2026-06-22 15:08:29"}
{"level":"info","message":"GET /api/v1/monitoring/stats 200","timestamp":"2026-06-22 15:08:34"}
{"level":"info","message":"GET /api/v1/monitoring/stats 200","timestamp":"2026-06-22 15:08:39"}
{"level":"info","message":"GET /api/v1/monitoring/stats 200","timestamp":"2026-06-22 15:08:44"}
{"level":"info","message":"GET /api/v1/monitoring/stats 200","timestamp":"2026-06-22 15:08:49"}
{"level":"info","message":"GET /api/v1/monitoring/stats 200","timestamp":"2026-06-22 15:08:54"}
{"level":"info","message":"GET /api/v1/monitoring/stats 200","timestamp":"2026-06-22 15:08:59"}
{"level":"info","message":"GET /api/v1/monitoring/stats 200","timestamp":"2026-06-22 15:09:04"}
{"level":"info","message":"GET /api/v1/monitoring/stats 200","timestamp":"2026-06-22 15:09:09"}
{"level":"info","message":"GET /api/v1/monitoring/stats 200","timestamp":"2026-06-22 15:09:14"}
{"level":"info","message":"GET /api/v1/monitoring/stats 200","timestamp":"2026-06-22 15:09:19"}
{"level":"info","message":"GET /api/v1/monitoring/stats 200","timestamp":"2026-06-22 15:09:24"}
{"level":"info","message":"GET /api/v1/monitoring/stats 200","timestamp":"2026-06-22 15:09:26"}
{"level":"info","message":"GET /api/v1/monitoring/stats 200","timestamp":"2026-06-22 15:09:26"}
{"level":"info","message":"GET /api/v1/monitoring/stats 200","timestamp":"2026-06-22 15:09:29"}
{"level":"info","message":"GET /api/v1/monitoring/stats 200","timestamp":"2026-06-22 15:09:34"}
{"level":"info","message":"GET /api/v1/monitoring/stats 200","timestamp":"2026-06-22 15:09:39"}
{"level":"info","message":"GET /api/v1/monitoring/stats 200","timestamp":"2026-06-22 15:09:44"}
{"level":"info","message":"GET /api/v1/monitoring/stats 200","timestamp":"2026-06-22 15:09:49"}
{"level":"info","message":"GET /api/v1/monitoring/stats 200","timestamp":"2026-06-22 15:09:54"}
{"level":"info","message":"GET /api/v1/monitoring/stats 200","timestamp":"2026-06-22 15:09:59"}
{"level":"info","message":"GET /api/v1/monitoring/stats 200","timestamp":"2026-06-22 15:10:04"}
{"level":"info","message":"GET /api/v1/monitoring/stats 200","timestamp":"2026-06-22 15:10:09"}
{"level":"info","message":"GET /api/v1/monitoring/stats 200","timestamp":"2026-06-22 15:10:14"}
{"level":"info","message":"GET /api/v1/monitoring/stats 200","timestamp":"2026-06-22 15:10:19"}
{"level":"info","message":"GET /api/v1/monitoring/stats 200","timestamp":"2026-06-22 15:10:24"}
{"level":"info","message":"GET /api/v1/monitoring/stats 200","timestamp":"2026-06-22 15:10:26"}
{"level":"info","message":"GET /api/v1/monitoring/stats 200","timestamp":"2026-06-22 15:10:26"}
{"level":"info","message":"GET /api/v1/monitoring/stats 200","timestamp":"2026-06-22 15:10:29"}
{"level":"info","message":"GET /api/v1/monitoring/stats 200","timestamp":"2026-06-22 15:10:34"}
{"level":"info","message":"GET /api/v1/monitoring/stats 200","timestamp":"2026-06-22 15:10:39"}
{"level":"info","message":"GET /api/v1/monitoring/stats 200","timestamp":"2026-06-22 15:10:44"}
{"level":"info","message":"GET /api/v1/monitoring/stats 200","timestamp":"2026-06-22 15:10:49"}
{"level":"info","message":"GET /api/v1/monitoring/stats 200","timestamp":"2026-06-22 15:10:54"}
{"level":"info","message":"GET /api/v1/monitoring/stats 200","timestamp":"2026-06-22 15:10:59"}
{"level":"info","message":"GET /api/v1/monitoring/stats 200","timestamp":"2026-06-22 15:11:04"}
{"level":"info","message":"GET /api/v1/monitoring/stats 200","timestamp":"2026-06-22 15:11:09"}
{"level":"info","message":"GET /api/v1/monitoring/stats 200","timestamp":"2026-06-22 15:11:14"}
{"level":"info","message":"GET /api/v1/monitoring/stats 200","timestamp":"2026-06-22 15:11:19"}
{"level":"info","message":"GET /api/v1/monitoring/stats 200","timestamp":"2026-06-22 15:11:24"}
{"level":"info","message":"GET /api/v1/monitoring/stats 200","timestamp":"2026-06-22 15:11:26"}
{"level":"info","message":"GET /api/v1/monitoring/stats 200","timestamp":"2026-06-22 15:11:27"}
{"level":"info","message":"GET /api/v1/monitoring/stats 200","timestamp":"2026-06-22 15:11:29"}
{"level":"info","message":"GET /api/v1/monitoring/stats 200","timestamp":"2026-06-22 15:11:34"}
{"level":"info","message":"GET /api/v1/monitoring/stats 200","timestamp":"2026-06-22 15:11:39"}
{"level":"info","message":"GET /api/v1/monitoring/stats 200","timestamp":"2026-06-22 15:11:44"}
{"level":"info","message":"GET /api/v1/monitoring/stats 200","timestamp":"2026-06-22 15:11:49"}
{"level":"info","message":"GET /api/v1/monitoring/stats 200","timestamp":"2026-06-22 15:11:54"}
{"level":"info","message":"GET /api/v1/monitoring/stats 200","timestamp":"2026-06-22 15:11:59"}
{"level":"info","message":"GET /api/v1/monitoring/stats 200","timestamp":"2026-06-22 15:12:04"}
{"level":"info","message":"GET /api/v1/monitoring/stats 200","timestamp":"2026-06-22 15:12:09"}
{"level":"info","message":"GET /api/v1/monitoring/stats 200","timestamp":"2026-06-22 15:12:14"}
{"level":"info","message":"GET /api/v1/monitoring/stats 200","timestamp":"2026-06-22 15:12:19"}
{"level":"info","message":"GET /api/v1/monitoring/stats 200","timestamp":"2026-06-22 15:12:24"}
{"level":"info","message":"GET /api/v1/monitoring/stats 200","timestamp":"2026-06-22 15:12:26"}
{"level":"info","message":"GET /api/v1/monitoring/stats 200","timestamp":"2026-06-22 15:12:27"}
{"level":"info","message":"GET /api/v1/monitoring/stats 200","timestamp":"2026-06-22 15:12:29"}
{"level":"info","message":"GET /api/v1/monitoring/stats 200","timestamp":"2026-06-22 15:12:34"}
{"level":"info","message":"GET /api/v1/monitoring/stats 200","timestamp":"2026-06-22 15:12:39"}
{"level":"info","message":"GET /api/v1/monitoring/stats 200","timestamp":"2026-06-22 15:12:44"}
{"level":"info","message":"GET /api/v1/monitoring/stats 200","timestamp":"2026-06-22 15:12:49"}
{"level":"info","message":"GET /api/v1/monitoring/stats 200","timestamp":"2026-06-22 15:12:54"}
{"level":"info","message":"GET /api/v1/monitoring/stats 200","timestamp":"2026-06-22 15:12:59"}
{"level":"info","message":"GET /api/v1/monitoring/stats 200","timestamp":"2026-06-22 15:13:04"}
{"level":"info","message":"GET /api/v1/monitoring/stats 200","timestamp":"2026-06-22 15:13:09"}
{"level":"info","message":"GET /api/v1/monitoring/stats 200","timestamp":"2026-06-22 15:13:14"}
{"level":"info","message":"GET /api/v1/monitoring/stats 200","timestamp":"2026-06-22 15:13:19"}
{"level":"info","message":"GET /api/v1/monitoring/stats 200","timestamp":"2026-06-22 15:13:24"}
{"level":"info","message":"GET /api/v1/monitoring/stats 200","timestamp":"2026-06-22 15:13:26"}
{"level":"info","message":"GET /api/v1/monitoring/stats 200","timestamp":"2026-06-22 15:13:26"}
{"level":"info","message":"GET /api/v1/monitoring/stats 200","timestamp":"2026-06-22 15:13:29"}
{"level":"info","message":"GET /api/v1/monitoring/stats 200","timestamp":"2026-06-22 15:13:34"}
{"level":"info","message":"GET /api/v1/monitoring/stats 200","timestamp":"2026-06-22 15:13:39"}
{"level":"info","message":"GET /api/v1/monitoring/stats 200","timestamp":"2026-06-22 15:13:44"}
{"level":"info","message":"GET /api/v1/monitoring/stats 200","timestamp":"2026-06-22 15:13:49"}
{"level":"info","message":"GET /api/v1/monitoring/stats 200","timestamp":"2026-06-22 15:13:54"}
{"level":"info","message":"GET /api/v1/monitoring/stats 200","timestamp":"2026-06-22 15:13:59"}
{"level":"info","message":"GET /api/v1/monitoring/stats 200","timestamp":"2026-06-22 15:14:04"}
{"level":"info","message":"GET /api/v1/monitoring/stats 200","timestamp":"2026-06-22 15:14:09"}
{"level":"info","message":"GET /api/v1/monitoring/stats 200","timestamp":"2026-06-22 15:14:14"}
{"level":"info","message":"GET /api/v1/monitoring/stats 200","timestamp":"2026-06-22 15:14:19"}
{"level":"info","message":"GET /api/v1/monitoring/stats 200","timestamp":"2026-06-22 15:14:24"}
{"level":"info","message":"GET /api/v1/monitoring/stats 200","timestamp":"2026-06-22 15:14:26"}
{"level":"info","message":"GET /api/v1/monitoring/stats 200","timestamp":"2026-06-22 15:14:26"}
{"level":"info","message":"GET /api/v1/monitoring/stats 200","timestamp":"2026-06-22 15:14:29"}
{"level":"info","message":"GET /api/v1/monitoring/stats 200","timestamp":"2026-06-22 15:14:34"}
{"level":"info","message":"GET /api/v1/monitoring/stats 200","timestamp":"2026-06-22 15:14:39"}
{"level":"info","message":"GET /api/v1/monitoring/stats 200","timestamp":"2026-06-22 15:14:44"}
{"level":"info","message":"GET /api/v1/monitoring/stats 200","timestamp":"2026-06-22 15:14:49"}
{"level":"info","message":"GET /api/v1/monitoring/stats 200","timestamp":"2026-06-22 15:14:54"}
{"level":"info","message":"GET /api/v1/monitoring/stats 200","timestamp":"2026-06-22 15:14:59"}
{"level":"info","message":"GET /api/v1/monitoring/stats 200","timestamp":"2026-06-22 15:15:04"}
{"level":"info","message":"GET /api/v1/monitoring/stats 200","timestamp":"2026-06-22 15:15:09"}
{"level":"info","message":"GET /api/v1/monitoring/stats 200","timestamp":"2026-06-22 15:15:14"}
{"level":"info","message":"GET /api/v1/monitoring/stats 200","timestamp":"2026-06-22 15:15:19"}
{"level":"info","message":"GET /api/v1/monitoring/stats 200","timestamp":"2026-06-22 15:15:24"}
{"level":"info","message":"GET /api/v1/monitoring/stats 200","timestamp":"2026-06-22 15:15:26"}
{"level":"info","message":"GET /api/v1/monitoring/stats 200","timestamp":"2026-06-22 15:15:26"}
{"level":"info","message":"GET /api/v1/monitoring/stats 200","timestamp":"2026-06-22 15:15:31"}
{"level":"info","message":"GET /api/v1/monitoring/stats 200","timestamp":"2026-06-22 15:15:41"}
{"level":"info","message":"GET /api/v1/monitoring/stats 200","timestamp":"2026-06-22 15:15:45"}
{"level":"info","message":"GET /api/v1/monitoring/stats 200","timestamp":"2026-06-22 15:15:46"}
{"level":"info","message":"GET /api/v1/monitoring/stats 200","timestamp":"2026-06-22 15:15:50"}
{"level":"info","message":"GET /api/v1/monitoring/stats 200","timestamp":"2026-06-22 15:15:54"}
{"level":"info","message":"GET /api/v1/monitoring/stats 200","timestamp":"2026-06-22 15:15:59"}
{"level":"info","message":"GET /api/v1/monitoring/stats 200","timestamp":"2026-06-22 15:16:04"}
{"level":"info","message":"GET /api/v1/monitoring/stats 200","timestamp":"2026-06-22 15:16:09"}
{"level":"info","message":"GET /api/v1/monitoring/stats 200","timestamp":"2026-06-22 15:16:14"}
{"level":"info","message":"GET /api/v1/monitoring/stats 200","timestamp":"2026-06-22 15:16:19"}
{"level":"info","message":"GET /api/v1/monitoring/stats 200","timestamp":"2026-06-22 15:16:24"}
{"level":"info","message":"GET /api/v1/monitoring/stats 200","timestamp":"2026-06-22 15:16:27"}
{"level":"info","message":"GET /api/v1/monitoring/stats 200","timestamp":"2026-06-22 15:16:27"}
{"level":"info","message":"GET /api/v1/monitoring/stats 200","timestamp":"2026-06-22 15:16:29"}
{"level":"info","message":"GET /api/v1/monitoring/stats 200","timestamp":"2026-06-22 15:16:34"}
{"level":"info","message":"GET /api/v1/monitoring/stats 200","timestamp":"2026-06-22 15:16:39"}
{"level":"info","message":"GET /api/v1/monitoring/stats 200","timestamp":"2026-06-22 15:16:46"}
{"level":"info","message":"GET /api/v1/monitoring/stats 200","timestamp":"2026-06-22 15:16:50"}
{"level":"info","message":"GET /api/v1/monitoring/stats 200","timestamp":"2026-06-22 15:16:54"}
{"level":"info","message":"GET /api/v1/monitoring/stats 200","timestamp":"2026-06-22 15:16:59"}
{"level":"info","message":"GET /api/v1/monitoring/stats 200","timestamp":"2026-06-22 15:17:04"}
{"level":"info","message":"GET /api/v1/monitoring/stats 200","timestamp":"2026-06-22 15:17:09"}
{"level":"info","message":"GET /api/v1/monitoring/stats 200","timestamp":"2026-06-22 15:17:14"}
{"level":"info","message":"GET /api/v1/monitoring/stats 200","timestamp":"2026-06-22 15:17:19"}
{"level":"info","message":"GET /api/v1/monitoring/stats 200","timestamp":"2026-06-22 15:17:24"}
{"level":"info","message":"GET /api/v1/monitoring/stats 200","timestamp":"2026-06-22 15:17:26"}
{"level":"info","message":"GET /api/v1/monitoring/stats 200","timestamp":"2026-06-22 15:17:27"}
{"level":"info","message":"GET /api/v1/monitoring/stats 200","timestamp":"2026-06-22 15:17:29"}
{"level":"info","message":"GET /api/v1/monitoring/stats 200","timestamp":"2026-06-22 15:17:34"}
{"level":"info","message":"GET /api/v1/monitoring/stats 200","timestamp":"2026-06-22 15:17:39"}
{"level":"info","message":"GET /api/v1/monitoring/stats 200","timestamp":"2026-06-22 15:17:44"}
{"level":"info","message":"GET /api/v1/monitoring/stats 200","timestamp":"2026-06-22 15:17:49"}
{"level":"info","message":"GET /api/v1/monitoring/stats 200","timestamp":"2026-06-22 15:17:54"}
{"level":"info","message":"GET /api/v1/monitoring/stats 200","timestamp":"2026-06-22 15:17:59"}
{"level":"info","message":"GET /api/v1/monitoring/stats 200","timestamp":"2026-06-22 15:18:04"}
{"level":"info","message":"GET /api/v1/monitoring/stats 200","timestamp":"2026-06-22 15:18:09"}
{"level":"info","message":"GET /api/v1/monitoring/stats 200","timestamp":"2026-06-22 15:18:14"}
{"level":"info","message":"GET /api/v1/monitoring/stats 200","timestamp":"2026-06-22 15:18:19"}
{"level":"info","message":"GET /api/v1/monitoring/stats 200","timestamp":"2026-06-22 15:18:24"}
{"level":"info","message":"GET /api/v1/monitoring/stats 200","timestamp":"2026-06-22 15:18:27"}
{"level":"info","message":"GET /api/v1/monitoring/stats 200","timestamp":"2026-06-22 15:18:27"}
{"level":"info","message":"GET /api/v1/monitoring/stats 200","timestamp":"2026-06-22 15:18:29"}
{"level":"info","message":"GET /api/v1/monitoring/stats 200","timestamp":"2026-06-22 15:18:34"}
{"level":"info","message":"GET /api/v1/monitoring/stats 200","timestamp":"2026-06-22 15:18:39"}
{"level":"info","message":"GET /api/v1/monitoring/stats 200","timestamp":"2026-06-22 15:18:44"}
{"level":"info","message":"GET /api/v1/monitoring/stats 200","timestamp":"2026-06-22 15:18:49"}
{"level":"info","message":"GET /api/v1/monitoring/stats 200","timestamp":"2026-06-22 15:18:54"}
{"level":"info","message":"GET /api/v1/monitoring/stats 200","timestamp":"2026-06-22 15:18:59"}
{"level":"info","message":"GET /api/v1/monitoring/stats 200","timestamp":"2026-06-22 15:19:04"}
{"level":"info","message":"GET /api/v1/monitoring/stats 200","timestamp":"2026-06-22 15:19:09"}
{"level":"info","message":"GET /api/v1/monitoring/stats 200","timestamp":"2026-06-22 15:19:14"}
{"level":"info","message":"GET /api/v1/monitoring/stats 200","timestamp":"2026-06-22 15:19:19"}
{"level":"info","message":"GET /api/v1/monitoring/stats 200","timestamp":"2026-06-22 15:19:24"}
{"level":"info","message":"GET /api/v1/monitoring/stats 200","timestamp":"2026-06-22 15:19:26"}
{"level":"info","message":"GET /api/v1/monitoring/stats 200","timestamp":"2026-06-22 15:19:26"}
{"level":"info","message":"GET /api/v1/monitoring/stats 200","timestamp":"2026-06-22 15:19:29"}
{"level":"info","message":"GET /api/v1/monitoring/stats 200","timestamp":"2026-06-22 15:19:34"}
{"level":"info","message":"GET /api/v1/monitoring/stats 200","timestamp":"2026-06-22 15:19:39"}
{"level":"info","message":"GET /api/v1/monitoring/stats 200","timestamp":"2026-06-22 15:19:44"}
{"level":"info","message":"GET /api/v1/monitoring/stats 200","timestamp":"2026-06-22 15:19:49"}
{"level":"info","message":"GET /api/v1/monitoring/stats 200","timestamp":"2026-06-22 15:19:54"}
{"level":"info","message":"GET /api/v1/monitoring/stats 200","timestamp":"2026-06-22 15:19:59"}
{"level":"info","message":"GET /api/v1/monitoring/stats 200","timestamp":"2026-06-22 15:20:04"}
{"level":"info","message":"GET /api/v1/monitoring/stats 200","timestamp":"2026-06-22 15:20:09"}
{"level":"info","message":"GET /api/v1/monitoring/stats 200","timestamp":"2026-06-22 15:20:14"}
{"level":"info","message":"GET /api/v1/monitoring/stats 200","timestamp":"2026-06-22 15:20:19"}
{"level":"info","message":"GET /api/v1/monitoring/stats 200","timestamp":"2026-06-22 15:20:24"}
{"level":"info","message":"GET /api/v1/monitoring/stats 200","timestamp":"2026-06-22 15:20:26"}
{"level":"info","message":"GET /api/v1/monitoring/stats 200","timestamp":"2026-06-22 15:20:27"}
{"level":"info","message":"GET /api/v1/monitoring/stats 200","timestamp":"2026-06-22 15:20:29"}
{"level":"info","message":"GET /api/v1/monitoring/stats 200","timestamp":"2026-06-22 15:20:34"}
{"level":"info","message":"GET /api/v1/monitoring/stats 200","timestamp":"2026-06-22 15:20:39"}
{"level":"info","message":"GET /api/v1/monitoring/stats 200","timestamp":"2026-06-22 15:20:44"}
{"level":"info","message":"GET /api/v1/monitoring/stats 200","timestamp":"2026-06-22 15:20:49"}
{"level":"info","message":"GET /api/v1/monitoring/stats 200","timestamp":"2026-06-22 15:20:54"}
{"level":"info","message":"GET /api/v1/monitoring/stats 200","timestamp":"2026-06-22 15:20:59"}
{"level":"info","message":"GET /api/v1/monitoring/stats 200","timestamp":"2026-06-22 15:21:04"}
{"level":"info","message":"GET /api/v1/monitoring/stats 200","timestamp":"2026-06-22 15:21:09"}
{"level":"info","message":"GET /api/v1/monitoring/stats 200","timestamp":"2026-06-22 15:21:14"}
{"level":"info","message":"GET /api/v1/monitoring/stats 200","timestamp":"2026-06-22 15:21:19"}
{"level":"info","message":"GET /api/v1/monitoring/stats 200","timestamp":"2026-06-22 15:21:24"}
{"level":"info","message":"GET /api/v1/monitoring/stats 200","timestamp":"2026-06-22 15:21:26"}
{"level":"info","message":"GET /api/v1/monitoring/stats 200","timestamp":"2026-06-22 15:21:26"}
{"level":"info","message":"GET /api/v1/monitoring/stats 200","timestamp":"2026-06-22 15:21:29"}
{"level":"info","message":"GET /api/v1/monitoring/stats 200","timestamp":"2026-06-22 15:21:34"}
{"level":"info","message":"GET /api/v1/monitoring/stats 200","timestamp":"2026-06-22 15:21:39"}
{"level":"info","message":"GET /api/v1/monitoring/stats 200","timestamp":"2026-06-22 15:21:44"}
{"level":"info","message":"GET /api/v1/monitoring/stats 200","timestamp":"2026-06-22 15:21:49"}
{"level":"info","message":"GET /api/v1/monitoring/stats 200","timestamp":"2026-06-22 15:21:54"}
{"level":"info","message":"GET /api/v1/monitoring/stats 200","timestamp":"2026-06-22 15:21:59"}
{"level":"info","message":"GET /api/v1/monitoring/stats 200","timestamp":"2026-06-22 15:22:04"}
{"level":"info","message":"GET /api/v1/monitoring/stats 200","timestamp":"2026-06-22 15:22:09"}
{"level":"info","message":"GET /api/v1/monitoring/stats 200","timestamp":"2026-06-22 15:22:14"}
{"level":"info","message":"GET /api/v1/monitoring/stats 200","timestamp":"2026-06-22 15:22:19"}
{"level":"info","message":"GET /api/v1/monitoring/stats 200","timestamp":"2026-06-22 15:22:24"}
{"level":"info","message":"GET /api/v1/monitoring/stats 200","timestamp":"2026-06-22 15:22:26"}
{"level":"info","message":"GET /api/v1/monitoring/stats 200","timestamp":"2026-06-22 15:22:27"}
{"level":"info","message":"GET /api/v1/monitoring/stats 200","timestamp":"2026-06-22 15:22:29"}
{"level":"info","message":"GET /api/v1/monitoring/stats 200","timestamp":"2026-06-22 15:22:34"}
{"level":"info","message":"GET /api/v1/monitoring/stats 200","timestamp":"2026-06-22 15:22:39"}
{"level":"info","message":"GET /api/v1/monitoring/stats 200","timestamp":"2026-06-22 15:22:44"}
{"level":"info","message":"GET /api/v1/monitoring/stats 200","timestamp":"2026-06-22 15:22:49"}
{"level":"info","message":"GET /api/v1/monitoring/stats 200","timestamp":"2026-06-22 15:22:54"}
{"level":"info","message":"GET /api/v1/monitoring/stats 200","timestamp":"2026-06-22 15:22:59"}
{"level":"info","message":"GET /api/v1/monitoring/stats 200","timestamp":"2026-06-22 15:23:04"}
{"level":"info","message":"GET /api/v1/monitoring/stats 200","timestamp":"2026-06-22 15:23:09"}
{"level":"info","message":"GET /api/v1/monitoring/stats 200","timestamp":"2026-06-22 15:23:14"}
{"level":"info","message":"GET /api/v1/monitoring/stats 200","timestamp":"2026-06-22 15:23:19"}
{"level":"info","message":"GET /api/v1/monitoring/stats 200","timestamp":"2026-06-22 15:23:24"}
{"level":"info","message":"GET /api/v1/monitoring/stats 200","timestamp":"2026-06-22 15:23:26"}
{"level":"info","message":"GET /api/v1/monitoring/stats 200","timestamp":"2026-06-22 15:23:26"}
{"level":"info","message":"GET /api/v1/monitoring/stats 200","timestamp":"2026-06-22 15:23:29"}
{"level":"info","message":"GET /api/v1/monitoring/stats 200","timestamp":"2026-06-22 15:23:34"}
{"level":"info","message":"GET /api/v1/monitoring/stats 200","timestamp":"2026-06-22 15:23:39"}
{"level":"info","message":"GET /api/v1/monitoring/stats 200","timestamp":"2026-06-22 15:23:44"}
{"level":"info","message":"GET /api/v1/monitoring/stats 200","timestamp":"2026-06-22 15:23:49"}
{"level":"info","message":"GET /api/v1/monitoring/stats 200","timestamp":"2026-06-22 15:23:54"}
{"level":"info","message":"GET /api/v1/monitoring/stats 200","timestamp":"2026-06-22 15:23:59"}
{"level":"info","message":"GET /api/v1/monitoring/stats 200","timestamp":"2026-06-22 15:24:04"}
{"level":"info","message":"GET /api/v1/monitoring/stats 200","timestamp":"2026-06-22 15:24:09"}
{"level":"info","message":"GET /api/v1/monitoring/stats 200","timestamp":"2026-06-22 15:24:14"}
{"level":"info","message":"GET /api/v1/monitoring/stats 200","timestamp":"2026-06-22 15:24:19"}
{"level":"info","message":"GET /api/v1/monitoring/stats 200","timestamp":"2026-06-22 15:24:24"}
{"level":"info","message":"GET /api/v1/monitoring/stats 200","timestamp":"2026-06-22 15:24:26"}
{"level":"info","message":"GET /api/v1/monitoring/stats 200","timestamp":"2026-06-22 15:24:26"}
{"level":"info","message":"GET /api/v1/monitoring/stats 200","timestamp":"2026-06-22 15:24:29"}
{"level":"info","message":"GET /api/v1/monitoring/stats 200","timestamp":"2026-06-22 15:24:34"}
{"level":"info","message":"GET /api/v1/monitoring/stats 200","timestamp":"2026-06-22 15:24:39"}
{"level":"info","message":"GET /api/v1/monitoring/stats 200","timestamp":"2026-06-22 15:24:44"}
{"level":"info","message":"GET /api/v1/monitoring/stats 200","timestamp":"2026-06-22 15:24:49"}
{"level":"info","message":"GET /api/v1/monitoring/stats 200","timestamp":"2026-06-22 15:24:54"}
{"level":"info","message":"GET /api/v1/monitoring/stats 200","timestamp":"2026-06-22 15:24:59"}
{"level":"info","message":"GET /api/v1/monitoring/stats 200","timestamp":"2026-06-22 15:25:04"}
{"level":"info","message":"GET /api/v1/monitoring/stats 200","timestamp":"2026-06-22 15:25:09"}
{"level":"info","message":"GET /api/v1/monitoring/stats 200","timestamp":"2026-06-22 15:25:14"}
{"level":"info","message":"GET /api/v1/monitoring/stats 200","timestamp":"2026-06-22 15:25:19"}
{"level":"info","message":"GET /api/v1/monitoring/stats 200","timestamp":"2026-06-22 15:25:24"}
{"level":"info","message":"GET /api/v1/monitoring/stats 200","timestamp":"2026-06-22 15:25:26"}
{"level":"info","message":"GET /api/v1/monitoring/stats 200","timestamp":"2026-06-22 15:25:26"}
{"level":"info","message":"GET /api/v1/monitoring/stats 200","timestamp":"2026-06-22 15:25:39"}
{"level":"info","message":"GET /api/v1/monitoring/stats 200","timestamp":"2026-06-22 15:25:45"}
{"level":"info","message":"GET /api/v1/monitoring/stats 200","timestamp":"2026-06-22 15:25:45"}
{"level":"info","message":"GET /api/v1/monitoring/stats 200","timestamp":"2026-06-22 15:25:46"}
{"level":"info","message":"GET /api/v1/monitoring/stats 200","timestamp":"2026-06-22 15:25:50"}
{"level":"info","message":"GET /api/v1/monitoring/stats 200","timestamp":"2026-06-22 15:25:54"}
{"level":"info","message":"GET /api/v1/monitoring/stats 200","timestamp":"2026-06-22 15:26:00"}
{"level":"info","message":"GET /api/v1/monitoring/stats 200","timestamp":"2026-06-22 15:26:04"}
{"level":"info","message":"GET /api/v1/monitoring/stats 200","timestamp":"2026-06-22 15:26:09"}
{"level":"info","message":"GET /api/v1/monitoring/stats 200","timestamp":"2026-06-22 15:26:14"}
{"level":"info","message":"GET /api/v1/monitoring/stats 200","timestamp":"2026-06-22 15:26:19"}
{"level":"info","message":"GET /api/v1/monitoring/stats 200","timestamp":"2026-06-22 15:26:24"}
{"level":"info","message":"GET /api/v1/monitoring/stats 200","timestamp":"2026-06-22 15:26:26"}
{"level":"info","message":"GET /api/v1/monitoring/stats 200","timestamp":"2026-06-22 15:26:26"}
{"level":"info","message":"GET /api/v1/monitoring/stats 200","timestamp":"2026-06-22 15:26:30"}
{"level":"info","message":"GET /api/v1/monitoring/stats 200","timestamp":"2026-06-22 15:26:34"}
{"level":"info","message":"GET /api/v1/monitoring/stats 200","timestamp":"2026-06-22 15:26:39"}
{"level":"info","message":"GET /api/v1/monitoring/stats 200","timestamp":"2026-06-22 15:26:44"}
{"level":"info","message":"GET /api/v1/monitoring/stats 200","timestamp":"2026-06-22 15:26:49"}
{"level":"info","message":"GET /api/v1/monitoring/stats 200","timestamp":"2026-06-22 15:26:54"}
{"level":"info","message":"GET /api/v1/monitoring/stats 200","timestamp":"2026-06-22 15:26:59"}
{"level":"info","message":"GET /api/v1/monitoring/stats 200","timestamp":"2026-06-22 15:27:04"}
{"level":"info","message":"GET /api/v1/monitoring/stats 200","timestamp":"2026-06-22 15:27:09"}
{"level":"info","message":"GET /api/v1/monitoring/stats 200","timestamp":"2026-06-22 15:27:14"}
{"level":"info","message":"GET /api/v1/monitoring/stats 200","timestamp":"2026-06-22 15:27:19"}
{"level":"info","message":"GET /api/v1/monitoring/stats 200","timestamp":"2026-06-22 15:27:24"}
{"level":"info","message":"GET /api/v1/monitoring/stats 200","timestamp":"2026-06-22 15:27:26"}
{"level":"info","message":"GET /api/v1/monitoring/stats 200","timestamp":"2026-06-22 15:27:26"}
{"level":"info","message":"GET /api/v1/monitoring/stats 200","timestamp":"2026-06-22 15:27:29"}
{"level":"info","message":"GET /api/v1/monitoring/stats 200","timestamp":"2026-06-22 15:27:34"}
{"level":"info","message":"GET /api/v1/monitoring/stats 200","timestamp":"2026-06-22 15:27:39"}
{"level":"info","message":"GET /api/v1/monitoring/stats 200","timestamp":"2026-06-22 15:27:44"}
{"level":"info","message":"GET /api/v1/monitoring/stats 200","timestamp":"2026-06-22 15:27:49"}
{"level":"info","message":"GET /api/v1/monitoring/stats 200","timestamp":"2026-06-22 15:27:54"}
{"level":"info","message":"GET /api/v1/monitoring/stats 200","timestamp":"2026-06-22 15:27:59"}
{"level":"info","message":"GET /api/v1/monitoring/stats 200","timestamp":"2026-06-22 15:28:04"}
{"level":"info","message":"GET /api/v1/monitoring/stats 200","timestamp":"2026-06-22 15:28:09"}
{"level":"info","message":"GET /api/v1/monitoring/stats 200","timestamp":"2026-06-22 15:28:14"}
{"level":"info","message":"GET /api/v1/monitoring/stats 200","timestamp":"2026-06-22 15:28:19"}
{"level":"info","message":"GET /api/v1/monitoring/stats 200","timestamp":"2026-06-22 15:28:24"}
{"level":"info","message":"GET /api/v1/monitoring/stats 200","timestamp":"2026-06-22 15:28:26"}
{"level":"info","message":"GET /api/v1/monitoring/stats 200","timestamp":"2026-06-22 15:28:26"}
{"level":"info","message":"GET /api/v1/monitoring/stats 200","timestamp":"2026-06-22 15:28:29"}
{"level":"info","message":"GET /api/v1/monitoring/stats 200","timestamp":"2026-06-22 15:28:34"}
{"level":"info","message":"GET /api/v1/monitoring/stats 200","timestamp":"2026-06-22 15:28:39"}
{"level":"info","message":"GET /api/v1/monitoring/stats 200","timestamp":"2026-06-22 15:28:44"}
{"level":"info","message":"GET /api/v1/monitoring/stats 200","timestamp":"2026-06-22 15:28:49"}
{"level":"info","message":"GET /api/v1/monitoring/stats 200","timestamp":"2026-06-22 15:28:54"}
{"level":"info","message":"GET /api/v1/monitoring/stats 200","timestamp":"2026-06-22 15:28:59"}
{"level":"info","message":"GET /api/v1/monitoring/stats 200","timestamp":"2026-06-22 15:29:04"}
{"level":"info","message":"GET /api/v1/monitoring/stats 200","timestamp":"2026-06-22 15:29:09"}
{"level":"info","message":"GET /api/v1/monitoring/stats 200","timestamp":"2026-06-22 15:29:14"}
{"level":"info","message":"GET /api/v1/monitoring/stats 200","timestamp":"2026-06-22 15:29:19"}
{"level":"info","message":"GET /api/v1/monitoring/stats 200","timestamp":"2026-06-22 15:29:24"}
{"level":"info","message":"GET /api/v1/monitoring/stats 200","timestamp":"2026-06-22 15:29:26"}
{"level":"info","message":"GET /api/v1/monitoring/stats 200","timestamp":"2026-06-22 15:29:27"}
{"level":"info","message":"GET /api/v1/monitoring/stats 200","timestamp":"2026-06-22 15:29:29"}
{"level":"info","message":"GET /api/v1/monitoring/stats 200","timestamp":"2026-06-22 15:29:34"}
{"level":"info","message":"GET /api/v1/monitoring/stats 200","timestamp":"2026-06-22 15:29:39"}
{"level":"info","message":"GET /api/v1/monitoring/stats 200","timestamp":"2026-06-22 15:29:44"}
{"level":"info","message":"GET /api/v1/monitoring/stats 200","timestamp":"2026-06-22 15:29:49"}
{"level":"info","message":"GET /api/v1/monitoring/stats 200","timestamp":"2026-06-22 15:29:54"}
{"level":"info","message":"GET /api/v1/monitoring/stats 200","timestamp":"2026-06-22 15:29:59"}
{"level":"info","message":"GET /api/v1/monitoring/stats 200","timestamp":"2026-06-22 15:30:04"}
{"level":"info","message":"GET /api/v1/monitoring/stats 200","timestamp":"2026-06-22 15:30:09"}
{"level":"info","message":"GET /api/v1/monitoring/stats 200","timestamp":"2026-06-22 15:30:14"}
{"level":"info","message":"GET /api/v1/monitoring/stats 200","timestamp":"2026-06-22 15:30:19"}
{"level":"info","message":"GET /api/v1/monitoring/stats 200","timestamp":"2026-06-22 15:30:24"}
{"level":"info","message":"GET /api/v1/monitoring/stats 200","timestamp":"2026-06-22 15:30:26"}
{"level":"info","message":"GET /api/v1/monitoring/stats 200","timestamp":"2026-06-22 15:30:26"}
{"level":"info","message":"GET /api/v1/monitoring/stats 200","timestamp":"2026-06-22 15:30:29"}
{"level":"info","message":"GET /api/v1/monitoring/stats 200","timestamp":"2026-06-22 15:30:34"}
{"level":"info","message":"GET /api/v1/monitoring/stats 200","timestamp":"2026-06-22 15:30:39"}
{"level":"info","message":"GET /api/v1/monitoring/stats 200","timestamp":"2026-06-22 15:30:44"}
{"level":"info","message":"GET /api/v1/monitoring/stats 200","timestamp":"2026-06-22 15:30:49"}
{"level":"info","message":"GET /api/v1/monitoring/stats 200","timestamp":"2026-06-22 15:30:54"}
{"level":"info","message":"GET /api/v1/monitoring/stats 200","timestamp":"2026-06-22 15:30:59"}
{"level":"info","message":"GET /api/v1/monitoring/stats 200","timestamp":"2026-06-22 15:31:04"}
{"level":"info","message":"GET /api/v1/monitoring/stats 200","timestamp":"2026-06-22 15:31:09"}
{"level":"info","message":"GET /api/v1/monitoring/stats 200","timestamp":"2026-06-22 15:31:14"}
{"level":"info","message":"GET /api/v1/monitoring/stats 200","timestamp":"2026-06-22 15:31:19"}
{"level":"info","message":"GET /api/v1/monitoring/stats 200","timestamp":"2026-06-22 15:31:24"}
{"level":"info","message":"GET /api/v1/monitoring/stats 200","timestamp":"2026-06-22 15:31:26"}
{"level":"info","message":"GET /api/v1/monitoring/stats 200","timestamp":"2026-06-22 15:31:26"}
{"level":"info","message":"GET /api/v1/monitoring/stats 200","timestamp":"2026-06-22 15:31:29"}
{"level":"info","message":"GET /api/v1/monitoring/stats 200","timestamp":"2026-06-22 15:31:34"}
{"level":"info","message":"GET /api/v1/monitoring/stats 200","timestamp":"2026-06-22 15:31:39"}
{"level":"info","message":"GET /api/v1/monitoring/stats 200","timestamp":"2026-06-22 15:31:44"}
{"level":"info","message":"GET /api/v1/monitoring/stats 200","timestamp":"2026-06-22 15:31:49"}
{"level":"info","message":"GET /api/v1/monitoring/stats 200","timestamp":"2026-06-22 15:31:54"}
{"level":"info","message":"GET /api/v1/monitoring/stats 200","timestamp":"2026-06-22 15:31:59"}
{"level":"info","message":"GET /api/v1/monitoring/stats 200","timestamp":"2026-06-22 15:32:04"}
{"level":"info","message":"GET /api/v1/monitoring/stats 200","timestamp":"2026-06-22 15:32:09"}
{"level":"info","message":"GET /api/v1/monitoring/stats 200","timestamp":"2026-06-22 15:32:14"}
{"level":"info","message":"GET /api/v1/monitoring/stats 200","timestamp":"2026-06-22 15:32:19"}
{"level":"info","message":"GET /api/v1/monitoring/stats 200","timestamp":"2026-06-22 15:32:24"}
{"level":"info","message":"GET /api/v1/monitoring/stats 200","timestamp":"2026-06-22 15:32:26"}
{"level":"info","message":"GET /api/v1/monitoring/stats 200","timestamp":"2026-06-22 15:32:26"}
{"level":"info","message":"GET /api/v1/monitoring/stats 200","timestamp":"2026-06-22 15:32:29"}
{"level":"info","message":"GET /api/v1/monitoring/stats 200","timestamp":"2026-06-22 15:32:34"}
{"level":"info","message":"GET /api/v1/monitoring/stats 200","timestamp":"2026-06-22 15:32:39"}
{"level":"info","message":"GET /api/v1/monitoring/stats 200","timestamp":"2026-06-22 15:32:44"}
{"level":"info","message":"GET /api/v1/monitoring/stats 200","timestamp":"2026-06-22 15:32:49"}
{"level":"info","message":"GET /api/v1/monitoring/stats 200","timestamp":"2026-06-22 15:32:54"}
{"level":"info","message":"GET /api/v1/monitoring/stats 200","timestamp":"2026-06-22 15:32:59"}
{"level":"info","message":"GET /api/v1/monitoring/stats 200","timestamp":"2026-06-22 15:33:04"}
{"level":"info","message":"GET /api/v1/monitoring/stats 200","timestamp":"2026-06-22 15:33:09"}
{"level":"info","message":"GET /api/v1/monitoring/stats 200","timestamp":"2026-06-22 15:33:14"}
{"level":"info","message":"GET /api/v1/monitoring/stats 200","timestamp":"2026-06-22 15:33:19"}
{"level":"info","message":"GET /api/v1/monitoring/stats 200","timestamp":"2026-06-22 15:33:24"}
{"level":"info","message":"GET /api/v1/monitoring/stats 200","timestamp":"2026-06-22 15:33:26"}
{"level":"info","message":"GET /api/v1/monitoring/stats 200","timestamp":"2026-06-22 15:33:26"}
{"level":"info","message":"GET /api/v1/monitoring/stats 200","timestamp":"2026-06-22 15:33:29"}
{"level":"info","message":"GET /api/v1/monitoring/stats 200","timestamp":"2026-06-22 15:33:34"}
{"level":"info","message":"GET /api/v1/monitoring/stats 200","timestamp":"2026-06-22 15:33:39"}
{"level":"info","message":"GET /api/v1/monitoring/stats 200","timestamp":"2026-06-22 15:33:44"}
{"level":"info","message":"GET /api/v1/monitoring/stats 200","timestamp":"2026-06-22 15:33:49"}
{"level":"info","message":"GET /api/v1/monitoring/stats 200","timestamp":"2026-06-22 15:33:54"}
{"level":"info","message":"GET /api/v1/monitoring/stats 200","timestamp":"2026-06-22 15:33:59"}
{"level":"info","message":"GET /api/v1/monitoring/stats 200","timestamp":"2026-06-22 15:34:04"}
{"level":"info","message":"GET /api/v1/monitoring/stats 200","timestamp":"2026-06-22 15:34:09"}
{"level":"info","message":"GET /api/v1/monitoring/stats 200","timestamp":"2026-06-22 15:34:14"}
{"level":"info","message":"GET /api/v1/monitoring/stats 200","timestamp":"2026-06-22 15:34:19"}
{"level":"info","message":"GET /api/v1/monitoring/stats 200","timestamp":"2026-06-22 15:34:24"}
{"level":"info","message":"GET /api/v1/monitoring/stats 200","timestamp":"2026-06-22 15:34:26"}
{"level":"info","message":"GET /api/v1/monitoring/stats 200","timestamp":"2026-06-22 15:34:26"}
{"level":"info","message":"GET /api/v1/monitoring/stats 200","timestamp":"2026-06-22 15:34:29"}
{"level":"info","message":"GET /api/v1/monitoring/stats 200","timestamp":"2026-06-22 15:34:34"}
{"level":"info","message":"GET /api/v1/monitoring/stats 200","timestamp":"2026-06-22 15:34:39"}
{"level":"info","message":"GET /api/v1/monitoring/stats 200","timestamp":"2026-06-22 15:34:44"}
{"level":"info","message":"GET /api/v1/monitoring/stats 200","timestamp":"2026-06-22 15:34:49"}
{"level":"info","message":"GET /api/v1/monitoring/stats 200","timestamp":"2026-06-22 15:34:54"}
{"level":"info","message":"GET /api/v1/monitoring/stats 200","timestamp":"2026-06-22 15:34:59"}
{"level":"info","message":"GET /api/v1/monitoring/stats 200","timestamp":"2026-06-22 15:35:04"}
{"level":"info","message":"GET /api/v1/monitoring/stats 200","timestamp":"2026-06-22 15:35:09"}
{"level":"info","message":"GET /api/v1/monitoring/stats 200","timestamp":"2026-06-22 15:35:14"}
{"level":"info","message":"GET /api/v1/monitoring/stats 200","timestamp":"2026-06-22 15:35:19"}
{"level":"info","message":"GET /api/v1/monitoring/stats 200","timestamp":"2026-06-22 15:35:24"}
{"level":"info","message":"GET /api/v1/monitoring/stats 200","timestamp":"2026-06-22 15:35:26"}
{"level":"info","message":"GET /api/v1/monitoring/stats 200","timestamp":"2026-06-22 15:35:26"}
{"level":"info","message":"GET /api/v1/monitoring/stats 200","timestamp":"2026-06-22 15:35:29"}
{"level":"info","message":"GET /api/v1/monitoring/stats 200","timestamp":"2026-06-22 15:35:34"}
{"level":"info","message":"GET /api/v1/monitoring/stats 200","timestamp":"2026-06-22 15:35:39"}
{"level":"info","message":"GET /api/v1/monitoring/stats 200","timestamp":"2026-06-22 15:35:44"}
{"level":"info","message":"GET /api/v1/monitoring/stats 200","timestamp":"2026-06-22 15:35:49"}
{"level":"info","message":"GET /api/v1/monitoring/stats 200","timestamp":"2026-06-22 15:35:54"}
{"level":"info","message":"GET /api/v1/monitoring/stats 200","timestamp":"2026-06-22 15:35:59"}
{"level":"info","message":"GET /api/v1/monitoring/stats 200","timestamp":"2026-06-22 15:36:04"}
{"level":"info","message":"GET /api/v1/monitoring/stats 200","timestamp":"2026-06-22 15:36:09"}
{"level":"info","message":"GET /api/v1/monitoring/stats 200","timestamp":"2026-06-22 15:36:14"}
{"level":"info","message":"GET /api/v1/monitoring/stats 200","timestamp":"2026-06-22 15:36:19"}
{"level":"info","message":"GET /api/v1/monitoring/stats 200","timestamp":"2026-06-22 15:36:24"}
{"level":"info","message":"GET /api/v1/monitoring/stats 200","timestamp":"2026-06-22 15:36:26"}
{"level":"info","message":"GET /api/v1/monitoring/stats 200","timestamp":"2026-06-22 15:36:26"}
{"level":"info","message":"GET /api/v1/monitoring/stats 200","timestamp":"2026-06-22 15:36:29"}
{"level":"info","message":"GET /api/v1/monitoring/stats 200","timestamp":"2026-06-22 15:36:34"}
{"level":"info","message":"GET /api/v1/monitoring/stats 200","timestamp":"2026-06-22 15:36:39"}
{"level":"info","message":"GET /api/v1/monitoring/stats 200","timestamp":"2026-06-22 15:36:44"}
{"level":"info","message":"GET /api/v1/monitoring/stats 200","timestamp":"2026-06-22 15:36:49"}
{"level":"info","message":"GET /api/v1/monitoring/stats 200","timestamp":"2026-06-22 15:36:54"}
{"level":"info","message":"GET /api/v1/monitoring/stats 200","timestamp":"2026-06-22 15:36:59"}
{"level":"info","message":"GET /api/v1/monitoring/stats 200","timestamp":"2026-06-22 15:37:04"}
{"level":"info","message":"GET /api/v1/monitoring/stats 200","timestamp":"2026-06-22 15:37:09"}
{"level":"info","message":"GET /api/v1/monitoring/stats 200","timestamp":"2026-06-22 15:37:14"}
{"level":"info","message":"GET /api/v1/monitoring/stats 200","timestamp":"2026-06-22 15:37:19"}
{"level":"info","message":"GET /api/v1/monitoring/stats 200","timestamp":"2026-06-22 15:37:24"}
{"level":"info","message":"GET /api/v1/monitoring/stats 200","timestamp":"2026-06-22 15:37:26"}
{"level":"info","message":"GET /api/v1/monitoring/stats 200","timestamp":"2026-06-22 15:37:26"}
{"level":"info","message":"GET /api/v1/monitoring/stats 200","timestamp":"2026-06-22 15:37:29"}
{"level":"info","message":"GET /api/v1/monitoring/stats 200","timestamp":"2026-06-22 15:37:34"}
{"level":"info","message":"GET /api/v1/monitoring/stats 200","timestamp":"2026-06-22 15:37:39"}
{"level":"info","message":"GET /api/v1/monitoring/stats 200","timestamp":"2026-06-22 15:37:44"}
{"level":"info","message":"GET /api/v1/monitoring/stats 200","timestamp":"2026-06-22 15:37:49"}
{"level":"info","message":"GET /api/v1/monitoring/stats 200","timestamp":"2026-06-22 15:37:54"}
{"level":"info","message":"GET /api/v1/monitoring/stats 200","timestamp":"2026-06-22 15:37:59"}
{"level":"info","message":"GET /api/v1/monitoring/stats 200","timestamp":"2026-06-22 15:38:04"}
{"level":"info","message":"GET /api/v1/monitoring/stats 200","timestamp":"2026-06-22 15:38:09"}
{"level":"info","message":"GET /api/v1/monitoring/stats 200","timestamp":"2026-06-22 15:38:14"}
{"level":"info","message":"GET /api/v1/monitoring/stats 200","timestamp":"2026-06-22 15:38:15"}
{"level":"info","message":"GET /api/v1/monitoring/stats 200","timestamp":"2026-06-22 15:38:18"}
{"level":"info","message":"GET /api/v1/monitoring/stats 200","timestamp":"2026-06-22 15:38:19"}
{"level":"info","message":"GET /api/v1/monitoring/stats 200","timestamp":"2026-06-22 15:38:22"}
{"level":"info","message":"GET /api/v1/monitoring/stats 200","timestamp":"2026-06-22 15:38:24"}
{"level":"info","message":"GET /api/v1/monitoring/stats 200","timestamp":"2026-06-22 15:38:26"}
{"level":"info","message":"GET /api/v1/monitoring/stats 200","timestamp":"2026-06-22 15:38:27"}
{"level":"info","message":"GET /api/v1/monitoring/stats 200","timestamp":"2026-06-22 15:38:29"}
{"level":"info","message":"GET /api/v1/monitoring/stats 200","timestamp":"2026-06-22 15:38:32"}
{"level":"info","message":"GET /api/v1/monitoring/stats 200","timestamp":"2026-06-22 15:38:34"}
{"level":"info","message":"GET /api/v1/monitoring/stats 200","timestamp":"2026-06-22 15:38:37"}
{"level":"info","message":"GET /api/v1/monitoring/stats 200","timestamp":"2026-06-22 15:38:39"}
{"level":"info","message":"GET /api/v1/monitoring/stats 200","timestamp":"2026-06-22 15:38:42"}
{"level":"info","message":"GET /api/v1/monitoring/stats 200","timestamp":"2026-06-22 15:38:44"}
{"level":"info","message":"GET /api/v1/monitoring/stats 200","timestamp":"2026-06-22 15:38:47"}
{"level":"info","message":"GET /api/v1/monitoring/stats 200","timestamp":"2026-06-22 15:38:49"}
{"level":"info","message":"GET /api/v1/monitoring/stats 200","timestamp":"2026-06-22 15:38:52"}
{"level":"info","message":"GET /api/v1/monitoring/stats 200","timestamp":"2026-06-22 15:38:54"}
{"level":"info","message":"GET /api/v1/monitoring/stats 200","timestamp":"2026-06-22 15:38:57"}
{"level":"info","message":"GET /api/v1/monitoring/stats 200","timestamp":"2026-06-22 15:38:59"}
{"level":"info","message":"GET /api/v1/monitoring/stats 200","timestamp":"2026-06-22 15:39:02"}
{"level":"info","message":"GET /api/v1/monitoring/stats 200","timestamp":"2026-06-22 15:39:04"}
{"level":"info","message":"GET /api/v1/monitoring/stats 200","timestamp":"2026-06-22 15:39:07"}
{"level":"info","message":"GET /api/v1/monitoring/stats 200","timestamp":"2026-06-22 15:39:09"}
{"level":"info","message":"GET /api/v1/monitoring/stats 200","timestamp":"2026-06-22 15:39:12"}
{"level":"info","message":"GET /api/v1/monitoring/stats 200","timestamp":"2026-06-22 15:39:14"}
{"level":"info","message":"GET /api/v1/monitoring/stats 200","timestamp":"2026-06-22 15:39:19"}
{"level":"info","message":"GET /api/v1/monitoring/stats 200","timestamp":"2026-06-22 15:39:24"}
{"level":"info","message":"GET /api/v1/monitoring/stats 200","timestamp":"2026-06-22 15:39:26"}
{"level":"info","message":"GET /api/v1/monitoring/stats 200","timestamp":"2026-06-22 15:39:26"}
{"level":"info","message":"GET /api/v1/monitoring/stats 200","timestamp":"2026-06-22 15:39:29"}
{"level":"info","message":"GET /api/v1/monitoring/stats 200","timestamp":"2026-06-22 15:39:34"}
{"level":"info","message":"GET /api/v1/monitoring/stats 200","timestamp":"2026-06-22 15:39:39"}
{"level":"info","message":"GET /api/v1/monitoring/stats 200","timestamp":"2026-06-22 15:39:44"}
{"level":"info","message":"GET /api/v1/monitoring/stats 200","timestamp":"2026-06-22 15:39:49"}
{"level":"info","message":"GET /api/v1/monitoring/stats 200","timestamp":"2026-06-22 15:39:54"}
{"level":"info","message":"GET /api/v1/monitoring/stats 200","timestamp":"2026-06-22 15:39:59"}
{"level":"info","message":"GET /api/v1/monitoring/stats 200","timestamp":"2026-06-22 15:40:04"}
{"level":"info","message":"GET /api/v1/monitoring/stats 200","timestamp":"2026-06-22 15:40:09"}
{"level":"info","message":"GET /api/v1/monitoring/stats 200","timestamp":"2026-06-22 15:40:14"}
{"level":"info","message":"GET /api/v1/monitoring/stats 200","timestamp":"2026-06-22 15:40:19"}
{"level":"info","message":"GET /api/v1/monitoring/stats 200","timestamp":"2026-06-22 15:40:24"}
{"level":"info","message":"GET /api/v1/monitoring/stats 200","timestamp":"2026-06-22 15:40:26"}
{"level":"info","message":"GET /api/v1/monitoring/stats 200","timestamp":"2026-06-22 15:40:26"}
{"level":"info","message":"GET /api/v1/monitoring/stats 200","timestamp":"2026-06-22 15:40:29"}
{"level":"info","message":"GET /api/v1/monitoring/stats 200","timestamp":"2026-06-22 15:40:34"}
{"level":"info","message":"GET /api/v1/monitoring/stats 200","timestamp":"2026-06-22 15:40:39"}
{"level":"info","message":"GET /api/v1/monitoring/stats 200","timestamp":"2026-06-22 15:40:44"}
{"level":"info","message":"GET /api/v1/monitoring/stats 200","timestamp":"2026-06-22 15:40:49"}
{"level":"info","message":"GET /api/v1/monitoring/stats 200","timestamp":"2026-06-22 15:40:54"}
{"level":"info","message":"GET /api/v1/monitoring/stats 200","timestamp":"2026-06-22 15:40:59"}
{"level":"info","message":"GET /api/v1/monitoring/stats 200","timestamp":"2026-06-22 15:41:04"}
{"level":"info","message":"GET /api/v1/monitoring/stats 200","timestamp":"2026-06-22 15:41:09"}
{"level":"info","message":"GET /api/v1/monitoring/stats 200","timestamp":"2026-06-22 15:41:14"}
{"level":"info","message":"GET /api/v1/monitoring/stats 200","timestamp":"2026-06-22 15:41:19"}
{"level":"info","message":"GET /api/v1/monitoring/stats 200","timestamp":"2026-06-22 15:41:24"}
{"level":"info","message":"GET /api/v1/monitoring/stats 200","timestamp":"2026-06-22 15:41:26"}
{"level":"info","message":"GET /api/v1/monitoring/stats 200","timestamp":"2026-06-22 15:41:26"}
{"level":"info","message":"GET /api/v1/monitoring/stats 200","timestamp":"2026-06-22 15:41:29"}
{"level":"info","message":"GET /api/v1/monitoring/stats 200","timestamp":"2026-06-22 15:41:34"}
{"level":"info","message":"GET /api/v1/monitoring/stats 200","timestamp":"2026-06-22 15:41:39"}
{"level":"info","message":"GET /api/v1/monitoring/stats 200","timestamp":"2026-06-22 15:41:44"}
{"level":"info","message":"GET /api/v1/monitoring/stats 200","timestamp":"2026-06-22 15:41:49"}
{"level":"info","message":"GET /api/v1/monitoring/stats 200","timestamp":"2026-06-22 15:41:54"}
{"level":"info","message":"GET /api/v1/monitoring/stats 200","timestamp":"2026-06-22 15:41:59"}
{"level":"info","message":"GET /api/v1/monitoring/stats 200","timestamp":"2026-06-22 15:42:04"}
{"level":"info","message":"GET /api/v1/monitoring/stats 200","timestamp":"2026-06-22 15:42:09"}
{"level":"info","message":"GET /api/v1/monitoring/stats 200","timestamp":"2026-06-22 15:42:14"}
{"level":"info","message":"GET /api/v1/monitoring/stats 200","timestamp":"2026-06-22 15:42:19"}
{"level":"info","message":"GET /api/v1/monitoring/stats 200","timestamp":"2026-06-22 15:42:24"}
{"level":"info","message":"GET /api/v1/monitoring/stats 200","timestamp":"2026-06-22 15:42:26"}
{"level":"info","message":"GET /api/v1/monitoring/stats 200","timestamp":"2026-06-22 15:42:26"}
{"level":"info","message":"GET /api/v1/monitoring/stats 200","timestamp":"2026-06-22 15:42:29"}
{"level":"info","message":"GET /api/v1/monitoring/stats 200","timestamp":"2026-06-22 15:42:34"}
{"level":"info","message":"GET /api/v1/monitoring/stats 200","timestamp":"2026-06-22 15:42:39"}
{"level":"info","message":"GET /api/v1/monitoring/stats 200","timestamp":"2026-06-22 15:42:44"}
{"level":"info","message":"GET /api/v1/monitoring/stats 200","timestamp":"2026-06-22 15:42:49"}
{"level":"info","message":"GET /api/v1/monitoring/stats 200","timestamp":"2026-06-22 15:42:54"}
{"level":"info","message":"GET /api/v1/monitoring/stats 200","timestamp":"2026-06-22 15:42:59"}
{"level":"info","message":"GET /api/v1/monitoring/stats 200","timestamp":"2026-06-22 15:43:04"}
{"level":"info","message":"GET /api/v1/monitoring/stats 200","timestamp":"2026-06-22 15:43:09"}
{"level":"info","message":"GET /api/v1/monitoring/stats 200","timestamp":"2026-06-22 15:43:14"}
{"level":"info","message":"GET /api/v1/monitoring/stats 200","timestamp":"2026-06-22 15:43:19"}
{"level":"info","message":"GET /api/v1/monitoring/stats 200","timestamp":"2026-06-22 15:43:24"}
{"level":"info","message":"GET /api/v1/monitoring/stats 200","timestamp":"2026-06-22 15:43:26"}
{"level":"info","message":"GET /api/v1/monitoring/stats 200","timestamp":"2026-06-22 15:43:26"}
{"level":"info","message":"GET /api/v1/monitoring/stats 200","timestamp":"2026-06-22 15:43:29"}
{"level":"info","message":"GET /api/v1/monitoring/stats 200","timestamp":"2026-06-22 15:43:34"}
{"level":"info","message":"GET /api/v1/monitoring/stats 200","timestamp":"2026-06-22 15:43:39"}
{"level":"info","message":"GET /api/v1/monitoring/stats 200","timestamp":"2026-06-22 15:43:44"}
{"level":"info","message":"GET /api/v1/monitoring/stats 200","timestamp":"2026-06-22 15:43:49"}
{"level":"info","message":"GET /api/v1/monitoring/stats 200","timestamp":"2026-06-22 15:43:54"}
{"level":"info","message":"GET /api/v1/monitoring/stats 200","timestamp":"2026-06-22 15:43:59"}
{"level":"info","message":"GET /api/v1/monitoring/stats 200","timestamp":"2026-06-22 15:44:04"}
{"level":"info","message":"GET /api/v1/monitoring/stats 200","timestamp":"2026-06-22 15:44:09"}
{"level":"info","message":"GET /api/v1/monitoring/stats 200","timestamp":"2026-06-22 15:44:14"}
{"level":"info","message":"GET /api/v1/monitoring/stats 200","timestamp":"2026-06-22 15:44:19"}
{"level":"info","message":"GET /api/v1/monitoring/stats 200","timestamp":"2026-06-22 15:44:24"}
{"level":"info","message":"GET /api/v1/monitoring/stats 200","timestamp":"2026-06-22 15:44:26"}
{"level":"info","message":"GET /api/v1/monitoring/stats 200","timestamp":"2026-06-22 15:44:26"}
{"level":"info","message":"GET /api/v1/monitoring/stats 200","timestamp":"2026-06-22 15:44:29"}
{"level":"info","message":"GET /api/v1/monitoring/stats 200","timestamp":"2026-06-22 15:44:34"}
{"level":"info","message":"GET /api/v1/monitoring/stats 200","timestamp":"2026-06-22 15:44:39"}
{"level":"info","message":"GET /api/v1/monitoring/stats 200","timestamp":"2026-06-22 15:44:44"}
{"level":"info","message":"GET /api/v1/monitoring/stats 200","timestamp":"2026-06-22 15:44:49"}
{"level":"info","message":"GET /api/v1/monitoring/stats 200","timestamp":"2026-06-22 15:44:54"}
{"level":"info","message":"GET /api/v1/monitoring/stats 200","timestamp":"2026-06-22 15:44:59"}
{"level":"info","message":"GET /api/v1/monitoring/stats 200","timestamp":"2026-06-22 15:45:04"}
{"level":"info","message":"GET /api/v1/monitoring/stats 200","timestamp":"2026-06-22 15:45:09"}
{"level":"info","message":"GET /api/v1/monitoring/stats 200","timestamp":"2026-06-22 15:45:14"}
{"level":"info","message":"GET /api/v1/monitoring/stats 200","timestamp":"2026-06-22 15:45:19"}
{"level":"info","message":"GET /api/v1/monitoring/stats 200","timestamp":"2026-06-22 15:45:24"}
{"level":"info","message":"GET /api/v1/monitoring/stats 200","timestamp":"2026-06-22 15:45:26"}
{"level":"info","message":"GET /api/v1/monitoring/stats 200","timestamp":"2026-06-22 15:45:26"}
{"level":"info","message":"GET /api/v1/monitoring/stats 200","timestamp":"2026-06-22 15:45:29"}
{"level":"info","message":"GET /api/v1/monitoring/stats 200","timestamp":"2026-06-22 15:45:34"}
{"level":"info","message":"GET /api/v1/monitoring/stats 200","timestamp":"2026-06-22 15:45:39"}
{"level":"info","message":"GET /api/v1/monitoring/stats 200","timestamp":"2026-06-22 15:45:44"}
{"level":"info","message":"GET /api/v1/monitoring/stats 200","timestamp":"2026-06-22 15:45:49"}
{"level":"info","message":"GET /api/v1/monitoring/stats 200","timestamp":"2026-06-22 15:45:54"}
{"level":"info","message":"GET /api/v1/monitoring/stats 200","timestamp":"2026-06-22 15:45:59"}
{"level":"info","message":"GET /api/v1/monitoring/stats 200","timestamp":"2026-06-22 15:46:04"}
{"level":"info","message":"GET /api/v1/monitoring/stats 200","timestamp":"2026-06-22 15:46:09"}
{"level":"info","message":"GET /api/v1/monitoring/stats 200","timestamp":"2026-06-22 15:46:14"}
{"level":"info","message":"GET /api/v1/monitoring/stats 200","timestamp":"2026-06-22 15:46:19"}
{"level":"info","message":"GET /api/v1/monitoring/stats 200","timestamp":"2026-06-22 15:46:24"}
{"level":"info","message":"GET /api/v1/monitoring/stats 200","timestamp":"2026-06-22 15:46:26"}
{"level":"info","message":"GET /api/v1/monitoring/stats 200","timestamp":"2026-06-22 15:46:26"}
{"level":"info","message":"GET /api/v1/monitoring/stats 200","timestamp":"2026-06-22 15:46:29"}
{"level":"info","message":"GET /api/v1/monitoring/stats 200","timestamp":"2026-06-22 15:46:34"}
{"level":"info","message":"GET /api/v1/monitoring/stats 200","timestamp":"2026-06-22 15:46:39"}
{"level":"info","message":"GET /api/v1/monitoring/stats 200","timestamp":"2026-06-22 15:46:44"}
{"level":"info","message":"GET /api/v1/monitoring/stats 200","timestamp":"2026-06-22 15:46:49"}
{"level":"info","message":"GET /api/v1/monitoring/stats 200","timestamp":"2026-06-22 15:46:54"}
{"level":"info","message":"GET /api/v1/monitoring/stats 200","timestamp":"2026-06-22 15:46:59"}
{"level":"info","message":"GET /api/v1/monitoring/stats 200","timestamp":"2026-06-22 15:47:04"}
{"level":"info","message":"GET /api/v1/monitoring/stats 200","timestamp":"2026-06-22 15:47:09"}
{"level":"info","message":"GET /api/v1/monitoring/stats 200","timestamp":"2026-06-22 15:47:14"}
{"level":"info","message":"GET /api/v1/monitoring/stats 200","timestamp":"2026-06-22 15:47:19"}
{"level":"info","message":"GET /api/v1/monitoring/stats 200","timestamp":"2026-06-22 15:47:24"}
{"level":"info","message":"GET /api/v1/monitoring/stats 200","timestamp":"2026-06-22 15:47:26"}
{"level":"info","message":"GET /api/v1/monitoring/stats 200","timestamp":"2026-06-22 15:47:26"}
{"level":"info","message":"GET /api/v1/monitoring/stats 200","timestamp":"2026-06-22 15:47:29"}
{"level":"info","message":"GET /api/v1/monitoring/stats 200","timestamp":"2026-06-22 15:47:34"}
{"level":"info","message":"GET /api/v1/monitoring/stats 200","timestamp":"2026-06-22 15:47:39"}
{"level":"info","message":"GET /api/v1/monitoring/stats 200","timestamp":"2026-06-22 15:47:44"}
{"level":"info","message":"GET /api/v1/monitoring/stats 200","timestamp":"2026-06-22 15:47:49"}
{"level":"info","message":"GET /api/v1/monitoring/stats 200","timestamp":"2026-06-22 15:47:54"}
{"level":"info","message":"GET /api/v1/monitoring/stats 200","timestamp":"2026-06-22 15:47:59"}
{"level":"info","message":"GET /api/v1/monitoring/stats 200","timestamp":"2026-06-22 15:48:04"}
{"level":"info","message":"GET /api/v1/monitoring/stats 200","timestamp":"2026-06-22 15:48:09"}
{"level":"info","message":"GET /api/v1/monitoring/stats 200","timestamp":"2026-06-22 15:48:14"}
{"level":"info","message":"GET /api/v1/monitoring/stats 200","timestamp":"2026-06-22 15:48:19"}
{"level":"info","message":"GET /api/v1/monitoring/stats 200","timestamp":"2026-06-22 15:48:24"}
{"level":"info","message":"GET /api/v1/monitoring/stats 200","timestamp":"2026-06-22 15:48:26"}
{"level":"info","message":"GET /api/v1/monitoring/stats 200","timestamp":"2026-06-22 15:48:26"}
{"level":"info","message":"GET /api/v1/monitoring/stats 200","timestamp":"2026-06-22 15:48:29"}
{"level":"info","message":"GET /api/v1/monitoring/stats 200","timestamp":"2026-06-22 15:48:34"}
{"level":"info","message":"GET /api/v1/monitoring/stats 200","timestamp":"2026-06-22 15:48:39"}
{"level":"info","message":"GET /api/v1/monitoring/stats 200","timestamp":"2026-06-22 15:48:44"}
{"level":"info","message":"GET /api/v1/monitoring/stats 200","timestamp":"2026-06-22 15:48:49"}
{"level":"info","message":"GET /api/v1/monitoring/stats 200","timestamp":"2026-06-22 15:48:54"}
{"level":"info","message":"GET /api/v1/monitoring/stats 200","timestamp":"2026-06-22 15:48:59"}
{"level":"info","message":"GET /api/v1/monitoring/stats 200","timestamp":"2026-06-22 15:49:04"}
{"level":"info","message":"GET /api/v1/monitoring/stats 200","timestamp":"2026-06-22 15:49:09"}
{"level":"info","message":"GET /api/v1/monitoring/stats 200","timestamp":"2026-06-22 15:49:14"}
{"level":"info","message":"GET /api/v1/monitoring/stats 200","timestamp":"2026-06-22 15:49:19"}
{"level":"info","message":"GET /api/v1/monitoring/stats 200","timestamp":"2026-06-22 15:49:24"}
{"level":"info","message":"GET /api/v1/monitoring/stats 200","timestamp":"2026-06-22 15:49:26"}
{"level":"info","message":"GET /api/v1/monitoring/stats 200","timestamp":"2026-06-22 15:49:26"}
{"level":"info","message":"GET /api/v1/monitoring/stats 200","timestamp":"2026-06-22 15:49:29"}
{"level":"info","message":"GET /api/v1/monitoring/stats 200","timestamp":"2026-06-22 15:49:34"}
{"level":"info","message":"GET /api/v1/monitoring/stats 200","timestamp":"2026-06-22 15:49:39"}
{"level":"info","message":"GET /api/v1/monitoring/stats 200","timestamp":"2026-06-22 15:49:44"}
{"level":"info","message":"GET /api/v1/monitoring/stats 200","timestamp":"2026-06-22 15:49:49"}
{"level":"info","message":"GET /api/v1/monitoring/stats 200","timestamp":"2026-06-22 15:49:54"}
{"level":"info","message":"GET /api/v1/monitoring/stats 200","timestamp":"2026-06-22 15:49:59"}
{"level":"info","message":"GET /api/v1/monitoring/stats 200","timestamp":"2026-06-22 15:50:04"}
{"level":"info","message":"GET /api/v1/monitoring/stats 200","timestamp":"2026-06-22 15:50:09"}
{"level":"info","message":"GET /api/v1/monitoring/stats 200","timestamp":"2026-06-22 15:50:14"}
{"level":"info","message":"GET /api/v1/monitoring/stats 200","timestamp":"2026-06-22 15:50:19"}
{"level":"info","message":"GET /api/v1/monitoring/stats 200","timestamp":"2026-06-22 15:50:24"}
{"level":"info","message":"GET /api/v1/monitoring/stats 200","timestamp":"2026-06-22 15:50:26"}
{"level":"info","message":"GET /api/v1/monitoring/stats 200","timestamp":"2026-06-22 15:50:26"}
{"level":"info","message":"GET /api/v1/monitoring/stats 200","timestamp":"2026-06-22 15:50:29"}
{"level":"info","message":"GET /api/v1/monitoring/stats 200","timestamp":"2026-06-22 15:50:34"}
{"level":"info","message":"GET /api/v1/monitoring/stats 200","timestamp":"2026-06-22 15:50:39"}
{"level":"info","message":"GET /api/v1/monitoring/stats 200","timestamp":"2026-06-22 15:50:44"}
{"level":"info","message":"GET /api/v1/monitoring/stats 200","timestamp":"2026-06-22 15:50:49"}
{"level":"info","message":"GET /api/v1/monitoring/stats 200","timestamp":"2026-06-22 15:50:54"}
{"level":"info","message":"GET /api/v1/monitoring/stats 200","timestamp":"2026-06-22 15:50:59"}
{"level":"info","message":"GET /api/v1/monitoring/stats 200","timestamp":"2026-06-22 15:51:04"}
{"level":"info","message":"GET /api/v1/monitoring/stats 200","timestamp":"2026-06-22 15:51:09"}
{"level":"info","message":"GET /api/v1/monitoring/stats 200","timestamp":"2026-06-22 15:51:14"}
{"level":"info","message":"GET /api/v1/monitoring/stats 200","timestamp":"2026-06-22 15:51:19"}
{"level":"info","message":"GET /api/v1/monitoring/stats 200","timestamp":"2026-06-22 15:51:24"}
{"level":"info","message":"GET /api/v1/monitoring/stats 200","timestamp":"2026-06-22 15:51:26"}
{"level":"info","message":"GET /api/v1/monitoring/stats 200","timestamp":"2026-06-22 15:51:26"}
{"level":"info","message":"GET /api/v1/monitoring/stats 200","timestamp":"2026-06-22 15:51:29"}
{"level":"info","message":"GET /api/v1/monitoring/stats 200","timestamp":"2026-06-22 15:51:34"}
{"level":"info","message":"GET /api/v1/monitoring/stats 200","timestamp":"2026-06-22 15:51:39"}
{"level":"info","message":"GET /api/v1/monitoring/stats 200","timestamp":"2026-06-22 15:51:44"}
{"level":"info","message":"GET /api/v1/monitoring/stats 200","timestamp":"2026-06-22 15:51:49"}
{"level":"info","message":"GET /api/v1/monitoring/stats 200","timestamp":"2026-06-22 15:51:54"}
{"level":"info","message":"GET /api/v1/monitoring/stats 200","timestamp":"2026-06-22 15:51:59"}
{"level":"info","message":"GET /api/v1/monitoring/stats 200","timestamp":"2026-06-22 15:52:04"}
{"level":"info","message":"GET /api/v1/monitoring/stats 200","timestamp":"2026-06-22 15:52:09"}
{"level":"info","message":"GET /api/v1/monitoring/stats 200","timestamp":"2026-06-22 15:52:14"}
{"level":"info","message":"GET /api/v1/monitoring/stats 200","timestamp":"2026-06-22 15:52:19"}
{"level":"info","message":"GET /api/v1/monitoring/stats 200","timestamp":"2026-06-22 15:52:24"}
{"level":"info","message":"GET /api/v1/monitoring/stats 200","timestamp":"2026-06-22 15:52:26"}
{"level":"info","message":"GET /api/v1/monitoring/stats 200","timestamp":"2026-06-22 15:52:26"}
{"level":"info","message":"GET /api/v1/monitoring/stats 200","timestamp":"2026-06-22 15:52:29"}
{"level":"info","message":"GET /api/v1/monitoring/stats 200","timestamp":"2026-06-22 15:52:34"}
{"level":"info","message":"GET /api/v1/monitoring/stats 200","timestamp":"2026-06-22 15:52:39"}
{"level":"info","message":"GET /api/v1/monitoring/stats 200","timestamp":"2026-06-22 15:52:44"}
{"level":"info","message":"GET /api/v1/monitoring/stats 200","timestamp":"2026-06-22 15:52:49"}
{"level":"info","message":"GET /api/v1/monitoring/stats 200","timestamp":"2026-06-22 15:52:54"}
{"level":"info","message":"GET /api/v1/monitoring/stats 200","timestamp":"2026-06-22 15:52:59"}
{"level":"info","message":"GET /api/v1/monitoring/stats 200","timestamp":"2026-06-22 15:53:04"}
{"level":"info","message":"GET /api/v1/monitoring/stats 200","timestamp":"2026-06-22 15:53:09"}
{"level":"info","message":"GET /api/v1/monitoring/stats 200","timestamp":"2026-06-22 15:53:14"}
{"level":"info","message":"GET /api/v1/monitoring/stats 200","timestamp":"2026-06-22 15:53:19"}
{"level":"info","message":"GET /api/v1/monitoring/stats 200","timestamp":"2026-06-22 15:53:24"}
{"level":"info","message":"GET /api/v1/monitoring/stats 200","timestamp":"2026-06-22 15:53:26"}
{"level":"info","message":"GET /api/v1/monitoring/stats 200","timestamp":"2026-06-22 15:53:26"}
{"level":"info","message":"GET /api/v1/monitoring/stats 200","timestamp":"2026-06-22 15:53:29"}
{"level":"info","message":"GET /api/v1/monitoring/stats 200","timestamp":"2026-06-22 15:53:34"}
{"level":"info","message":"GET /api/v1/monitoring/stats 200","timestamp":"2026-06-22 15:53:39"}
{"level":"info","message":"GET /api/v1/monitoring/stats 200","timestamp":"2026-06-22 15:53:44"}
{"level":"info","message":"GET /api/v1/monitoring/stats 200","timestamp":"2026-06-22 15:53:49"}
{"level":"info","message":"GET /api/v1/monitoring/stats 200","timestamp":"2026-06-22 15:53:54"}
{"level":"info","message":"GET /api/v1/monitoring/stats 200","timestamp":"2026-06-22 15:53:59"}
{"level":"info","message":"GET /api/v1/monitoring/stats 200","timestamp":"2026-06-22 15:54:04"}
{"level":"info","message":"GET /api/v1/monitoring/stats 200","timestamp":"2026-06-22 15:54:09"}
{"level":"info","message":"GET /api/v1/monitoring/stats 200","timestamp":"2026-06-22 15:54:14"}
{"level":"info","message":"GET /api/v1/monitoring/stats 200","timestamp":"2026-06-22 15:54:19"}
{"level":"info","message":"GET /api/v1/monitoring/stats 200","timestamp":"2026-06-22 15:54:24"}
{"level":"info","message":"GET /api/v1/monitoring/stats 200","timestamp":"2026-06-22 15:54:26"}
{"level":"info","message":"GET /api/v1/monitoring/stats 200","timestamp":"2026-06-22 15:54:26"}
{"level":"info","message":"GET /api/v1/monitoring/stats 200","timestamp":"2026-06-22 15:54:29"}
{"level":"info","message":"GET /api/v1/monitoring/stats 200","timestamp":"2026-06-22 15:54:34"}
{"level":"info","message":"GET /api/v1/monitoring/stats 200","timestamp":"2026-06-22 15:54:39"}
{"level":"info","message":"GET /api/v1/monitoring/stats 200","timestamp":"2026-06-22 15:54:44"}
{"level":"info","message":"GET /api/v1/monitoring/stats 200","timestamp":"2026-06-22 15:54:49"}
{"level":"info","message":"GET /api/v1/monitoring/stats 200","timestamp":"2026-06-22 15:54:54"}
{"level":"info","message":"GET /api/v1/monitoring/stats 200","timestamp":"2026-06-22 15:54:59"}
{"level":"info","message":"GET /api/v1/monitoring/stats 200","timestamp":"2026-06-22 15:55:04"}
{"level":"info","message":"GET /api/v1/monitoring/stats 200","timestamp":"2026-06-22 15:55:09"}
{"level":"info","message":"GET /api/v1/monitoring/stats 200","timestamp":"2026-06-22 15:55:14"}
{"level":"info","message":"GET /api/v1/monitoring/stats 200","timestamp":"2026-06-22 15:55:19"}
{"level":"info","message":"GET /api/v1/monitoring/stats 200","timestamp":"2026-06-22 15:55:24"}
{"level":"info","message":"GET /api/v1/monitoring/stats 200","timestamp":"2026-06-22 15:55:26"}
{"level":"info","message":"GET /api/v1/monitoring/stats 200","timestamp":"2026-06-22 15:55:26"}
{"level":"info","message":"GET /api/v1/monitoring/stats 200","timestamp":"2026-06-22 15:55:29"}
{"level":"info","message":"GET /api/v1/monitoring/stats 200","timestamp":"2026-06-22 15:55:34"}
{"level":"info","message":"GET /api/v1/monitoring/stats 200","timestamp":"2026-06-22 15:55:39"}
{"level":"info","message":"GET /api/v1/monitoring/stats 200","timestamp":"2026-06-22 15:55:44"}
{"level":"info","message":"GET /api/v1/monitoring/stats 200","timestamp":"2026-06-22 15:55:49"}
{"level":"info","message":"GET /api/v1/monitoring/stats 200","timestamp":"2026-06-22 15:55:54"}
{"level":"info","message":"GET /api/v1/monitoring/stats 200","timestamp":"2026-06-22 15:55:59"}
{"level":"info","message":"GET /api/v1/monitoring/stats 200","timestamp":"2026-06-22 15:56:04"}
{"level":"info","message":"GET /api/v1/monitoring/stats 200","timestamp":"2026-06-22 15:56:09"}
{"level":"info","message":"GET /api/v1/monitoring/stats 200","timestamp":"2026-06-22 15:56:14"}
{"level":"info","message":"GET /api/v1/monitoring/stats 200","timestamp":"2026-06-22 15:56:19"}
{"level":"info","message":"GET /api/v1/monitoring/stats 200","timestamp":"2026-06-22 15:56:24"}
{"level":"info","message":"GET /api/v1/monitoring/stats 200","timestamp":"2026-06-22 15:56:26"}
{"level":"info","message":"GET /api/v1/monitoring/stats 200","timestamp":"2026-06-22 15:56:26"}
{"level":"info","message":"GET /api/v1/monitoring/stats 200","timestamp":"2026-06-22 15:56:29"}
{"level":"info","message":"GET /api/v1/monitoring/stats 200","timestamp":"2026-06-22 15:56:34"}
{"level":"info","message":"GET /api/v1/monitoring/stats 200","timestamp":"2026-06-22 15:56:39"}
{"level":"info","message":"GET /api/v1/monitoring/stats 200","timestamp":"2026-06-22 15:56:44"}
{"level":"info","message":"GET /api/v1/monitoring/stats 200","timestamp":"2026-06-22 15:56:49"}
{"level":"info","message":"GET /api/v1/monitoring/stats 200","timestamp":"2026-06-22 15:56:54"}
{"level":"info","message":"GET /api/v1/monitoring/stats 200","timestamp":"2026-06-22 15:56:59"}
{"level":"info","message":"GET /api/v1/monitoring/stats 200","timestamp":"2026-06-22 15:57:04"}
{"level":"info","message":"GET /api/v1/monitoring/stats 200","timestamp":"2026-06-22 15:57:09"}
{"level":"info","message":"GET /api/v1/monitoring/stats 200","timestamp":"2026-06-22 15:57:14"}
{"level":"info","message":"GET /api/v1/monitoring/stats 200","timestamp":"2026-06-22 15:57:19"}
{"level":"info","message":"GET /api/v1/monitoring/stats 200","timestamp":"2026-06-22 15:57:24"}
{"level":"info","message":"GET /api/v1/monitoring/stats 200","timestamp":"2026-06-22 15:57:26"}
{"level":"info","message":"GET /api/v1/monitoring/stats 200","timestamp":"2026-06-22 15:57:26"}
{"level":"info","message":"GET /api/v1/monitoring/stats 200","timestamp":"2026-06-22 15:57:29"}
{"level":"info","message":"GET /api/v1/monitoring/stats 200","timestamp":"2026-06-22 15:57:34"}
{"level":"info","message":"GET /api/v1/monitoring/stats 200","timestamp":"2026-06-22 15:57:39"}
{"level":"info","message":"GET /api/v1/monitoring/stats 200","timestamp":"2026-06-22 15:57:44"}
{"level":"info","message":"GET /api/v1/monitoring/stats 200","timestamp":"2026-06-22 15:57:49"}
{"level":"info","message":"GET /api/v1/monitoring/stats 200","timestamp":"2026-06-22 15:57:54"}
{"level":"info","message":"GET /api/v1/monitoring/stats 200","timestamp":"2026-06-22 15:57:59"}
{"level":"info","message":"GET /api/v1/monitoring/stats 200","timestamp":"2026-06-22 15:58:04"}
{"level":"info","message":"GET /api/v1/monitoring/stats 200","timestamp":"2026-06-22 15:58:09"}
{"level":"info","message":"GET /api/v1/monitoring/stats 200","timestamp":"2026-06-22 15:58:14"}
{"level":"info","message":"GET /api/v1/monitoring/stats 200","timestamp":"2026-06-22 15:58:19"}
{"level":"info","message":"GET /api/v1/monitoring/stats 200","timestamp":"2026-06-22 15:58:24"}
{"level":"info","message":"GET /api/v1/monitoring/stats 200","timestamp":"2026-06-22 15:58:26"}
{"level":"info","message":"GET /api/v1/monitoring/stats 200","timestamp":"2026-06-22 15:58:26"}
{"level":"info","message":"GET /api/v1/monitoring/stats 200","timestamp":"2026-06-22 15:58:29"}
{"level":"info","message":"GET /api/v1/monitoring/stats 200","timestamp":"2026-06-22 15:58:34"}
{"level":"info","message":"GET /api/v1/monitoring/stats 200","timestamp":"2026-06-22 15:58:39"}
{"level":"info","message":"GET /api/v1/monitoring/stats 200","timestamp":"2026-06-22 15:58:44"}
{"level":"info","message":"GET /api/v1/monitoring/stats 200","timestamp":"2026-06-22 15:58:49"}
{"level":"info","message":"GET /api/v1/monitoring/stats 200","timestamp":"2026-06-22 15:58:54"}
{"level":"info","message":"GET /api/v1/monitoring/stats 200","timestamp":"2026-06-22 15:58:59"}
{"level":"info","message":"GET /api/v1/monitoring/stats 200","timestamp":"2026-06-22 15:59:04"}
{"level":"info","message":"GET /api/v1/monitoring/stats 200","timestamp":"2026-06-22 15:59:09"}
{"level":"info","message":"GET /api/v1/monitoring/stats 200","timestamp":"2026-06-22 15:59:14"}
{"level":"info","message":"GET /api/v1/monitoring/stats 200","timestamp":"2026-06-22 15:59:19"}
{"level":"info","message":"GET /api/v1/monitoring/stats 200","timestamp":"2026-06-22 15:59:24"}
{"level":"info","message":"GET /api/v1/monitoring/stats 200","timestamp":"2026-06-22 15:59:26"}
{"level":"info","message":"GET /api/v1/monitoring/stats 200","timestamp":"2026-06-22 15:59:26"}
{"level":"info","message":"GET /api/v1/monitoring/stats 200","timestamp":"2026-06-22 15:59:29"}
{"level":"info","message":"GET /api/v1/monitoring/stats 200","timestamp":"2026-06-22 15:59:34"}
{"level":"info","message":"GET /api/v1/monitoring/stats 200","timestamp":"2026-06-22 15:59:39"}
{"level":"info","message":"GET /api/v1/monitoring/stats 200","timestamp":"2026-06-22 15:59:44"}
{"level":"info","message":"GET /api/v1/monitoring/stats 200","timestamp":"2026-06-22 15:59:49"}
{"level":"info","message":"GET /api/v1/monitoring/stats 200","timestamp":"2026-06-22 15:59:54"}
{"level":"info","message":"GET /api/v1/monitoring/stats 200","timestamp":"2026-06-22 15:59:59"}
{"level":"info","message":"GET /api/v1/monitoring/stats 200","timestamp":"2026-06-22 16:00:04"}
{"level":"info","message":"GET /api/v1/monitoring/stats 200","timestamp":"2026-06-22 16:00:09"}
{"level":"info","message":"GET /api/v1/monitoring/stats 200","timestamp":"2026-06-22 16:00:14"}
{"level":"info","message":"GET /api/v1/monitoring/stats 200","timestamp":"2026-06-22 16:00:19"}
{"level":"info","message":"GET /api/v1/monitoring/stats 200","timestamp":"2026-06-22 16:00:24"}
{"level":"info","message":"GET /api/v1/monitoring/stats 200","timestamp":"2026-06-22 16:00:26"}
{"level":"info","message":"GET /api/v1/monitoring/stats 200","timestamp":"2026-06-22 16:00:26"}
{"level":"info","message":"GET /api/v1/monitoring/stats 200","timestamp":"2026-06-22 16:00:29"}
{"level":"info","message":"GET /api/v1/monitoring/stats 200","timestamp":"2026-06-22 16:00:34"}
{"level":"info","message":"GET /api/v1/monitoring/stats 200","timestamp":"2026-06-22 16:00:39"}
{"level":"info","message":"GET /api/v1/monitoring/stats 200","timestamp":"2026-06-22 16:00:44"}
{"level":"info","message":"GET /api/v1/monitoring/stats 200","timestamp":"2026-06-22 16:00:49"}
{"level":"info","message":"GET /api/v1/monitoring/stats 200","timestamp":"2026-06-22 16:00:54"}
{"level":"info","message":"GET /api/v1/monitoring/stats 200","timestamp":"2026-06-22 16:00:59"}
{"level":"info","message":"GET /api/v1/monitoring/stats 200","timestamp":"2026-06-22 16:01:04"}
{"level":"info","message":"GET /api/v1/monitoring/stats 200","timestamp":"2026-06-22 16:01:09"}
{"level":"info","message":"GET /api/v1/monitoring/stats 200","timestamp":"2026-06-22 16:01:14"}
{"level":"info","message":"GET /api/v1/monitoring/stats 200","timestamp":"2026-06-22 16:01:20"}
{"level":"info","message":"GET /api/v1/monitoring/stats 200","timestamp":"2026-06-22 16:01:25"}
{"level":"info","message":"GET /api/v1/monitoring/stats 200","timestamp":"2026-06-22 16:01:28"}
{"level":"info","message":"GET /api/v1/monitoring/stats 200","timestamp":"2026-06-22 16:01:28"}
{"level":"info","message":"GET /api/v1/monitoring/stats 200","timestamp":"2026-06-22 16:01:30"}
{"level":"info","message":"GET /api/v1/monitoring/stats 200","timestamp":"2026-06-22 16:01:35"}
{"level":"info","message":"GET /api/v1/monitoring/stats 200","timestamp":"2026-06-22 16:01:40"}
{"level":"info","message":"GET /api/v1/monitoring/stats 200","timestamp":"2026-06-22 16:01:45"}
{"level":"info","message":"GET /api/v1/monitoring/stats 200","timestamp":"2026-06-22 16:01:50"}
{"level":"info","message":"GET /api/v1/monitoring/stats 200","timestamp":"2026-06-22 16:01:55"}
{"level":"info","message":"GET /api/v1/monitoring/stats 200","timestamp":"2026-06-22 16:02:00"}
{"level":"info","message":"GET /api/v1/monitoring/stats 200","timestamp":"2026-06-22 16:02:05"}
{"level":"info","message":"GET /api/v1/monitoring/stats 200","timestamp":"2026-06-22 16:02:10"}
{"level":"info","message":"GET /api/v1/monitoring/stats 200","timestamp":"2026-06-22 16:02:15"}
{"level":"info","message":"GET /api/v1/monitoring/stats 200","timestamp":"2026-06-22 16:02:20"}
{"level":"info","message":"GET /api/v1/monitoring/stats 200","timestamp":"2026-06-22 16:02:25"}
{"level":"info","message":"GET /api/v1/monitoring/stats 200","timestamp":"2026-06-22 16:02:28"}
{"level":"info","message":"GET /api/v1/monitoring/stats 200","timestamp":"2026-06-22 16:02:28"}
{"level":"info","message":"GET /api/v1/monitoring/stats 200","timestamp":"2026-06-22 16:02:30"}
{"level":"info","message":"GET /api/v1/monitoring/stats 200","timestamp":"2026-06-22 16:02:35"}
{"level":"info","message":"GET /api/v1/monitoring/stats 200","timestamp":"2026-06-22 16:02:40"}
{"level":"info","message":"GET /api/v1/monitoring/stats 200","timestamp":"2026-06-22 16:02:45"}
{"level":"info","message":"GET /api/v1/monitoring/stats 200","timestamp":"2026-06-22 16:02:50"}
{"level":"info","message":"GET /api/v1/monitoring/stats 200","timestamp":"2026-06-22 16:02:55"}
{"level":"info","message":"GET /api/v1/monitoring/stats 200","timestamp":"2026-06-22 16:03:00"}
{"level":"info","message":"GET /api/v1/monitoring/stats 200","timestamp":"2026-06-22 16:03:05"}
{"level":"info","message":"GET /api/v1/monitoring/stats 200","timestamp":"2026-06-22 16:03:10"}
{"level":"info","message":"GET /api/v1/monitoring/stats 200","timestamp":"2026-06-22 16:03:15"}
{"level":"info","message":"GET /api/v1/monitoring/stats 200","timestamp":"2026-06-22 16:03:20"}
{"level":"info","message":"GET /api/v1/monitoring/stats 200","timestamp":"2026-06-22 16:03:25"}
{"level":"info","message":"GET /api/v1/monitoring/stats 200","timestamp":"2026-06-22 16:03:28"}
{"level":"info","message":"GET /api/v1/monitoring/stats 200","timestamp":"2026-06-22 16:03:28"}
{"level":"info","message":"GET /api/v1/monitoring/stats 200","timestamp":"2026-06-22 16:03:30"}
{"level":"info","message":"GET /api/v1/monitoring/stats 200","timestamp":"2026-06-22 16:03:35"}
{"level":"info","message":"GET /api/v1/monitoring/stats 200","timestamp":"2026-06-22 16:03:40"}
{"level":"info","message":"GET /api/v1/monitoring/stats 200","timestamp":"2026-06-22 16:03:45"}
{"level":"info","message":"GET /api/v1/monitoring/stats 200","timestamp":"2026-06-22 16:03:50"}
{"level":"info","message":"GET /api/v1/monitoring/stats 200","timestamp":"2026-06-22 16:03:55"}
{"level":"info","message":"GET /api/v1/monitoring/stats 200","timestamp":"2026-06-22 16:04:00"}
{"level":"info","message":"GET /api/v1/monitoring/stats 200","timestamp":"2026-06-22 16:04:05"}
{"level":"info","message":"GET /api/v1/monitoring/stats 200","timestamp":"2026-06-22 16:04:10"}
{"level":"info","message":"GET /api/v1/monitoring/stats 200","timestamp":"2026-06-22 16:04:15"}
{"level":"info","message":"GET /api/v1/monitoring/stats 200","timestamp":"2026-06-22 16:04:20"}
{"level":"info","message":"GET /api/v1/monitoring/stats 200","timestamp":"2026-06-22 16:04:25"}
{"level":"info","message":"GET /api/v1/monitoring/stats 200","timestamp":"2026-06-22 16:04:28"}
{"level":"info","message":"GET /api/v1/monitoring/stats 200","timestamp":"2026-06-22 16:04:28"}
{"level":"info","message":"GET /api/v1/monitoring/stats 200","timestamp":"2026-06-22 16:04:30"}
{"level":"info","message":"GET /api/v1/monitoring/stats 200","timestamp":"2026-06-22 16:04:35"}
{"level":"info","message":"GET /api/v1/monitoring/stats 200","timestamp":"2026-06-22 16:04:40"}
{"level":"info","message":"GET /api/v1/monitoring/stats 200","timestamp":"2026-06-22 16:04:45"}
{"level":"info","message":"GET /api/v1/monitoring/stats 200","timestamp":"2026-06-22 16:04:50"}
{"level":"info","message":"GET /api/v1/monitoring/stats 200","timestamp":"2026-06-22 16:04:55"}
{"level":"info","message":"GET /api/v1/monitoring/stats 200","timestamp":"2026-06-22 16:05:00"}
{"level":"info","message":"GET /api/v1/monitoring/stats 200","timestamp":"2026-06-22 16:05:05"}
{"level":"info","message":"GET /api/v1/monitoring/stats 200","timestamp":"2026-06-22 16:05:10"}
{"level":"info","message":"GET /api/v1/monitoring/stats 200","timestamp":"2026-06-22 16:05:15"}
{"level":"info","message":"GET /api/v1/monitoring/stats 200","timestamp":"2026-06-22 16:05:20"}
{"level":"info","message":"GET /api/v1/monitoring/stats 200","timestamp":"2026-06-22 16:05:25"}
{"level":"info","message":"GET /api/v1/monitoring/stats 200","timestamp":"2026-06-22 16:05:28"}
{"level":"info","message":"GET /api/v1/monitoring/stats 200","timestamp":"2026-06-22 16:05:28"}
{"level":"info","message":"GET /api/v1/monitoring/stats 200","timestamp":"2026-06-22 16:05:30"}
{"level":"info","message":"GET /api/v1/monitoring/stats 200","timestamp":"2026-06-22 16:05:35"}
{"level":"info","message":"GET /api/v1/monitoring/stats 200","timestamp":"2026-06-22 16:05:40"}
{"level":"info","message":"GET /api/v1/monitoring/stats 200","timestamp":"2026-06-22 16:05:45"}
{"level":"info","message":"GET /api/v1/monitoring/stats 200","timestamp":"2026-06-22 16:05:50"}
{"level":"info","message":"GET /api/v1/monitoring/stats 200","timestamp":"2026-06-22 16:05:55"}
{"level":"info","message":"GET /api/v1/monitoring/stats 200","timestamp":"2026-06-22 16:06:00"}
{"level":"info","message":"GET /api/v1/monitoring/stats 200","timestamp":"2026-06-22 16:06:05"}
{"level":"info","message":"GET /api/v1/monitoring/stats 200","timestamp":"2026-06-22 16:06:10"}
{"level":"info","message":"GET /api/v1/monitoring/stats 200","timestamp":"2026-06-22 16:06:15"}
{"level":"info","message":"GET /api/v1/monitoring/stats 200","timestamp":"2026-06-22 16:06:20"}
{"level":"info","message":"GET /api/v1/monitoring/stats 200","timestamp":"2026-06-22 16:06:25"}
{"level":"info","message":"GET /api/v1/monitoring/stats 200","timestamp":"2026-06-22 16:06:28"}
{"level":"info","message":"GET /api/v1/monitoring/stats 200","timestamp":"2026-06-22 16:06:28"}
{"level":"info","message":"GET /api/v1/monitoring/stats 200","timestamp":"2026-06-22 16:06:30"}
{"level":"info","message":"GET /api/v1/monitoring/stats 200","timestamp":"2026-06-22 16:06:35"}
{"level":"info","message":"GET /api/v1/monitoring/stats 200","timestamp":"2026-06-22 16:06:40"}
{"level":"info","message":"GET /api/v1/monitoring/stats 200","timestamp":"2026-06-22 16:06:45"}
{"level":"info","message":"GET /api/v1/monitoring/stats 200","timestamp":"2026-06-22 16:06:50"}
{"level":"info","message":"GET /api/v1/monitoring/stats 200","timestamp":"2026-06-22 16:06:55"}
{"level":"info","message":"GET /api/v1/monitoring/stats 200","timestamp":"2026-06-22 16:07:00"}
{"level":"info","message":"GET /api/v1/monitoring/stats 200","timestamp":"2026-06-22 16:07:05"}
{"level":"info","message":"GET /api/v1/monitoring/stats 200","timestamp":"2026-06-22 16:07:10"}
{"level":"info","message":"GET /api/v1/monitoring/stats 200","timestamp":"2026-06-22 16:07:15"}
{"level":"info","message":"GET /api/v1/monitoring/stats 200","timestamp":"2026-06-22 16:07:20"}
{"level":"info","message":"GET /api/v1/monitoring/stats 200","timestamp":"2026-06-22 16:07:25"}
{"level":"info","message":"GET /api/v1/monitoring/stats 200","timestamp":"2026-06-22 16:07:28"}
{"level":"info","message":"GET /api/v1/monitoring/stats 200","timestamp":"2026-06-22 16:07:28"}
{"level":"info","message":"GET /api/v1/monitoring/stats 200","timestamp":"2026-06-22 16:07:30"}
{"level":"info","message":"GET /api/v1/monitoring/stats 200","timestamp":"2026-06-22 16:07:35"}
{"level":"info","message":"GET /api/v1/monitoring/stats 200","timestamp":"2026-06-22 16:07:40"}
{"level":"info","message":"GET /api/v1/monitoring/stats 200","timestamp":"2026-06-22 16:07:45"}
{"level":"info","message":"GET /api/v1/monitoring/stats 200","timestamp":"2026-06-22 16:07:50"}
{"level":"info","message":"GET /api/v1/monitoring/stats 200","timestamp":"2026-06-22 16:07:55"}
{"level":"info","message":"GET /api/v1/monitoring/stats 200","timestamp":"2026-06-22 16:08:00"}
{"level":"info","message":"GET /api/v1/monitoring/stats 200","timestamp":"2026-06-22 16:08:05"}
{"level":"info","message":"GET /api/v1/monitoring/stats 200","timestamp":"2026-06-22 16:08:10"}
{"level":"info","message":"GET /api/v1/monitoring/stats 200","timestamp":"2026-06-22 16:08:15"}
{"level":"info","message":"GET /api/v1/monitoring/stats 200","timestamp":"2026-06-22 16:08:20"}
{"level":"info","message":"GET /api/v1/monitoring/stats 200","timestamp":"2026-06-22 16:08:25"}
{"level":"info","message":"GET /api/v1/monitoring/stats 200","timestamp":"2026-06-22 16:08:28"}
{"level":"info","message":"GET /api/v1/monitoring/stats 200","timestamp":"2026-06-22 16:08:28"}
{"level":"info","message":"GET /api/v1/monitoring/stats 200","timestamp":"2026-06-22 16:08:30"}
{"level":"info","message":"GET /api/v1/monitoring/stats 200","timestamp":"2026-06-22 16:08:35"}
{"level":"info","message":"GET /api/v1/monitoring/stats 200","timestamp":"2026-06-22 16:08:40"}
{"level":"info","message":"GET /api/v1/monitoring/stats 200","timestamp":"2026-06-22 16:08:45"}
{"level":"info","message":"GET /api/v1/monitoring/stats 200","timestamp":"2026-06-22 16:08:50"}
{"level":"info","message":"GET /api/v1/monitoring/stats 200","timestamp":"2026-06-22 16:08:55"}
{"level":"info","message":"GET /api/v1/monitoring/stats 200","timestamp":"2026-06-22 16:09:00"}
{"level":"info","message":"GET /api/v1/monitoring/stats 200","timestamp":"2026-06-22 16:09:05"}
{"level":"info","message":"GET /api/v1/monitoring/stats 200","timestamp":"2026-06-22 16:09:10"}
{"level":"info","message":"GET /api/v1/monitoring/stats 200","timestamp":"2026-06-22 16:09:15"}
{"level":"info","message":"GET /api/v1/monitoring/stats 200","timestamp":"2026-06-22 16:09:20"}
{"level":"info","message":"GET /api/v1/monitoring/stats 200","timestamp":"2026-06-22 16:09:25"}
{"level":"info","message":"GET /api/v1/monitoring/stats 200","timestamp":"2026-06-22 16:09:28"}
{"level":"info","message":"GET /api/v1/monitoring/stats 200","timestamp":"2026-06-22 16:09:28"}
{"level":"info","message":"GET /api/v1/monitoring/stats 200","timestamp":"2026-06-22 16:09:30"}
{"level":"info","message":"GET /api/v1/monitoring/stats 200","timestamp":"2026-06-22 16:09:35"}
{"level":"info","message":"GET /api/v1/monitoring/stats 200","timestamp":"2026-06-22 16:09:40"}
{"level":"info","message":"GET /api/v1/monitoring/stats 200","timestamp":"2026-06-22 16:09:45"}
{"level":"info","message":"GET /api/v1/monitoring/stats 200","timestamp":"2026-06-22 16:09:50"}
{"level":"info","message":"GET /api/v1/monitoring/stats 200","timestamp":"2026-06-22 16:09:55"}
{"level":"info","message":"GET /api/v1/monitoring/stats 200","timestamp":"2026-06-22 16:10:00"}
{"level":"info","message":"GET /api/v1/monitoring/stats 200","timestamp":"2026-06-22 16:10:05"}
{"level":"info","message":"GET /api/v1/monitoring/stats 200","timestamp":"2026-06-22 16:10:10"}
{"level":"info","message":"GET /api/v1/monitoring/stats 200","timestamp":"2026-06-22 16:10:15"}
{"level":"info","message":"GET /api/v1/monitoring/stats 200","timestamp":"2026-06-22 16:10:20"}
{"level":"info","message":"GET /api/v1/monitoring/stats 200","timestamp":"2026-06-22 16:10:25"}
{"level":"info","message":"GET /api/v1/monitoring/stats 200","timestamp":"2026-06-22 16:10:28"}
{"level":"info","message":"GET /api/v1/monitoring/stats 200","timestamp":"2026-06-22 16:10:28"}
{"level":"info","message":"GET /api/v1/monitoring/stats 200","timestamp":"2026-06-22 16:10:30"}
{"level":"info","message":"GET /api/v1/monitoring/stats 200","timestamp":"2026-06-22 16:10:35"}
{"level":"info","message":"GET /api/v1/monitoring/stats 200","timestamp":"2026-06-22 16:10:40"}
{"level":"info","message":"GET /api/v1/monitoring/stats 200","timestamp":"2026-06-22 16:10:45"}
{"level":"info","message":"GET /api/v1/monitoring/stats 200","timestamp":"2026-06-22 16:10:50"}
{"level":"info","message":"GET /api/v1/monitoring/stats 200","timestamp":"2026-06-22 16:10:55"}
{"level":"info","message":"GET /api/v1/monitoring/stats 200","timestamp":"2026-06-22 16:11:00"}
{"level":"info","message":"GET /api/v1/monitoring/stats 200","timestamp":"2026-06-22 16:11:05"}
{"level":"info","message":"GET /api/v1/monitoring/stats 200","timestamp":"2026-06-22 16:11:10"}
{"level":"info","message":"GET /api/v1/monitoring/stats 200","timestamp":"2026-06-22 16:11:15"}
{"level":"info","message":"GET /api/v1/monitoring/stats 200","timestamp":"2026-06-22 16:11:20"}
{"level":"info","message":"GET /api/v1/monitoring/stats 200","timestamp":"2026-06-22 16:11:25"}
{"level":"info","message":"GET /api/v1/monitoring/stats 200","timestamp":"2026-06-22 16:11:28"}
{"level":"info","message":"GET /api/v1/monitoring/stats 200","timestamp":"2026-06-22 16:11:28"}
{"level":"info","message":"GET /api/v1/monitoring/stats 200","timestamp":"2026-06-22 16:11:30"}
{"level":"info","message":"GET /api/v1/monitoring/stats 200","timestamp":"2026-06-22 16:11:35"}
{"level":"info","message":"GET /api/v1/monitoring/stats 200","timestamp":"2026-06-22 16:11:40"}
{"level":"info","message":"GET /api/v1/monitoring/stats 200","timestamp":"2026-06-22 16:11:45"}
{"level":"info","message":"GET /api/v1/monitoring/stats 200","timestamp":"2026-06-22 16:11:50"}
{"level":"info","message":"GET /api/v1/monitoring/stats 200","timestamp":"2026-06-22 16:11:55"}
{"level":"info","message":"GET /api/v1/monitoring/stats 200","timestamp":"2026-06-22 16:12:00"}
{"level":"info","message":"GET /api/v1/monitoring/stats 200","timestamp":"2026-06-22 16:12:05"}
{"level":"info","message":"GET /api/v1/monitoring/stats 200","timestamp":"2026-06-22 16:12:10"}
{"level":"info","message":"GET /api/v1/monitoring/stats 200","timestamp":"2026-06-22 16:12:15"}
{"level":"info","message":"GET /api/v1/monitoring/stats 200","timestamp":"2026-06-22 16:12:20"}
{"level":"info","message":"GET /api/v1/monitoring/stats 200","timestamp":"2026-06-22 16:12:25"}
{"level":"info","message":"GET /api/v1/monitoring/stats 200","timestamp":"2026-06-22 16:12:28"}
{"level":"info","message":"GET /api/v1/monitoring/stats 200","timestamp":"2026-06-22 16:12:28"}
{"level":"info","message":"GET /api/v1/monitoring/stats 200","timestamp":"2026-06-22 16:12:30"}
{"level":"info","message":"GET /api/v1/monitoring/stats 200","timestamp":"2026-06-22 16:12:35"}
{"level":"info","message":"GET /api/v1/monitoring/stats 200","timestamp":"2026-06-22 16:12:40"}
{"level":"info","message":"GET /api/v1/monitoring/stats 200","timestamp":"2026-06-22 16:12:45"}
{"level":"info","message":"GET /api/v1/monitoring/stats 200","timestamp":"2026-06-22 16:12:50"}
{"level":"info","message":"GET /api/v1/monitoring/stats 200","timestamp":"2026-06-22 16:12:55"}
{"level":"info","message":"GET /api/v1/monitoring/stats 200","timestamp":"2026-06-22 16:13:00"}
{"level":"info","message":"GET /api/v1/monitoring/stats 200","timestamp":"2026-06-22 16:13:05"}
{"level":"info","message":"GET /api/v1/monitoring/stats 200","timestamp":"2026-06-22 16:13:10"}
{"level":"info","message":"GET /api/v1/monitoring/stats 200","timestamp":"2026-06-22 16:13:15"}
{"level":"info","message":"GET /api/v1/monitoring/stats 200","timestamp":"2026-06-22 16:13:20"}
{"level":"info","message":"GET /api/v1/monitoring/stats 200","timestamp":"2026-06-22 16:13:25"}
{"level":"info","message":"GET /api/v1/monitoring/stats 200","timestamp":"2026-06-22 16:13:28"}
{"level":"info","message":"GET /api/v1/monitoring/stats 200","timestamp":"2026-06-22 16:13:28"}
{"level":"info","message":"GET /api/v1/monitoring/stats 200","timestamp":"2026-06-22 16:13:30"}
{"level":"info","message":"GET /api/v1/monitoring/stats 200","timestamp":"2026-06-22 16:13:35"}
{"level":"info","message":"GET /api/v1/monitoring/stats 200","timestamp":"2026-06-22 16:13:40"}
{"level":"info","message":"GET /api/v1/monitoring/stats 200","timestamp":"2026-06-22 16:13:45"}
{"level":"info","message":"GET /api/v1/monitoring/stats 200","timestamp":"2026-06-22 16:13:50"}
{"level":"info","message":"GET /api/v1/monitoring/stats 200","timestamp":"2026-06-22 16:13:55"}
{"level":"info","message":"GET /api/v1/monitoring/stats 200","timestamp":"2026-06-22 16:14:00"}
{"level":"info","message":"GET /api/v1/monitoring/stats 200","timestamp":"2026-06-22 16:14:05"}
{"level":"info","message":"GET /api/v1/monitoring/stats 200","timestamp":"2026-06-22 16:14:10"}
{"level":"info","message":"GET /api/v1/monitoring/stats 200","timestamp":"2026-06-22 16:14:15"}
{"level":"info","message":"GET /api/v1/monitoring/stats 200","timestamp":"2026-06-22 16:14:20"}
{"level":"info","message":"GET /api/v1/monitoring/stats 200","timestamp":"2026-06-22 16:14:23"}
{"level":"info","message":"GET /api/v1/monitoring/stats 200","timestamp":"2026-06-22 16:14:25"}
{"level":"info","message":"GET /api/v1/monitoring/stats 200","timestamp":"2026-06-22 16:14:28"}
{"level":"info","message":"GET /api/v1/monitoring/stats 200","timestamp":"2026-06-22 16:14:30"}
{"level":"info","message":"GET /api/v1/monitoring/stats 200","timestamp":"2026-06-22 16:14:35"}
{"level":"info","message":"GET /api/v1/monitoring/stats 200","timestamp":"2026-06-22 16:14:40"}
{"level":"info","message":"GET /api/v1/monitoring/stats 200","timestamp":"2026-06-22 16:14:45"}
{"level":"info","message":"GET /api/v1/monitoring/stats 200","timestamp":"2026-06-22 16:14:50"}
{"level":"info","message":"GET /api/v1/monitoring/stats 200","timestamp":"2026-06-22 16:14:55"}
{"level":"info","message":"GET /api/v1/monitoring/stats 200","timestamp":"2026-06-22 16:15:00"}
{"level":"info","message":"GET /api/v1/monitoring/stats 200","timestamp":"2026-06-22 16:15:05"}
{"level":"info","message":"GET /api/v1/monitoring/stats 200","timestamp":"2026-06-22 16:15:10"}
{"level":"info","message":"GET /api/v1/monitoring/stats 200","timestamp":"2026-06-22 16:15:15"}
{"level":"info","message":"GET /api/v1/monitoring/stats 200","timestamp":"2026-06-22 16:15:20"}
{"level":"info","message":"GET /api/v1/monitoring/stats 200","timestamp":"2026-06-22 16:15:24"}
{"level":"info","message":"GET /api/v1/monitoring/stats 200","timestamp":"2026-06-22 16:15:25"}
{"level":"info","message":"GET /api/v1/monitoring/stats 200","timestamp":"2026-06-22 16:15:28"}
{"level":"info","message":"GET /api/v1/monitoring/stats 200","timestamp":"2026-06-22 16:15:30"}
{"level":"info","message":"GET /api/v1/monitoring/stats 200","timestamp":"2026-06-22 16:15:35"}
{"level":"info","message":"GET /api/v1/monitoring/stats 200","timestamp":"2026-06-22 16:15:40"}
{"level":"info","message":"GET /api/v1/monitoring/stats 200","timestamp":"2026-06-22 16:15:45"}
{"level":"info","message":"GET /api/v1/monitoring/stats 200","timestamp":"2026-06-22 16:15:50"}
{"level":"info","message":"GET /api/v1/monitoring/stats 200","timestamp":"2026-06-22 16:15:55"}
{"level":"info","message":"GET /api/v1/monitoring/stats 200","timestamp":"2026-06-22 16:16:00"}
{"level":"info","message":"GET /api/v1/monitoring/stats 200","timestamp":"2026-06-22 16:16:05"}
{"level":"info","message":"GET /api/v1/monitoring/stats 200","timestamp":"2026-06-22 16:16:10"}
{"level":"info","message":"GET /api/v1/monitoring/stats 200","timestamp":"2026-06-22 16:16:15"}
{"level":"info","message":"GET /api/v1/monitoring/stats 200","timestamp":"2026-06-22 16:16:20"}
{"level":"info","message":"GET /api/v1/monitoring/stats 200","timestamp":"2026-06-22 16:16:25"}
{"level":"info","message":"GET /api/v1/monitoring/stats 200","timestamp":"2026-06-22 16:16:25"}
{"level":"info","message":"GET /api/v1/monitoring/stats 200","timestamp":"2026-06-22 16:16:28"}
{"level":"info","message":"GET /api/v1/monitoring/stats 200","timestamp":"2026-06-22 16:16:30"}
{"level":"info","message":"GET /api/v1/monitoring/stats 200","timestamp":"2026-06-22 16:16:35"}
{"level":"info","message":"GET /api/v1/monitoring/stats 200","timestamp":"2026-06-22 16:16:40"}
{"level":"info","message":"GET /api/v1/monitoring/stats 200","timestamp":"2026-06-22 16:16:45"}
{"level":"info","message":"GET /api/v1/monitoring/stats 200","timestamp":"2026-06-22 16:16:50"}
{"level":"info","message":"GET /api/v1/monitoring/stats 200","timestamp":"2026-06-22 16:16:55"}
{"level":"info","message":"GET /api/v1/monitoring/stats 200","timestamp":"2026-06-22 16:17:00"}
{"level":"info","message":"GET /api/v1/monitoring/stats 200","timestamp":"2026-06-22 16:17:05"}
{"level":"info","message":"GET /api/v1/monitoring/stats 200","timestamp":"2026-06-22 16:17:10"}
{"level":"info","message":"GET /api/v1/monitoring/stats 200","timestamp":"2026-06-22 16:17:15"}
{"level":"info","message":"GET /api/v1/monitoring/stats 200","timestamp":"2026-06-22 16:17:20"}
{"level":"info","message":"GET /api/v1/monitoring/stats 200","timestamp":"2026-06-22 16:17:25"}
{"level":"info","message":"GET /api/v1/monitoring/stats 200","timestamp":"2026-06-22 16:17:26"}
{"level":"info","message":"GET /api/v1/monitoring/stats 200","timestamp":"2026-06-22 16:17:28"}
{"level":"info","message":"GET /api/v1/monitoring/stats 200","timestamp":"2026-06-22 16:17:30"}
{"level":"info","message":"GET /api/v1/monitoring/stats 200","timestamp":"2026-06-22 16:17:35"}
{"level":"info","message":"GET /api/v1/monitoring/stats 200","timestamp":"2026-06-22 16:17:40"}
{"level":"info","message":"GET /api/v1/monitoring/stats 200","timestamp":"2026-06-22 16:17:45"}
{"level":"info","message":"GET /api/v1/monitoring/stats 200","timestamp":"2026-06-22 16:17:50"}
{"level":"info","message":"GET /api/v1/monitoring/stats 200","timestamp":"2026-06-22 16:17:55"}
{"level":"info","message":"GET /api/v1/monitoring/stats 200","timestamp":"2026-06-22 16:18:00"}
{"level":"info","message":"GET /api/v1/monitoring/stats 200","timestamp":"2026-06-22 16:18:05"}
{"level":"info","message":"GET /api/v1/monitoring/stats 200","timestamp":"2026-06-22 16:18:10"}
{"level":"info","message":"GET /api/v1/monitoring/stats 200","timestamp":"2026-06-22 16:18:15"}
{"level":"info","message":"GET /api/v1/monitoring/stats 200","timestamp":"2026-06-22 16:18:20"}
{"level":"info","message":"GET /api/v1/monitoring/stats 200","timestamp":"2026-06-22 16:18:25"}
{"level":"info","message":"GET /api/v1/monitoring/stats 200","timestamp":"2026-06-22 16:18:27"}
{"level":"info","message":"GET /api/v1/monitoring/stats 200","timestamp":"2026-06-22 16:18:28"}
{"level":"info","message":"GET /api/v1/monitoring/stats 200","timestamp":"2026-06-22 16:18:30"}
{"level":"info","message":"GET /api/v1/monitoring/stats 200","timestamp":"2026-06-22 16:18:35"}
{"level":"info","message":"GET /api/v1/monitoring/stats 200","timestamp":"2026-06-22 16:18:40"}
{"level":"info","message":"GET /api/v1/monitoring/stats 200","timestamp":"2026-06-22 16:18:45"}
{"level":"info","message":"GET /api/v1/monitoring/stats 200","timestamp":"2026-06-22 16:18:50"}
{"level":"info","message":"GET /api/v1/monitoring/stats 200","timestamp":"2026-06-22 16:18:55"}
{"level":"info","message":"GET /api/v1/monitoring/stats 200","timestamp":"2026-06-22 16:19:00"}
{"level":"info","message":"GET /api/v1/monitoring/stats 200","timestamp":"2026-06-22 16:19:05"}
{"level":"info","message":"GET /api/v1/monitoring/stats 200","timestamp":"2026-06-22 16:19:10"}
{"level":"info","message":"GET /api/v1/monitoring/stats 200","timestamp":"2026-06-22 16:19:15"}
{"level":"info","message":"GET /api/v1/monitoring/stats 200","timestamp":"2026-06-22 16:19:20"}
{"level":"info","message":"GET /api/v1/monitoring/stats 200","timestamp":"2026-06-22 16:19:25"}
{"level":"info","message":"GET /api/v1/monitoring/stats 200","timestamp":"2026-06-22 16:19:28"}
{"level":"info","message":"GET /api/v1/monitoring/stats 200","timestamp":"2026-06-22 16:19:28"}
{"level":"info","message":"GET /api/v1/monitoring/stats 200","timestamp":"2026-06-22 16:19:30"}
{"level":"info","message":"GET /api/v1/monitoring/stats 200","timestamp":"2026-06-22 16:19:35"}
{"level":"info","message":"GET /api/v1/monitoring/stats 200","timestamp":"2026-06-22 16:19:40"}
{"level":"info","message":"GET /api/v1/monitoring/stats 200","timestamp":"2026-06-22 16:19:45"}
{"level":"info","message":"GET /api/v1/monitoring/stats 200","timestamp":"2026-06-22 16:19:50"}
{"level":"info","message":"GET /api/v1/monitoring/stats 200","timestamp":"2026-06-22 16:19:55"}
{"level":"info","message":"GET /api/v1/monitoring/stats 200","timestamp":"2026-06-22 16:20:00"}
{"level":"info","message":"GET /api/v1/monitoring/stats 200","timestamp":"2026-06-22 16:20:05"}
{"level":"info","message":"GET /api/v1/monitoring/stats 200","timestamp":"2026-06-22 16:20:10"}
{"level":"info","message":"GET /api/v1/monitoring/stats 200","timestamp":"2026-06-22 16:20:15"}
{"level":"info","message":"GET /api/v1/monitoring/stats 200","timestamp":"2026-06-22 16:20:20"}
{"level":"info","message":"GET /api/v1/monitoring/stats 200","timestamp":"2026-06-22 16:20:25"}
{"level":"info","message":"GET /api/v1/monitoring/stats 200","timestamp":"2026-06-22 16:20:28"}
{"level":"info","message":"GET /api/v1/monitoring/stats 200","timestamp":"2026-06-22 16:20:28"}
{"level":"info","message":"GET /api/v1/monitoring/stats 200","timestamp":"2026-06-22 16:20:30"}
{"level":"info","message":"GET /api/v1/monitoring/stats 200","timestamp":"2026-06-22 16:20:35"}
{"level":"info","message":"GET /api/v1/monitoring/stats 200","timestamp":"2026-06-22 16:20:40"}
{"level":"info","message":"GET /api/v1/monitoring/stats 200","timestamp":"2026-06-22 16:20:45"}
{"level":"info","message":"GET /api/v1/monitoring/stats 200","timestamp":"2026-06-22 16:20:50"}
{"level":"info","message":"GET /api/v1/monitoring/stats 200","timestamp":"2026-06-22 16:20:55"}
{"level":"info","message":"GET /api/v1/monitoring/stats 200","timestamp":"2026-06-22 16:21:00"}
{"level":"info","message":"GET /api/v1/monitoring/stats 200","timestamp":"2026-06-22 16:21:05"}
{"level":"info","message":"GET /api/v1/monitoring/stats 200","timestamp":"2026-06-22 16:21:10"}
{"level":"info","message":"GET /api/v1/monitoring/stats 200","timestamp":"2026-06-22 16:21:15"}
{"level":"info","message":"GET /api/v1/monitoring/stats 200","timestamp":"2026-06-22 16:21:20"}
{"level":"info","message":"GET /api/v1/monitoring/stats 200","timestamp":"2026-06-22 16:21:25"}
{"level":"info","message":"GET /api/v1/monitoring/stats 200","timestamp":"2026-06-22 16:21:28"}
{"level":"info","message":"GET /api/v1/monitoring/stats 200","timestamp":"2026-06-22 16:21:28"}
{"level":"info","message":"GET /api/v1/monitoring/stats 200","timestamp":"2026-06-22 16:21:30"}
{"level":"info","message":"GET /api/v1/monitoring/stats 200","timestamp":"2026-06-22 16:21:35"}
{"level":"info","message":"GET /api/v1/monitoring/stats 200","timestamp":"2026-06-22 16:21:40"}
{"level":"info","message":"GET /api/v1/monitoring/stats 200","timestamp":"2026-06-22 16:21:45"}
{"level":"info","message":"GET /api/v1/monitoring/stats 200","timestamp":"2026-06-22 16:21:50"}
{"level":"info","message":"GET /api/v1/monitoring/stats 200","timestamp":"2026-06-22 16:21:55"}
{"level":"info","message":"GET /api/v1/monitoring/stats 200","timestamp":"2026-06-22 16:22:00"}
{"level":"info","message":"GET /api/v1/monitoring/stats 200","timestamp":"2026-06-22 16:22:05"}
{"level":"info","message":"GET /api/v1/monitoring/stats 200","timestamp":"2026-06-22 16:22:10"}
{"level":"info","message":"GET /api/v1/monitoring/stats 200","timestamp":"2026-06-22 16:22:15"}
{"level":"info","message":"GET /api/v1/monitoring/stats 200","timestamp":"2026-06-22 16:22:20"}
{"level":"info","message":"GET /api/v1/monitoring/stats 200","timestamp":"2026-06-22 16:22:25"}
{"level":"info","message":"GET /api/v1/monitoring/stats 200","timestamp":"2026-06-22 16:22:28"}
{"level":"info","message":"GET /api/v1/monitoring/stats 200","timestamp":"2026-06-22 16:22:28"}
{"level":"info","message":"GET /api/v1/monitoring/stats 200","timestamp":"2026-06-22 16:22:30"}
{"level":"info","message":"GET /api/v1/monitoring/stats 200","timestamp":"2026-06-22 16:22:35"}
{"level":"info","message":"GET /api/v1/monitoring/stats 200","timestamp":"2026-06-22 16:22:40"}
{"level":"info","message":"GET /api/v1/monitoring/stats 200","timestamp":"2026-06-22 16:22:45"}
{"level":"info","message":"GET /api/v1/monitoring/stats 200","timestamp":"2026-06-22 16:22:50"}
{"level":"info","message":"GET /api/v1/monitoring/stats 200","timestamp":"2026-06-22 16:22:55"}
{"level":"info","message":"GET /api/v1/monitoring/stats 200","timestamp":"2026-06-22 16:23:00"}
{"level":"info","message":"GET /api/v1/monitoring/stats 200","timestamp":"2026-06-22 16:23:05"}
{"level":"info","message":"GET /api/v1/monitoring/stats 200","timestamp":"2026-06-22 16:23:10"}
{"level":"info","message":"GET /api/v1/monitoring/stats 200","timestamp":"2026-06-22 16:23:15"}
{"level":"info","message":"GET /api/v1/monitoring/stats 200","timestamp":"2026-06-22 16:23:20"}
{"level":"info","message":"GET /api/v1/monitoring/stats 200","timestamp":"2026-06-22 16:23:25"}
{"level":"info","message":"GET /api/v1/monitoring/stats 200","timestamp":"2026-06-22 16:23:28"}
{"level":"info","message":"GET /api/v1/monitoring/stats 200","timestamp":"2026-06-22 16:23:28"}
{"level":"info","message":"GET /api/v1/monitoring/stats 200","timestamp":"2026-06-22 16:23:30"}
{"level":"info","message":"GET /api/v1/monitoring/stats 200","timestamp":"2026-06-22 16:23:35"}
{"level":"info","message":"GET /api/v1/monitoring/stats 200","timestamp":"2026-06-22 16:23:40"}
{"level":"info","message":"GET /api/v1/monitoring/stats 200","timestamp":"2026-06-22 16:23:45"}
{"level":"info","message":"GET /api/v1/monitoring/stats 200","timestamp":"2026-06-22 16:23:50"}
{"level":"info","message":"GET /api/v1/monitoring/stats 200","timestamp":"2026-06-22 16:23:55"}
{"level":"info","message":"GET /api/v1/monitoring/stats 200","timestamp":"2026-06-22 16:24:00"}
{"level":"info","message":"GET /api/v1/monitoring/stats 200","timestamp":"2026-06-22 16:24:05"}
{"level":"info","message":"GET /api/v1/monitoring/stats 200","timestamp":"2026-06-22 16:24:10"}
{"level":"info","message":"GET /api/v1/monitoring/stats 200","timestamp":"2026-06-22 16:24:15"}
{"level":"info","message":"GET /api/v1/monitoring/stats 200","timestamp":"2026-06-22 16:24:20"}
{"level":"info","message":"GET /api/v1/monitoring/stats 200","timestamp":"2026-06-22 16:24:25"}
{"level":"info","message":"GET /api/v1/monitoring/stats 200","timestamp":"2026-06-22 16:24:28"}
{"level":"info","message":"GET /api/v1/monitoring/stats 200","timestamp":"2026-06-22 16:24:28"}
{"level":"info","message":"GET /api/v1/monitoring/stats 200","timestamp":"2026-06-22 16:24:30"}
{"level":"info","message":"GET /api/v1/monitoring/stats 200","timestamp":"2026-06-22 16:24:35"}
{"level":"info","message":"GET /api/v1/monitoring/stats 200","timestamp":"2026-06-22 16:24:40"}
{"level":"info","message":"GET /api/v1/monitoring/stats 200","timestamp":"2026-06-22 16:24:45"}
{"level":"info","message":"GET /api/v1/monitoring/stats 200","timestamp":"2026-06-22 16:24:50"}
{"level":"info","message":"GET /api/v1/monitoring/stats 200","timestamp":"2026-06-22 16:24:55"}
{"level":"info","message":"GET /api/v1/monitoring/stats 200","timestamp":"2026-06-22 16:25:00"}
{"level":"info","message":"GET /api/v1/monitoring/stats 200","timestamp":"2026-06-22 16:25:05"}
{"level":"info","message":"GET /api/v1/monitoring/stats 200","timestamp":"2026-06-22 16:25:10"}
{"level":"info","message":"GET /api/v1/monitoring/stats 200","timestamp":"2026-06-22 16:25:15"}
{"level":"info","message":"GET /api/v1/monitoring/stats 200","timestamp":"2026-06-22 16:25:20"}
{"level":"info","message":"GET /api/v1/monitoring/stats 200","timestamp":"2026-06-22 16:25:25"}
{"level":"info","message":"GET /api/v1/monitoring/stats 200","timestamp":"2026-06-22 16:25:28"}
{"level":"info","message":"GET /api/v1/monitoring/stats 200","timestamp":"2026-06-22 16:25:28"}
{"level":"info","message":"GET /api/v1/monitoring/stats 200","timestamp":"2026-06-22 16:25:30"}
{"level":"info","message":"GET /api/v1/monitoring/stats 200","timestamp":"2026-06-22 16:25:35"}
{"level":"info","message":"GET /api/v1/monitoring/stats 200","timestamp":"2026-06-22 16:25:40"}
{"level":"info","message":"GET /api/v1/monitoring/stats 200","timestamp":"2026-06-22 16:25:45"}
{"level":"info","message":"GET /api/v1/monitoring/stats 200","timestamp":"2026-06-22 16:25:50"}
{"level":"info","message":"GET /api/v1/monitoring/stats 200","timestamp":"2026-06-22 16:25:55"}
{"level":"info","message":"GET /api/v1/monitoring/stats 200","timestamp":"2026-06-22 16:26:00"}
{"level":"info","message":"GET /api/v1/monitoring/stats 200","timestamp":"2026-06-22 16:26:05"}
{"level":"info","message":"GET /api/v1/monitoring/stats 200","timestamp":"2026-06-22 16:26:10"}
{"level":"info","message":"GET /api/v1/monitoring/stats 200","timestamp":"2026-06-22 16:26:15"}
{"level":"info","message":"GET /api/v1/monitoring/stats 200","timestamp":"2026-06-22 16:26:20"}
{"level":"info","message":"GET /api/v1/monitoring/stats 200","timestamp":"2026-06-22 16:26:25"}
{"level":"info","message":"GET /api/v1/monitoring/stats 200","timestamp":"2026-06-22 16:26:28"}
{"level":"info","message":"GET /api/v1/monitoring/stats 200","timestamp":"2026-06-22 16:26:28"}
{"level":"info","message":"GET /api/v1/monitoring/stats 200","timestamp":"2026-06-22 16:26:30"}
{"level":"info","message":"GET /api/v1/monitoring/stats 200","timestamp":"2026-06-22 16:26:35"}
{"level":"info","message":"GET /api/v1/monitoring/stats 200","timestamp":"2026-06-22 16:26:40"}
{"level":"info","message":"GET /api/v1/monitoring/stats 200","timestamp":"2026-06-22 16:26:45"}
{"level":"info","message":"GET /api/v1/monitoring/stats 200","timestamp":"2026-06-22 16:26:50"}
{"level":"info","message":"GET /api/v1/monitoring/stats 200","timestamp":"2026-06-22 16:26:55"}
{"level":"info","message":"GET /api/v1/monitoring/stats 200","timestamp":"2026-06-22 16:27:00"}
{"level":"info","message":"GET /api/v1/monitoring/stats 200","timestamp":"2026-06-22 16:27:05"}
{"level":"info","message":"GET /api/v1/monitoring/stats 200","timestamp":"2026-06-22 16:27:10"}
{"level":"info","message":"GET /api/v1/monitoring/stats 200","timestamp":"2026-06-22 16:27:15"}
{"level":"info","message":"GET /api/v1/monitoring/stats 200","timestamp":"2026-06-22 16:27:20"}
{"level":"info","message":"GET /api/v1/monitoring/stats 200","timestamp":"2026-06-22 16:27:25"}
{"level":"info","message":"GET /api/v1/monitoring/stats 200","timestamp":"2026-06-22 16:27:28"}
{"level":"info","message":"GET /api/v1/monitoring/stats 200","timestamp":"2026-06-22 16:27:28"}
{"level":"info","message":"GET /api/v1/monitoring/stats 200","timestamp":"2026-06-22 16:27:30"}
{"level":"info","message":"GET /api/v1/monitoring/stats 200","timestamp":"2026-06-22 16:27:35"}
{"level":"info","message":"GET /api/v1/monitoring/stats 200","timestamp":"2026-06-22 16:27:40"}
{"level":"info","message":"GET /api/v1/monitoring/stats 200","timestamp":"2026-06-22 16:27:45"}
{"level":"info","message":"GET /api/v1/monitoring/stats 200","timestamp":"2026-06-22 16:27:50"}
{"level":"info","message":"GET /api/v1/monitoring/stats 200","timestamp":"2026-06-22 16:27:55"}
{"level":"info","message":"GET /api/v1/monitoring/stats 200","timestamp":"2026-06-22 16:28:00"}
{"level":"info","message":"GET /api/v1/monitoring/stats 200","timestamp":"2026-06-22 16:28:05"}
{"level":"info","message":"GET /api/v1/monitoring/stats 200","timestamp":"2026-06-22 16:28:10"}
{"level":"info","message":"GET /api/v1/monitoring/stats 200","timestamp":"2026-06-22 16:28:15"}
{"level":"info","message":"GET /api/v1/monitoring/stats 200","timestamp":"2026-06-22 16:28:20"}
{"level":"info","message":"GET /api/v1/monitoring/stats 200","timestamp":"2026-06-22 16:28:25"}
{"level":"info","message":"GET /api/v1/monitoring/stats 200","timestamp":"2026-06-22 16:28:28"}
{"level":"info","message":"GET /api/v1/monitoring/stats 200","timestamp":"2026-06-22 16:28:28"}
{"level":"info","message":"GET /api/v1/monitoring/stats 200","timestamp":"2026-06-22 16:28:30"}
{"level":"info","message":"GET /api/v1/monitoring/stats 200","timestamp":"2026-06-22 16:28:35"}
{"level":"info","message":"GET /api/v1/monitoring/stats 200","timestamp":"2026-06-22 16:28:40"}
{"level":"info","message":"GET /api/v1/monitoring/stats 200","timestamp":"2026-06-22 16:28:45"}
{"level":"info","message":"GET /api/v1/monitoring/stats 200","timestamp":"2026-06-22 16:28:50"}
{"level":"info","message":"GET /api/v1/monitoring/stats 200","timestamp":"2026-06-22 16:28:55"}
{"level":"info","message":"GET /api/v1/monitoring/stats 200","timestamp":"2026-06-22 16:29:00"}
{"level":"info","message":"GET /api/v1/monitoring/stats 200","timestamp":"2026-06-22 16:29:05"}
{"level":"info","message":"GET /api/v1/monitoring/stats 200","timestamp":"2026-06-22 16:29:10"}
{"level":"info","message":"GET /api/v1/monitoring/stats 200","timestamp":"2026-06-22 16:29:15"}
{"level":"info","message":"GET /api/v1/monitoring/stats 200","timestamp":"2026-06-22 16:29:20"}
{"level":"info","message":"GET /api/v1/monitoring/stats 200","timestamp":"2026-06-22 16:29:25"}
{"level":"info","message":"GET /api/v1/monitoring/stats 200","timestamp":"2026-06-22 16:29:28"}
{"level":"info","message":"GET /api/v1/monitoring/stats 200","timestamp":"2026-06-22 16:29:28"}
{"level":"info","message":"GET /api/v1/monitoring/stats 200","timestamp":"2026-06-22 16:29:30"}
{"level":"info","message":"GET /api/v1/monitoring/stats 200","timestamp":"2026-06-22 16:29:35"}
{"level":"info","message":"GET /api/v1/monitoring/stats 200","timestamp":"2026-06-22 16:29:40"}
{"level":"info","message":"GET /api/v1/monitoring/stats 200","timestamp":"2026-06-22 16:29:45"}
{"level":"info","message":"GET /api/v1/monitoring/stats 200","timestamp":"2026-06-22 16:29:50"}
{"level":"info","message":"GET /api/v1/monitoring/stats 200","timestamp":"2026-06-22 16:29:55"}
{"level":"info","message":"GET /api/v1/monitoring/stats 200","timestamp":"2026-06-22 16:30:00"}
{"level":"info","message":"GET /api/v1/monitoring/stats 200","timestamp":"2026-06-22 16:30:05"}
{"level":"info","message":"GET /api/v1/monitoring/stats 200","timestamp":"2026-06-22 16:30:10"}
{"level":"info","message":"GET /api/v1/monitoring/stats 200","timestamp":"2026-06-22 16:30:15"}
{"level":"info","message":"GET /api/v1/monitoring/stats 200","timestamp":"2026-06-22 16:30:20"}
{"level":"info","message":"GET /api/v1/monitoring/stats 200","timestamp":"2026-06-22 16:30:25"}
{"level":"info","message":"GET /api/v1/monitoring/stats 200","timestamp":"2026-06-22 16:30:28"}
{"level":"info","message":"GET /api/v1/monitoring/stats 200","timestamp":"2026-06-22 16:30:28"}
{"level":"info","message":"GET /api/v1/monitoring/stats 200","timestamp":"2026-06-22 16:30:30"}
{"level":"info","message":"GET /api/v1/monitoring/stats 200","timestamp":"2026-06-22 16:30:35"}
{"level":"info","message":"GET /api/v1/monitoring/stats 200","timestamp":"2026-06-22 16:30:40"}
{"level":"info","message":"GET /api/v1/monitoring/stats 200","timestamp":"2026-06-22 16:30:45"}
{"level":"info","message":"GET /api/v1/monitoring/stats 200","timestamp":"2026-06-22 16:30:50"}
{"level":"info","message":"GET /api/v1/monitoring/stats 200","timestamp":"2026-06-22 16:30:55"}
{"level":"info","message":"GET /api/v1/monitoring/stats 200","timestamp":"2026-06-22 16:31:00"}
{"level":"info","message":"GET /api/v1/monitoring/stats 200","timestamp":"2026-06-22 16:31:05"}
{"level":"info","message":"GET /api/v1/monitoring/stats 200","timestamp":"2026-06-22 16:31:10"}
{"level":"info","message":"GET /api/v1/monitoring/stats 200","timestamp":"2026-06-22 16:31:15"}
{"level":"info","message":"GET /api/v1/monitoring/stats 200","timestamp":"2026-06-22 16:31:20"}
{"level":"info","message":"GET /api/v1/monitoring/stats 200","timestamp":"2026-06-22 16:31:25"}
{"level":"info","message":"GET /api/v1/monitoring/stats 200","timestamp":"2026-06-22 16:31:28"}
{"level":"info","message":"GET /api/v1/monitoring/stats 200","timestamp":"2026-06-22 16:31:28"}
{"level":"info","message":"GET /api/v1/monitoring/stats 200","timestamp":"2026-06-22 16:31:30"}
{"level":"info","message":"GET /api/v1/monitoring/stats 200","timestamp":"2026-06-22 16:31:35"}
{"level":"info","message":"GET /api/v1/monitoring/stats 200","timestamp":"2026-06-22 16:31:40"}
{"level":"info","message":"GET /api/v1/monitoring/stats 200","timestamp":"2026-06-22 16:31:45"}
{"level":"info","message":"GET /api/v1/monitoring/stats 200","timestamp":"2026-06-22 16:31:50"}
{"level":"info","message":"GET /api/v1/monitoring/stats 200","timestamp":"2026-06-22 16:31:55"}
{"level":"info","message":"GET /api/v1/monitoring/stats 200","timestamp":"2026-06-22 16:32:00"}
{"level":"info","message":"GET /api/v1/monitoring/stats 200","timestamp":"2026-06-22 16:32:05"}
{"level":"info","message":"GET /api/v1/monitoring/stats 200","timestamp":"2026-06-22 16:32:10"}
{"level":"info","message":"GET /api/v1/monitoring/stats 200","timestamp":"2026-06-22 16:32:15"}
{"level":"info","message":"GET /api/v1/monitoring/stats 200","timestamp":"2026-06-22 16:32:20"}
{"level":"info","message":"GET /api/v1/monitoring/stats 200","timestamp":"2026-06-22 16:32:25"}
{"level":"info","message":"GET /api/v1/monitoring/stats 200","timestamp":"2026-06-22 16:32:28"}
{"level":"info","message":"GET /api/v1/monitoring/stats 200","timestamp":"2026-06-22 16:32:28"}
{"level":"info","message":"GET /api/v1/monitoring/stats 200","timestamp":"2026-06-22 16:32:30"}
{"level":"info","message":"GET /api/v1/monitoring/stats 200","timestamp":"2026-06-22 16:32:35"}
{"level":"info","message":"GET /api/v1/monitoring/stats 200","timestamp":"2026-06-22 16:32:40"}
{"level":"info","message":"GET /api/v1/monitoring/stats 200","timestamp":"2026-06-22 16:32:45"}
{"level":"info","message":"GET /api/v1/monitoring/stats 200","timestamp":"2026-06-22 16:32:50"}
{"level":"info","message":"GET /api/v1/monitoring/stats 200","timestamp":"2026-06-22 16:32:55"}
{"level":"info","message":"GET /api/v1/monitoring/stats 200","timestamp":"2026-06-22 16:33:00"}
{"level":"info","message":"GET /api/v1/monitoring/stats 200","timestamp":"2026-06-22 16:33:05"}
{"level":"info","message":"GET /api/v1/monitoring/stats 200","timestamp":"2026-06-22 16:33:10"}
{"level":"info","message":"GET /api/v1/monitoring/stats 200","timestamp":"2026-06-22 16:33:15"}
{"level":"info","message":"GET /api/v1/monitoring/stats 200","timestamp":"2026-06-22 16:33:20"}
{"level":"info","message":"GET /api/v1/monitoring/stats 200","timestamp":"2026-06-22 16:33:25"}
{"level":"info","message":"GET /api/v1/monitoring/stats 200","timestamp":"2026-06-22 16:33:28"}
{"level":"info","message":"GET /api/v1/monitoring/stats 200","timestamp":"2026-06-22 16:33:28"}
{"level":"info","message":"GET /api/v1/monitoring/stats 200","timestamp":"2026-06-22 16:33:30"}
{"level":"info","message":"GET /api/v1/monitoring/stats 200","timestamp":"2026-06-22 16:33:35"}
{"level":"info","message":"GET /api/v1/monitoring/stats 200","timestamp":"2026-06-22 16:33:40"}
{"level":"info","message":"GET /api/v1/monitoring/stats 200","timestamp":"2026-06-22 16:33:45"}
{"level":"info","message":"GET /api/v1/monitoring/stats 200","timestamp":"2026-06-22 16:33:50"}
{"level":"info","message":"GET /api/v1/monitoring/stats 200","timestamp":"2026-06-22 16:33:55"}
{"level":"info","message":"GET /api/v1/monitoring/stats 200","timestamp":"2026-06-22 16:34:00"}
{"level":"info","message":"GET /api/v1/monitoring/stats 200","timestamp":"2026-06-22 16:34:05"}
{"level":"info","message":"GET /api/v1/monitoring/stats 200","timestamp":"2026-06-22 16:34:10"}
{"level":"info","message":"GET /api/v1/monitoring/stats 200","timestamp":"2026-06-22 16:34:15"}
{"level":"info","message":"GET /api/v1/monitoring/stats 200","timestamp":"2026-06-22 16:34:20"}
{"level":"info","message":"GET /api/v1/monitoring/stats 200","timestamp":"2026-06-22 16:34:25"}
{"level":"info","message":"GET /api/v1/monitoring/stats 200","timestamp":"2026-06-22 16:34:28"}
{"level":"info","message":"GET /api/v1/monitoring/stats 200","timestamp":"2026-06-22 16:34:28"}
{"level":"info","message":"GET /api/v1/monitoring/stats 200","timestamp":"2026-06-22 16:34:30"}
{"level":"info","message":"GET /api/v1/monitoring/stats 200","timestamp":"2026-06-22 16:34:35"}
{"level":"info","message":"GET /api/v1/monitoring/stats 200","timestamp":"2026-06-22 16:34:40"}
{"level":"info","message":"GET /api/v1/monitoring/stats 200","timestamp":"2026-06-22 16:34:45"}
{"level":"info","message":"GET /api/v1/monitoring/stats 200","timestamp":"2026-06-22 16:34:50"}
{"level":"info","message":"GET /api/v1/monitoring/stats 200","timestamp":"2026-06-22 16:34:55"}
{"level":"info","message":"GET /api/v1/monitoring/stats 200","timestamp":"2026-06-22 16:35:00"}
{"level":"info","message":"GET /api/v1/monitoring/stats 200","timestamp":"2026-06-22 16:35:05"}
{"level":"info","message":"GET /api/v1/monitoring/stats 200","timestamp":"2026-06-22 16:35:10"}
{"level":"info","message":"GET /api/v1/monitoring/stats 200","timestamp":"2026-06-22 16:35:15"}
{"level":"info","message":"GET /api/v1/monitoring/stats 200","timestamp":"2026-06-22 16:35:20"}
{"level":"info","message":"GET /api/v1/monitoring/stats 200","timestamp":"2026-06-22 16:35:25"}
{"level":"info","message":"GET /api/v1/monitoring/stats 200","timestamp":"2026-06-22 16:35:28"}
{"level":"info","message":"GET /api/v1/monitoring/stats 200","timestamp":"2026-06-22 16:35:28"}
{"level":"info","message":"GET /api/v1/monitoring/stats 200","timestamp":"2026-06-22 16:35:30"}
{"level":"info","message":"GET /api/v1/monitoring/stats 200","timestamp":"2026-06-22 16:35:35"}
{"level":"info","message":"GET /api/v1/monitoring/stats 200","timestamp":"2026-06-22 16:35:40"}
{"level":"info","message":"GET /api/v1/monitoring/stats 200","timestamp":"2026-06-22 16:35:45"}
{"level":"info","message":"GET /api/v1/monitoring/stats 200","timestamp":"2026-06-22 16:35:50"}
{"level":"info","message":"GET /api/v1/monitoring/stats 200","timestamp":"2026-06-22 16:35:55"}
{"level":"info","message":"GET /api/v1/monitoring/stats 200","timestamp":"2026-06-22 16:36:00"}
{"level":"info","message":"GET /api/v1/monitoring/stats 200","timestamp":"2026-06-22 16:36:05"}
{"level":"info","message":"GET /api/v1/monitoring/stats 200","timestamp":"2026-06-22 16:36:10"}
{"level":"info","message":"GET /api/v1/monitoring/stats 200","timestamp":"2026-06-22 16:36:15"}
{"level":"info","message":"GET /api/v1/monitoring/stats 200","timestamp":"2026-06-22 16:36:20"}
{"level":"info","message":"GET /api/v1/monitoring/stats 200","timestamp":"2026-06-22 16:36:25"}
{"level":"info","message":"GET /api/v1/monitoring/stats 200","timestamp":"2026-06-22 16:36:28"}
{"level":"info","message":"GET /api/v1/monitoring/stats 200","timestamp":"2026-06-22 16:36:28"}
{"level":"info","message":"GET /api/v1/monitoring/stats 200","timestamp":"2026-06-22 16:36:30"}
{"level":"info","message":"GET /api/v1/monitoring/stats 200","timestamp":"2026-06-22 16:36:35"}
{"level":"info","message":"GET /api/v1/monitoring/stats 200","timestamp":"2026-06-22 16:36:40"}
{"level":"info","message":"GET /api/v1/monitoring/stats 200","timestamp":"2026-06-22 16:36:45"}
{"level":"info","message":"GET /api/v1/monitoring/stats 200","timestamp":"2026-06-22 16:36:50"}
{"level":"info","message":"GET /api/v1/monitoring/stats 200","timestamp":"2026-06-22 16:36:55"}
{"level":"info","message":"GET /api/v1/monitoring/stats 200","timestamp":"2026-06-22 16:37:00"}
{"level":"info","message":"GET /api/v1/monitoring/stats 200","timestamp":"2026-06-22 16:37:05"}
{"level":"info","message":"GET /api/v1/monitoring/stats 200","timestamp":"2026-06-22 16:37:10"}
{"level":"info","message":"GET /api/v1/monitoring/stats 200","timestamp":"2026-06-22 16:37:15"}
{"level":"info","message":"GET /api/v1/monitoring/stats 200","timestamp":"2026-06-22 16:37:20"}
{"level":"info","message":"GET /api/v1/monitoring/stats 200","timestamp":"2026-06-22 16:37:25"}
{"level":"info","message":"GET /api/v1/monitoring/stats 200","timestamp":"2026-06-22 16:37:28"}
{"level":"info","message":"GET /api/v1/monitoring/stats 200","timestamp":"2026-06-22 16:37:28"}
{"level":"info","message":"GET /api/v1/monitoring/stats 200","timestamp":"2026-06-22 16:37:30"}
{"level":"info","message":"GET /api/v1/monitoring/stats 200","timestamp":"2026-06-22 16:38:28"}
{"level":"info","message":"GET /api/v1/monitoring/stats 200","timestamp":"2026-06-22 16:38:28"}
{"level":"info","message":"GET /api/v1/monitoring/stats 200","timestamp":"2026-06-22 16:39:28"}
{"level":"info","message":"GET /api/v1/monitoring/stats 200","timestamp":"2026-06-22 16:39:28"}
{"level":"info","message":"GET /api/v1/monitoring/stats 200","timestamp":"2026-06-22 16:40:28"}
{"level":"info","message":"GET /api/v1/monitoring/stats 200","timestamp":"2026-06-22 16:40:28"}
{"level":"info","message":"GET /api/v1/monitoring/stats 200","timestamp":"2026-06-22 16:41:28"}
{"level":"info","message":"GET /api/v1/monitoring/stats 200","timestamp":"2026-06-22 16:41:28"}
{"level":"info","message":"GET /api/v1/monitoring/stats 200","timestamp":"2026-06-22 16:42:28"}
{"level":"info","message":"GET /api/v1/monitoring/stats 200","timestamp":"2026-06-22 16:42:28"}
{"level":"info","message":"GET /api/v1/monitoring/stats 200","timestamp":"2026-06-22 16:43:28"}
{"level":"info","message":"GET /api/v1/monitoring/stats 200","timestamp":"2026-06-22 16:43:28"}
{"level":"info","message":"GET /api/v1/monitoring/stats 200","timestamp":"2026-06-22 16:44:28"}
{"level":"info","message":"GET /api/v1/monitoring/stats 200","timestamp":"2026-06-22 16:44:28"}
{"level":"info","message":"GET /api/v1/monitoring/stats 200","timestamp":"2026-06-22 16:45:28"}
{"level":"info","message":"GET /api/v1/monitoring/stats 200","timestamp":"2026-06-22 16:45:28"}
{"level":"info","message":"GET /api/v1/monitoring/stats 200","timestamp":"2026-06-22 16:46:28"}
{"level":"info","message":"GET /api/v1/monitoring/stats 200","timestamp":"2026-06-22 16:46:28"}
{"level":"info","message":"GET /api/v1/monitoring/stats 200","timestamp":"2026-06-22 16:47:28"}
{"level":"info","message":"GET /api/v1/monitoring/stats 200","timestamp":"2026-06-22 16:47:28"}
{"level":"info","message":"GET /api/v1/monitoring/stats 200","timestamp":"2026-06-22 16:48:28"}
{"level":"info","message":"GET /api/v1/monitoring/stats 200","timestamp":"2026-06-22 16:48:28"}
{"level":"info","message":"GET /api/v1/monitoring/stats 200","timestamp":"2026-06-22 16:49:28"}
{"level":"info","message":"GET /api/v1/monitoring/stats 200","timestamp":"2026-06-22 16:49:28"}
{"level":"info","message":"GET /api/v1/monitoring/stats 200","timestamp":"2026-06-22 16:50:28"}
{"level":"info","message":"GET /api/v1/monitoring/stats 200","timestamp":"2026-06-22 16:50:28"}
{"level":"info","message":"GET /api/v1/monitoring/stats 200","timestamp":"2026-06-22 16:51:28"}
{"level":"info","message":"GET /api/v1/monitoring/stats 200","timestamp":"2026-06-22 16:51:28"}
{"level":"info","message":"GET /api/v1/monitoring/stats 200","timestamp":"2026-06-22 16:52:28"}
{"level":"info","message":"GET /api/v1/monitoring/stats 200","timestamp":"2026-06-22 16:52:28"}
{"level":"info","message":"GET /api/v1/monitoring/stats 200","timestamp":"2026-06-22 16:53:28"}
{"level":"info","message":"GET /api/v1/monitoring/stats 200","timestamp":"2026-06-22 16:53:28"}
{"level":"info","message":"GET /api/v1/monitoring/stats 200","timestamp":"2026-06-22 16:54:28"}
{"level":"info","message":"GET /api/v1/monitoring/stats 200","timestamp":"2026-06-22 16:54:28"}
{"level":"info","message":"GET /api/v1/monitoring/stats 200","timestamp":"2026-06-22 16:55:28"}
{"level":"info","message":"GET /api/v1/monitoring/stats 200","timestamp":"2026-06-22 16:55:28"}
{"level":"info","message":"GET /api/v1/monitoring/stats 200","timestamp":"2026-06-22 16:56:28"}
{"level":"info","message":"GET /api/v1/monitoring/stats 200","timestamp":"2026-06-22 16:56:28"}
{"level":"info","message":"GET /api/v1/monitoring/stats 200","timestamp":"2026-06-22 16:57:28"}
{"level":"info","message":"GET /api/v1/monitoring/stats 200","timestamp":"2026-06-22 16:57:28"}
{"level":"info","message":"GET /api/v1/monitoring/stats 200","timestamp":"2026-06-22 16:58:28"}
{"level":"info","message":"GET /api/v1/monitoring/stats 200","timestamp":"2026-06-22 16:58:28"}
{"level":"info","message":"GET /api/v1/monitoring/stats 200","timestamp":"2026-06-22 16:59:28"}
{"level":"info","message":"GET /api/v1/monitoring/stats 200","timestamp":"2026-06-22 16:59:28"}
{"level":"info","message":"GET /api/v1/monitoring/stats 200","timestamp":"2026-06-22 17:00:28"}
{"level":"info","message":"GET /api/v1/monitoring/stats 200","timestamp":"2026-06-22 17:00:28"}
{"level":"info","message":"GET /api/v1/monitoring/stats 200","timestamp":"2026-06-22 17:01:28"}
{"level":"info","message":"GET /api/v1/monitoring/stats 200","timestamp":"2026-06-22 17:01:28"}
{"level":"info","message":"GET /api/v1/monitoring/stats 200","timestamp":"2026-06-22 17:02:28"}
{"level":"info","message":"GET /api/v1/monitoring/stats 200","timestamp":"2026-06-22 17:02:28"}
{"level":"info","message":"GET /api/v1/monitoring/stats 200","timestamp":"2026-06-22 17:03:28"}
{"level":"info","message":"GET /api/v1/monitoring/stats 200","timestamp":"2026-06-22 17:03:28"}
{"level":"info","message":"GET /api/v1/monitoring/stats 200","timestamp":"2026-06-22 17:04:28"}
{"level":"info","message":"GET /api/v1/monitoring/stats 200","timestamp":"2026-06-22 17:04:28"}
{"level":"info","message":"GET /api/v1/monitoring/stats 200","timestamp":"2026-06-22 17:05:28"}
{"level":"info","message":"GET /api/v1/monitoring/stats 200","timestamp":"2026-06-22 17:05:28"}
{"level":"info","message":"GET /api/v1/monitoring/stats 200","timestamp":"2026-06-22 17:06:28"}
{"level":"info","message":"GET /api/v1/monitoring/stats 200","timestamp":"2026-06-22 17:06:28"}
{"level":"info","message":"GET /api/v1/monitoring/stats 200","timestamp":"2026-06-22 17:07:28"}
{"level":"info","message":"GET /api/v1/monitoring/stats 200","timestamp":"2026-06-22 17:07:28"}
{"level":"info","message":"GET /api/v1/monitoring/stats 200","timestamp":"2026-06-22 17:08:28"}
{"level":"info","message":"GET /api/v1/monitoring/stats 200","timestamp":"2026-06-22 17:08:28"}
{"level":"info","message":"GET /api/v1/monitoring/stats 200","timestamp":"2026-06-22 17:09:28"}
{"level":"info","message":"GET /api/v1/monitoring/stats 200","timestamp":"2026-06-22 17:09:28"}
{"level":"info","message":"GET /api/v1/monitoring/stats 200","timestamp":"2026-06-22 17:10:28"}
{"level":"info","message":"GET /api/v1/monitoring/stats 200","timestamp":"2026-06-22 17:10:28"}
{"level":"info","message":"GET /api/v1/monitoring/stats 200","timestamp":"2026-06-22 17:11:28"}
{"level":"info","message":"GET /api/v1/monitoring/stats 200","timestamp":"2026-06-22 17:11:28"}
{"level":"info","message":"GET /api/v1/monitoring/stats 200","timestamp":"2026-06-22 17:12:28"}
{"level":"info","message":"GET /api/v1/monitoring/stats 200","timestamp":"2026-06-22 17:12:28"}
{"level":"info","message":"GET /api/v1/monitoring/stats 200","timestamp":"2026-06-22 17:13:28"}
{"level":"info","message":"GET /api/v1/monitoring/stats 200","timestamp":"2026-06-22 17:13:28"}
{"level":"info","message":"GET /api/v1/monitoring/stats 200","timestamp":"2026-06-22 17:14:28"}
{"level":"info","message":"GET /api/v1/monitoring/stats 200","timestamp":"2026-06-22 17:14:28"}
{"level":"info","message":"GET /api/v1/monitoring/stats 200","timestamp":"2026-06-22 17:15:28"}
{"level":"info","message":"GET /api/v1/monitoring/stats 200","timestamp":"2026-06-22 17:15:28"}
{"level":"info","message":"GET /api/v1/monitoring/stats 200","timestamp":"2026-06-22 17:16:28"}
{"level":"info","message":"GET /api/v1/monitoring/stats 200","timestamp":"2026-06-22 17:16:28"}
